티커	종목명	CIK	유니버스	종합판정	종합판정사유	현재가	EPS(FY)	EPS기준연도	배당수익률(%)	현금및현금성자산	유가증권성자산	현금성자산합계	장기부채	단기위험부채	주주지분	총부채	주주지분비중	부채비중	주주대부채배수	주당순현금(린치식)	주당순현금(보수형)	순현금차감PER(린치식)	순현금차감PER(보수형)	연간이익증가율(1년,%)	연간이익증가율(3년CAGR,%)	연간이익증가율(5년CAGR,%)	그레이엄적정PER(1년)	그레이엄적정PER(3년)	그레이엄적정PER(5년)	그레이엄내재가치(1년)	그레이엄내재가치(3년)	그레이엄내재가치(5년)	그레이엄괴리율(1년,%)	그레이엄괴리율(3년,%)	그레이엄괴리율(5년,%)	그레이엄사용기준	그레이엄적정PER(선택)	그레이엄내재가치(선택)	그레이엄괴리율(선택,%)	배당감안점수(1년)	배당감안점수(3년)	배당감안점수(5년)	주당잉여현금흐름	잉여현금흐름수익률(%)	배당감안점수기준	배당감안점수	배당감안점수판정	사용연성장률기준	사용연성장률(%)	린치PER배수	린치PER판정	하드필터통과	하드필터사유	발행주식수	비고
NFG	NATIONAL FUEL GAS CO	0000070145	Dividend Kings	제외	PEG=매우 유망, PEGY=안심	83.57499694824219	5.68	2025	2.58	43166000.0		43166000.0	2382861000.0	150200000.0	-15476000.0					-25.646824613896737	-27.2932584683125	19.229193936996293	19.519059052210334	576.1904761904761	-2.6152231791133684		1160.8809523809523	3.269553641773263		6593.803809523809	18.571064685272134		7789.684774511373	-77.77916199413905		1년	1160.8809523809523	6593.803809523809	7789.684774511373	30.098530291326572	-0.0018317553626416034		2.0520792020622998	2.455374546209254	1년	30.098530291326572	안심	1년	576.1904761904761	0.0333729812129687	매우 유망	N	주당순현금<=0	91227473.0	단기위험부채 존재
SON	SONOCO PRODUCTS CO	0000091767	Dividend Kings	제외	PEG=매우 유망, PEGY=안심	49.529998779296875	10.07	2025	4.25	378398000.0		378398000.0	3788973000.0	195445000.0	3613881000.0	7530502000.0	32.427824851317474	67.57217514868252	0.4798990824250495	-34.2526940575067	-36.21556477287564	8.320029080119522	8.514951693363706	2388.6363636363635	28.73475889632797	37.484937919684214	4785.772727272727	65.96951779265595	83.46987583936843	48192.73136363636	664.3130441720455	840.54164970244	97200.08591032012	1241.2337180386178	1597.0354742947811	3년	65.96951779265595	664.3130441720455	1241.2337180386178	287.6055288501454	3.9645004336756635	5.016200967302949	3.472486969097428	7.010876347020825	3년	3.964500433675663	안심	3년	28.73475889632797	0.2895458114034408	매우 유망	N	주당순현금<=0	99571000.0	단기위험부채 존재
NDSN	NORDSON CORP	0000072331	Dividend Kings	제외	PEG=매우 유망, PEGY=불리(<1)	280.7200012207031	8.51	2025	1.16	108442000.0	279000.0	108721000.0	1681254000.0	315000000.0	3043571000.0					-27.6290146883126	-33.16348654157003	36.23372689882677	36.884076117775926	4.9321824907521625	-1.1482071165261345	93.96062427456746	18.364364981504323	6.2035857669477315	196.42124854913493	156.2807459926018	52.79251487672519	1671.5448251531382	-44.32860312303387	-81.19388905416129	495.44913717742656	5년	196.42124854913493	1671.5448251531382	495.44913717742656	0.16813568495901604	0.0003254670298419535	2.625195706203974	11.615626537353293	4.137797979069202	3년	0.0003254670298419	불리(<1)	5년	93.96062427456746	0.3856267152179217	매우 유망	N	주당순현금<=0	56916000.0	단기위험부채 존재
SYY	SYSCO CORP	0000096021	Dividend Kings	제외	PEG=매우 유망, PEGY=안심	73.75	3.73	2025	2.97	1071000000.0	15000000.0	1086000000.0	10588184000.0	8782000.0	1830000000.0					-19.39911484586042	-19.417043674283057	24.972953041785637	24.977759698199215	-4.113110539845763	55.60535751644491		0.27377892030847484	119.71071503288982		1.0211953727506111	446.520967072679		-98.61532830813476	505.4521587426156		3년	119.71071503288982	446.520967072679	505.4521587426156	-0.04577394343124215	2.3455519024295817				3년	2.3455519024295817	안심	3년	55.60535751644491	0.4491105561977558	매우 유망	N	주당순현금<=0 | FCF<=0	489825648.0	단기위험부채 존재
BDX	BECTON DICKINSON & CO	0000010795	Dividend Kings	제외	PEG=매우 유망, PEGY=불리(<1)	149.6300048828125	5.82	2025	2.81	641000000.0		641000000.0	17621000000.0	752000000.0	25390000000.0					-58.854316503124686	-61.460820979588156	35.82204834809917	36.269901350927945	-0.6825938566552906	-0.3412995832631105	74.47134006583379	7.134812286689419	7.817400833473779	157.44268013166757	41.52460750853242	45.497272850817396	916.3163983663053	-72.24847547050892	-69.59348301401846	512.3881363794297	5년	157.44268013166757	916.3163983663053	512.3881363794297	0.0593881768756419	0.06891566871741678	2.157367979487264	13.472716622358401	9.00402070621463	3년	0.0689156687174167	불리(<1)	5년	74.47134006583379	0.4810179099292687	매우 유망	N	주당순현금<=0	288509000.0	단기위험부채 존재
CINF	CINCINNATI FINANCIAL CORP	0000020286	Dividend Kings	양호	PEG=헐값, PEGY=안심	160.4499969482422	15.17	2025	2.19	1139000000.0	148000000.0	1287000000.0	790000000.0		15911000000.0	25091000000.0	38.80542412565241	61.19457587434759	0.6341317603921724	3.1515535827520607	3.1515535827520607	10.36904702475215	10.36904702475215	4.404679972470754		18.581314428449215	17.30935994494151		45.66262885689843	262.5829903647627		692.7020797591491	63.65409495736323		331.72458269513106	5년	45.66262885689843	692.7020797591491	331.72458269513106	0.6359967272526074		2.0032038025158543	19.60684844641725	12.219912009560217	5년	2.0032038025158543	안심	5년	18.581314428449215	0.5580362500554028	헐값	Y		157700000.0	
KVUE	Kenvue Inc.	0001944048	Dividend Kings	제외	PEG=헐값, PEGY=양호	17.184999465942383	0.76	2025	4.76	1062000000.0		1062000000.0	7687000000.0	700000000.0	10765000000.0	16311000000.0	39.75845767469345	60.24154232530654	0.6599840598369199	-3.4433471933471935	-3.807172557172557	27.142561393802072	27.621278977782815	40.74074074074073			89.98148148148147			68.38592592592592			297.93964533693867			1년	89.98148148148147	68.38592592592592	297.93964533693867	1.6763613455851185			0.895010395010395	5.208090909657267	1년	1.6763613455851183	양호	1년	40.74074074074073	0.6662265069387783	헐값	N	주당순현금<=0	1924000000.0	단기위험부채 존재
FMCB	FARMERS & MERCHANTS BANCORP	0001085913	Dividend Kings	양호	PEG=헐값, PEGY=양호	1315.0	133.96	2025	1.86	144864000.0		144864000.0			645514000.0	5044596000.0	11.344490704046144	88.65550929595386	0.12796148591482845	207.313443088407	207.313443088407	8.268785883185974	8.268785883185974	10.692447529334006	11.534087946696769		29.88489505866801	31.568175893393537		4003.380542059167	4228.8728426789985		204.43958494746516	221.58728841665388		3년	31.568175893393537	4228.8728426789985	221.58728841665388	1.5180520703599996	1.6198373178259162		138.26620566482723	10.514540354739713	3년	1.6198373178259162	양호	3년	11.534087946696769	0.716899846905889	헐값	Y		698768.0	
MSEX	MIDDLESEX WATER CO	0000066004	Dividend Kings	제외	PEG=헐값, PEGY=불리(<1)	50.029998779296875	2.36	2025	2.79	2800000.0	200000.0	3000000.0	378874000.0	42800000.0	494031000.0					-20.72415504217897	-23.08397199095771	29.980573653167735	30.980496089090927	381.6326530612245	-0.4201730228791778	38.090190585589355	771.765306122449	7.659653954241644	84.68038117117871	1821.3661224489797	18.07678333201028	199.84569956398175	3540.5480049755406	-63.86811158690111	299.4517378375007	5년	84.68038117117871	199.84569956398175	299.4517378375007	12.82239150953026	0.07904541802756423	1.3635559832348294	-0.6630644538788113	-1.3253337398704812	3년	0.0790454180275642	불리(<1)	5년	38.090190585589355	0.7870943461362011	헐값	N	주당순현금<=0 | FCF<=0	18137000.0	단기위험부채 존재
PH	Parker-Hannifin Corp	0000076334	Dividend Kings	제외	PEG=헐값, PEGY=안심	875.8800048828125	27.12	2025	91.0	467000000.0	8390000.0	475390000.0	8796284000.0	1800000000.0	13682000000.0	15803000000.0	46.40325589282686	53.596744107173144	0.8657849775359109	-63.90855606758833	-77.73344086021505	34.6529705365192	35.162737674890394	24.175824175824182	39.03778474522208	64.23010312898325	56.851648351648365	86.57556949044417	136.9602062579665	1541.8167032967037	2347.929444580846	3714.3607937160514	76.03058577675712	168.06519517419338	324.07187891142814	3년	86.57556949044417	2347.929444580846	168.06519517419338	3.3236926702848053	3.7525725134640666	4.479561224495697	25.6605222734255	2.9296846748840584	3년	3.7525725134640666	안심	3년	39.03778474522208	0.8876776887489869	헐값	N	주당순현금<=0	130200000.0	단기위험부채 존재
ABM	ABM INDUSTRIES INC /DE/	0000771497	Dividend Kings	제외	PEG=헐값, PEGY=보통	40.44499969482422	2.59	2025	2.83	104100000.0		104100000.0	1537100000.0	181500000.0	1785600000.0	3483800000.0	33.886210953808785	66.11378904619121	0.5125437740398415	-22.8548644338118	-25.749601275917065	24.440101980168347	25.5577609925642	102.34374999999997	-8.760731433728408	27.127946616389064	213.18749999999994	-9.021462867456815	62.75589323277813	552.1556249999999	-23.36558882671315	162.53776347289534	1265.2012094604113	-157.7712671603834	301.87356830094234	5년	62.75589323277813	162.53776347289534	301.87356830094234	4.3033269699669034	-0.24266393972254433	1.2257701150632725	2.473684210526316	6.116168201734157	5년	1.2257701150632725	보통	5년	27.127946616389064	0.9009197166955172	헐값	N	주당순현금<=0	62700000.0	단기위험부채 존재
PPG	PPG INDUSTRIES INC	0000079879	Dividend Kings	제외	PEG=보통, PEGY=보통	105.875	6.94	2025	2.64	2163000000.0	56000000.0	2219000000.0	6602000000.0	4000000.0	7941000000.0	14001000000.0	36.19086683073557	63.80913316926442	0.567173773301907	-19.299867899603697	-19.31748128577719	18.036724481210907	18.039262433109105	46.10526315789475	17.118429805639778	43.51289451505902	100.7105263157895	42.736859611279556	95.52578903011803	698.9310526315792	296.5938057022801	662.9489758690191	560.1473932765801	180.13582592895406	526.1619606791209	3년	42.736859611279556	296.5938057022801	180.13582592895406	2.702556287793459	1.0954555427301889	2.5588290469889414	5.121092029942757	4.836922814585839	3년	1.0954555427301889	보통	3년	17.118429805639778	1.0536436277157026	보통	N	주당순현금<=0	227100000.0	단기위험부채 존재
SWK	STANLEY BLACK & DECKER, INC.	0000093556	Dividend Kings	제외	PEG=보통, PEGY=불리(<1)	77.78150177001953	2.65	2025	4.23	280100000.0		280100000.0	4703300000.0	605600000.0	9054600000.0					-29.12337534073401	-33.110786288995115	40.34146306066172	41.84614643736402	35.8974358974359		-1.0951545801409002	80.2948717948718		6.3096908397182	212.78141025641025		16.720680725253228	173.56300073191147		-78.50301119835395	1년	80.2948717948718	212.78141025641025	173.56300073191147	0.994694610780378		0.07770777711123697	4.5292932485284245	5.823098224460121	5년	0.0777077771112369	불리(<1)	1년	35.8974358974359	1.123797899547005	보통	N	주당순현금<=0	151878000.0	단기위험부채 존재
FUL	FULLER H B CO	0000039368	Dividend Kings	제외	PEG=보통, PEGY=불리(<1)	59.404998779296875	2.75	2025	1.63	107213000.0		107213000.0	2016937000.0	0.0	2003218000.0	3179512000.0	38.65179162333365	61.34820837666635	0.6300394525952411	-34.49957546743745	-34.49957546743745	34.14711790790339	34.14711790790339	19.56521739130436	-5.513078815762373	28.993668421168948	47.63043478260872	-2.5261576315247467	66.4873368423379	130.98369565217396	-6.946933486693053	182.84017631642922	120.49271667996875	-111.694190100908	207.78584306637592	5년	66.4873368423379	182.84017631642922	207.78584306637592	0.6207029667472668	-0.11371615098630711	0.8968156113134532	2.189829283714208	3.6862710692915317	5년	0.8968156113134532	불리(<1)	5년	28.993668421168948	1.1777439616082452	보통	N	주당순현금<=0	55355000.0	
JNJ	JOHNSON & JOHNSON	0000200406	Dividend Kings	제외	PEG=보통, PEGY=불리(<1)	225.99000549316406	11.03	2025	2.36	19709000000.0	393000000.0	20102000000.0	39438000000.0	8495000000.0	81544000000.0	117666000000.0	40.933688067868076	59.066311932131924	0.693012424999575	-7.959166872478801	-11.455915040750803	21.210260413929543	21.527282006701256	90.50086355785837	17.90172233284293	14.890675456717407	189.50172711571673	44.30344466568586	38.281350913434814	2090.2040500863554	488.666994662515	422.24330057518597	824.9099514489732	116.2338965372062	86.84158162382023	3년	44.30344466568586	488.666994662515	116.23389653720619	4.378110487359848	0.9552792816978487	0.8133174756019622	8.108174857989628	3.5878466573314416	3년	0.9552792816978488	불리(<1)	3년	17.90172233284293	1.1848167466555266	보통	N	주당순현금<=0	2429400000.0	단기위험부채 존재
ABBV	AbbVie Inc.	0001551152	Dividend Kings	제외	PEG=보통, PEGY=불리(<1)	206.10000610351562	1.02	2025	3.35	5229000000.0	28000000.0	5257000000.0	64503000000.0	2499000000.0	-3270000000.0					-33.41567963902989	-34.82515510434292	234.81929974759365	236.201138439077	5200.0	-9.58502599188228	152.18545481323272	10408.5	-10.670051983764559	312.87090962646545	10616.67	-10.88345302343985	319.12832781899476	5051.2225548735205	-105.28066603645492	54.84149362844251	5년	312.87090962646545	319.12832781899476	54.84149362844251	22.15895373844084	-0.02655244265945893	0.6623623142578876	10.048505358150027	4.875548306923908	5년	0.6623623142578876	불리(<1)	5년	152.18545481323272	1.5429812266604062	보통	N	주당순현금<=0	1773000000.0	단기위험부채 존재
TGT	TARGET CORP	0000027419	Dividend Kings	제외	PEG=보통, PEGY=불리(<1)	129.02000427246094	8.13	2025	3.54	5488000000.0	4611000000.0	10099000000.0	14654000000.0	970000000.0	16165000000.0					-9.997805092186129	-12.126865671641792	17.09936154546704	17.36123861551079	-8.23927765237019	10.780448872111425	-1.2094597080639313	-7.978555304740379	30.06089774422285	6.081080583872137	-64.86565462753929	244.3950986605318	49.43918514688048	-150.27565685903852	89.42419048787573	-61.68099247425527	3년	30.06089774422285	244.3950986605318	89.42419048787573	-0.27482181950915857	0.8374844191716448	0.13629399470495926	6.222563652326603	4.822944850618638	3년	0.8374844191716448	불리(<1)	3년	10.780448872111425	1.5861456000874306	보통	N	주당순현금<=0	455600000.0	단기위험부채 존재
RPM	RPM INTERNATIONAL INC/DE/	0000110621	Dividend Kings	제외	PEG=보통, PEGY=불리(<1)	100.0199966430664	5.35	2025	2.13	302137000.0	5100000.0	307237000.0	1373697000.0	7691000.0	2885356000.0					-8.318461202458582	-8.378451530373468	20.250179036546726	20.26139218195138	17.324561403508774	12.177267610321296	44.81545035391572	43.14912280701755	32.85453522064259	98.13090070783144	230.84780701754386	175.77176343043783	525.0003187868982	130.80165443451523	75.73662200539846	424.89535733581965	3년	32.85453522064259	175.77176343043783	75.73662200539846	0.9607105877137159	0.7065254872315007	2.3182733480622777			3년	0.7065254872315007	불리(<1)	3년	12.177267610321296	1.6629493318667756	보통	N	주당순현금<=0 | FCF<=0	128204000.0	단기위험부채 존재
AWR	AMERICAN STATES WATER CO	0001056903	Dividend Kings	제외	PEG=보통, PEGY=불리(<1)	74.93000030517578	3.37	2025	2.68	18824000.0		18824000.0	782700000.0	344000.0	1045581000.0					-19.752178522483387	-19.761073617252347	28.095602026011623	28.098241520008347	6.309148264984232	16.89137891978043	44.227218572946114	21.118296529968465	42.28275783956086	96.95443714589223	71.16865930599373	142.4928939193201	326.7364531816568	-5.019806464517307	90.16801459892348	336.05558768306526	3년	42.28275783956086	142.4928939193201	90.16801459892349	0.31994859041147616	0.6965993788515636	1.6695573395977854	-0.1833837561089132	-0.2447400979074145	3년	0.6965993788515636	불리(<1)	3년	16.89137891978043	1.6633101512577302	보통	N	주당순현금<=0 | FCF<=0	38673000.0	단기위험부채 존재
ADP	AUTOMATIC DATA PROCESSING INC	0000008670	Dividend Kings	제외	PEG=보통, PEGY=불리(<1)	214.97999572753906	9.98	2025	3.17	3347800000.0	2032200000.0	5380000000.0	3974700000.0	0.0	6188000000.0	47181300000.0	11.594680837110474	88.40531916288953	0.13115365621549216	3.4384634206019085	3.4384634206019085	21.196546323340396	21.196546323340396	9.670329670329679	12.54965474117824	11.853901524507116	27.840659340659357	33.59930948235648	32.20780304901423	277.84978021978037	335.3211086339177	321.433874429162	29.244481226951514	55.9778190054931	49.51803926749552	3년	33.59930948235648	335.3211086339177	55.9778190054931	0.6057746141497901	0.7416139639630196	0.708790068689807			3년	0.7416139639630196	불리(<1)	3년	12.54965474117824	1.6890143004324858	보통	N	FCF<=0	408700000.0	
HRL	HORMEL FOODS CORP /DE/	0000048465	Dividend Kings	제외	PEG=보통, PEGY=불리(<1)	21.21500015258789	0.87	2025	5.49	670679000.0	32909000.0	703588000.0	2850778000.0	185000000.0	7901171000.0					-3.900464308550834	-4.236524879381503	28.86834995533187	29.254626473528038	-40.816326530612244	-21.81034655991424	15.135740743060389	-73.13265306122449	-35.12069311982848	38.77148148612078	-63.625408163265305	-30.55500301425078	33.731188892925076	-399.9076488599696	-244.02546686064275	58.99688263169966	5년	38.77148148612078	33.731188892925076	58.99688263169966	-1.223704388552613	-0.5653370069701521	0.7144759147985491	0.970668270069174	4.575386580663154	5년	0.7144759147985491	불리(<1)	5년	15.135740743060389	1.907296804655416	보통	N	주당순현금<=0	550496000.0	단기위험부채 존재
NUE	NUCOR CORP	0000073309	Dividend Kings	제외	PEG=보통, PEGY=안심	224.14999389648438	7.52	2025	99.0	2260000000.0	439000000.0	2699000000.0	4233276000.0	122000000.0	20936000000.0	12980000000.0	61.7289774737587	38.271022526241296	1.6129429892141756	-6.641887445887446	-7.170025974025974	30.69040975297498	30.760640940227443	516.3934426229508	15.425826725292405	42.054467881799674	1041.2868852459017	39.351653450584806	92.60893576359935	7830.47737704918	295.92443394839773	696.419196942267	3393.409587450359	32.020719164087865	210.6933820680286	3년	39.351653450584806	295.92443394839773	32.020719164087865	20.051652864077436	3.7283903227848083	4.5960438135931545	-0.8138528138528138	-0.3630840223126049	3년	3.728390322784808	안심	3년	15.425826725292403	1.989547160065953	보통	N	주당순현금<=0 | FCF<=0	231000000.0	단기위험부채 존재
PNR	PENTAIR plc	0000077360	Dividend Kings	제외	PEG=불리, PEGY=불리(<1)	78.55000305175781	3.96	2025	1.31	82500000.0		82500000.0	1638600000.0	3694000.0	4663800000.0	2999600000.0	60.85810475767936	39.14189524232064	1.5548073076410187	-9.402416918429003	-9.424737160120847	22.210207063178487	22.215843487848144	5.882352941176464	10.942784716109877	45.36942418564116	20.264705882352928	30.385569432219754	99.23884837128232	80.24823529411759	120.32685495159022	392.98583955027794	2.161976036131774	53.18504172724856	400.30022187438175	3년	30.385569432219754	120.32685495159022	53.18504172724856	0.32383097198136485	0.5516735922927677	2.1017104456909506	4.507552870090635	5.738450280034411	3년	0.5516735922927677	불리(<1)	3년	10.942784716109877	2.0296668205928245	불리	N	주당순현금<=0	165500000.0	단기위험부채 존재
MO	ALTRIA GROUP, INC.	0000764180	Dividend Kings	제외	PEG=불리, PEGY=불리(<1)	73.93499755859375	4.12	2025	5.69	4474000000.0		4474000000.0	24140000000.0	0.0	-3502000000.0	38469000000.0	-10.015157148168273	110.01515714816827	-0.0910343393381684	-11.68508615567439	-11.68508615567439	20.781573717055373	20.781573717055373	-37.00305810397553	8.90191356086536	11.413340246469872	-65.50611620795107	26.30382712173072	31.326680492939744	-269.8851987767584	108.37176774153056	129.06592363091175	-465.03037490854507	46.577089768137945	74.56675173164989	3년	26.30382712173072	108.37176774153056	46.577089768137945	-1.5067703019178476	0.7021563313508747	0.8230050562741172	5.3915626856803325	7.292301161445904	3년	0.7021563313508747	불리(<1)	3년	8.90191356086536	2.3345063479851613	불리	N	주당순현금<=0	1683000000.0	
KO	COCA COLA CO	0000021344	Dividend Kings	제외	PEG=불리, PEGY=불리(<1)	78.13500213623047	3.04	2025	2.7	10270000000.0	2348000000.0	12618000000.0	35547000000.0	2373000000.0	32169000000.0					-5.316253188036169	-5.866450266635752	27.45107083035087	27.63205671146915	23.577235772357728	11.551776147388226	11.17422496891589	55.654471544715456	31.603552294776453	30.84844993783178	169.189593495935	96.07479897612042	93.77928781100861	116.53495727938727	22.960000447189376	20.022122284583688	3년	31.603552294776453	96.07479897612042	22.960000447189376	0.9572390066220912	0.5191701349453721	0.5054165301841725	1.2279156039879435	1.5715307741939262	3년	0.5191701349453721	불리(<1)	3년	11.551776147388226	2.3763506563929875	불리	N	주당순현금<=0	4313000000.0	단기위험부채 존재
SPGI	S&P Global Inc.	0000064040	Dividend Kings	제외	PEG=불리, PEGY=안심	425.5199890136719	14.66	2025	91.0	1745000000.0	56000000.0	1801000000.0	12370000000.0	400000000.0	31127000000.0	25048000000.0	55.41076991544281	44.58923008455719	1.2426940274672629	-34.64110127826942	-35.95214683710259	31.38888746875452	31.4783175887295		12.852521260492766	50.79787589706457		34.20504252098553	110.09575179412914		501.44592335764787	1614.0037213019332		17.843094638154945	279.3015047408444	3년	34.20504252098553	501.44592335764787	17.843094638154945		3.3085760482550017	4.5174546577419985	18.297194362504097	4.299961185117489	3년	3.3085760482550017	안심	3년	12.852521260492766	2.4422357942515527	불리	N	주당순현금<=0	305100000.0	단기위험부채 존재
RLI	RLI CORP	0000084246	Dividend Kings	보류	PEG=불리, PEGY=불리(<1)	51.08000183105469	4.37	2025	1.24	88804000.0	11550000.0	100354000.0	100000000.0	100000000.0	1778196000.0	4383290000.0	28.859856210011674	71.14014378998831	0.4056761017409298	0.003831542033314933	-1.0785249645528243	11.687910821286355	11.935589655745426	16.844919786096252	-29.999038875209266	4.780645029299024	42.189839572192504	-51.498077750418524	18.061290058598047	184.36959893048126	-225.04659976932896	78.92783755607347	260.94281973653256	-540.576726120063	54.51807894824381	5년	18.061290058598047	78.92783755607347	54.51807894824381	1.5473184269304554	-2.460579937248707	0.5151172969538794	6.5882824084596985	12.897968230796488	5년	0.5151172969538794	불리(<1)	5년	4.780645029299024	2.444839712979093	불리	Y		92391000.0	단기위험부채 존재
FRT	FEDERAL REALTY INVESTMENT TRUST	0000034903	Dividend Kings	제외	PEG=불리, PEGY=불리(<1)	115.09500122070312	4.68	2024	3.89	107415000.0		107415000.0	4963602000.0		3248731000.0	5629819000.0	36.59078340494788	63.40921659505212	0.5770578059436724	-56.20261558937562	-56.20261558937562	36.602054873948454	36.602054873948454	67.14285714285715	12.808740658788563	19.50578386760935	142.7857142857143	34.11748131757713	47.5115677352187	668.2371428571429	159.66981256626096	222.3541370008235	480.59614733028155	38.728711823098514	93.19182817891725	3년	34.11748131757713	159.66981256626096	38.728711823098514	1.9406794888287775	0.45622413048383004	0.6391931804971234			3년	0.45622413048383	불리(<1)	3년	12.808740658788565	2.857584195744832	불리	N	주당순현금<=0 | FCF<=0	86405000.0	
ABT	ABBOTT LABORATORIES	0000001800	Dividend Kings	제외	PEG=불리, PEGY=불리(<1)	89.13999938964844	3.72	2025	2.82	8522000000.0	417000000.0	8939000000.0	9896000000.0	0.0	52130000000.0					-0.5474828375286042	-0.5474828375286042	24.109538233112108	24.109538233112108	-51.30890052356021	-1.6467472577444189	8.273103706617114	-94.11780104712042	5.206505484511163	25.046207413234228	-350.118219895288	19.368200402381525	93.17189157723134	-492.77341518127287	-78.27215555867426	4.523100981814809	5년	25.046207413234228	93.17189157723134	4.523100981814809	-2.0111915895993984	0.048663426520721684	0.46011265746192576	4.230549199084668	4.745960543024133	3년	0.0486634265207216	불리(<1)	5년	8.273103706617114	2.914207181257557	불리	N	주당순현금<=0	1748000000.0	
ADM	Archer-Daniels-Midland Co	0000007084	Dividend Kings	제외	PEG=불리, PEGY=불리(<1)	74.8499984741211	2.23	2025	2.78	1015000000.0	433000000.0	1448000000.0	6606000000.0	798000000.0	22740000000.0					-10.65702479338843	-12.305785123966942	38.34395662220158	39.083311030532755	-38.9041095890411	-33.86721254408997	12.82075623743526	-69.3082191780822	-59.23442508817995	34.141512474870524	-154.5573287671233	-132.0927679466413	76.13557281896126	-306.4894214000024	-276.4766474809101	1.7175342298565877	5년	34.141512474870524	76.13557281896126	1.7175342298565877	-0.9421069908086854	-0.8107460805463703	0.40686349588665677	8.685950413223141	11.604476406537607	5년	0.4068634958866567	불리(<1)	5년	12.82075623743526	2.9907718321826646	불리	N	주당순현금<=0	484000000.0	단기위험부채 존재
WMT	Walmart Inc.	0000104169	Dividend Kings	제외	PEG=불리, PEGY=보통	130.13999938964844	2.73	2026	75.0	10727000000.0		10727000000.0	34624000000.0	6596000000.0	99617000000.0					-2.9789329344303166	-3.801171777611568	48.761513671823714	49.0627000612674	13.278008298755179	-13.852054624316834	-10.485413986679248	35.05601659751036	-19.204109248633667	-12.470827973358496	95.70292531120327	-52.42721824876991	-34.04536036726869	-26.461560042995014	-140.28524550073115	-126.1605659497004	1년	35.05601659751036	95.70292531120327	-26.461560042995014	1.810403362227158	1.2540206562745981	1.3230636449786786	1.8602592869608576	1.42942930358491	3년	1.254020656274598	보통	1년	13.278008298755179	3.672351498409226	불리	N	주당순현금<=0	8022000000.0	단기위험부채 존재
TR	TOOTSIE ROLL INDUSTRIES INC	0000098677	Dividend Kings	보류	PEG=불리, PEGY=안심	42.185001373291016	1.37	2025	85.0	127165000.0	49468000.0	176633000.0			940972000.0					2.4227830738632465	2.4227830738632465	29.023517006881583	29.023517006881583	12.295081967213125	7.591004112838329	42.88891753904864	33.09016393442625	23.682008225676658	94.27783507809728	45.33352459016397	32.44435126917703	129.16063405699327	7.463608188635518	-23.09031595831873	206.17667382315165	3년	23.682008225676658	32.44435126917703	-23.09031595831873	3.3522843542408762	3.1902062072933703	4.406389394804417	1.321596598312873	3.132858967143777	3년	3.1902062072933703	안심	3년	7.591004112838329	3.82340946934746	불리	Y		72905000.0	
MGEE	MGE ENERGY INC	0001161728	Dividend Kings	제외	PEG=불리, PEGY=불리(<1)	80.4000015258789	3.72	2025	2.33	5666000.0		5666000.0	792205000.0	94527000.0	1303936000.0					-21.50717781849006	-24.09193076481365	27.39440304956155	28.089229110401224	11.711711711711716	6.610878354988725		31.923423423423433	21.72175670997745		118.75513513513518	80.80493496111612		47.70538915588283	0.5036485417315273		3년	21.72175670997745	80.80493496111612	0.5036485417315273	0.5125759333506067	0.32637609729305		-2.1871428180798995	-2.720326836531102	3년	0.32637609729305	불리(<1)	3년	6.610878354988725	4.143837108859988	불리	N	주당순현금<=0 | FCF<=0	36571000.0	단기위험부채 존재
MSA	MSA Safety Inc	0000066570	Dividend Kings	제외	PEG=불리, PEGY=불리(<1)	165.22999572753906	2.21	2025	1.28	165067000.0		165067000.0	572709000.0	100000.0	834388000.0	1187362000.0	41.27058241622357	58.72941758377643	0.7027241902637948	-10.36044324708992	-10.3629848015046	79.45268731883665	79.45383734345867	-0.45045045045046084	19.043857872204704		7.599099099099078	46.58771574440941		16.794009009008963	102.9588517951448		-89.83598048583022	-37.68755404138491		3년	46.58771574440941	102.9588517951448	-37.68755404138491	0.010440799141514618	0.2557982436849096		7.508488791745031	4.544264955454201	3년	0.2557982436849096	불리(<1)	3년	19.043857872204704	4.172089912244154	불리	N	주당순현금<=0	39346000.0	단기위험부채 존재
CWT	CALIFORNIA WATER SERVICE GROUP	0001035201	Dividend Kings	제외	PEG=불리, PEGY=불리(<1)	42.185001373291016	2.15	2025	3.0	51820000.0		51820000.0	1471968000.0	130000000.0	921344000.0					-23.814800529907938	-25.994801536062248	30.697582280557654	31.7115362369085	-33.84615384615385	6.6977016567820735	1.7640650140545722	-59.19230769230769	21.895403313564145	12.028130028109144	-127.26346153846154	47.07511712416291	25.86047956043466	-401.67940593937504	11.59207204380468	-38.69745473847976	3년	21.895403313564145	47.07511712416291	11.59207204380468	-1.0048398458301484	0.31591092640947566	0.15519349278108777			3년	0.3159109264094756	불리(<1)	3년	6.6977016567820735	4.583300937191398	불리	N	주당순현금<=0 | FCF<=0	59633000.0	단기위험부채 존재
ED	CONSOLIDATED EDISON INC	0001047862	Dividend Kings	제외	PEG=불리, PEGY=불리(<1)	109.97000122070312	5.64	2025	3.15	1629000000.0		1629000000.0	25551000000.0	400000000.0	24190000000.0					-66.69082798996376	-67.80596598829105	31.322842058628883	31.520561561878402	7.633587786259531	6.569042175811535	11.45025129540247	23.76717557251906	21.63808435162307	31.40050259080494	134.0468702290075	122.03879574315411	177.09883461213985	21.894033591928007	10.974624341623528	61.042859549226726	3년	21.63808435162307	122.03879574315411	10.974624341623528	0.34427232899477095	0.31028608954512515	0.4661215373775561	0.9339280735991079	0.8492571276095295	3년	0.3102860895451251	불리(<1)	3년	6.569042175811535	4.7682510205164395	불리	N	주당순현금<=0	358700000.0	단기위험부채 존재
LOW	LOWES COMPANIES INC	0000060667	Dividend Kings	제외	PEG=불리, PEGY=불리(<1)	230.19500732421875	11.85	2025	2.06	982000000.0	370000000.0	1352000000.0	39819000000.0	0.0	-9917000000.0	64061000000.0	-18.31597222222222	118.31597222222223	-0.15480557593543653	-68.69107142857143	-68.69107142857143	25.222453903189045	25.222453903189045	-3.1071136549468585	5.228278564465261	8.863759852581033	2.285772690106283	18.95655712893052	26.227519705162067	27.086406377759452	224.63520197782665	310.79610850617047	-88.23327808339062	-2.415258875950066	35.014269909176996	3년	18.95655712893052	224.63520197782665	-2.415258875950066	-0.041515138018131725	0.2889599319891612	0.43309663264762155	13.6625	5.935185197460437	3년	0.2889599319891612	불리(<1)	3년	5.228278564465261	4.824236809916182	불리	N	주당순현금<=0	560000000.0	
CL	COLGATE PALMOLIVE CO	0000021665	Dividend Kings	제외	PEG=불리, PEGY=불리(<1)	86.30999755859375	2.63	2025	2.43	1288000000.0	107000000.0	1395000000.0	6871000000.0	1115000000.0	54000000.0	15965000000.0	0.33709969411324053	99.66290030588677	0.0033823989978077045	-6.751325360621379	-8.126001726051042	35.384533429359365	35.90722406260259	-25.07122507122507	7.281634513092983	28.522420757238454	-41.64245014245014	23.063269026185964	65.5448415144769	-109.51964387464386	60.65639753886908	172.38293318307424	-226.89102881771447	-29.72262860082816	99.72533664602143	3년	23.063269026185964	60.65639753886908	-29.72262860082816	-0.6398621905365897	0.27445987192344934	0.87474435176688	4.3175933916902975	5.002425575043249	3년	0.2744598719234493	불리(<1)	3년	7.281634513092983	4.859421791321034	불리	N	주당순현금<=0	811100000.0	단기위험부채 존재
UBSI	UNITED BANKSHARES INC/WV	0000729986	Dividend Kings	보류	PEG=불리, PEGY=불리(<1)	43.400001525878906	0.91	2025	3.43	1434527000.0		1434527000.0	531817000.0	198573000.0	5495983000.0	28164298000.0	16.32779892716879	83.67220107283121	0.19514006704516476	6.403106823662931	4.994587884806355	40.655928244193376	42.20375125392588	31.884057971014506	7.136278732382895	5.088842545712402	72.26811594202901	22.77255746476579	18.677685091424806	65.7639855072464	20.72302729293687	16.996693433196572	51.52991519604468	-52.25109086556144	-60.83711328198538	3년	22.77255746476579	20.72302729293687	-52.25109086556144	0.8686078389086636	0.2598951540084934	0.20953506446945025	3.4131933607603915	7.864500554741098	3년	0.2598951540084934	불리(<1)	3년	7.136278732382895	5.697076833575115	불리	Y		140980000.0	단기위험부채 존재
HTO	H2O AMERICA	0000766829	Dividend Kings	제외	PEG=불리, PEGY=불리(<1)	56.83000183105469	2.92	2025	3.1	20686000.0		20686000.0	1866819000.0	23504000.0	1540771000.0					-52.592655329521236	-53.26223751610534	37.473512726224634	37.70282169423288	1.7421602787456383	6.314424501310945	44.718817071787576	11.984320557491277	21.12884900262189	97.93763414357515	34.99421602787453	61.69623908765592	285.9778916992394	-38.422989793479154	8.562796234052005	403.2164041616609	3년	21.12884900262189	61.69623908765592	8.562796234052005	0.12921554256526924	0.2512287697737651	1.276069778169558			3년	0.2512287697737651	불리(<1)	3년	6.314424501310945	5.934588768690594	불리	N	주당순현금<=0 | FCF<=0	35102487.0	단기위험부채 존재
GWW	W.W. GRAINGER, INC.	0000277135	Dividend Kings	제외	PEG=불리, PEGY=안심	1148.72998046875	35.4	2025	81.0	585000000.0		585000000.0	2362000000.0	0.0	3736000000.0					-37.020833333333336	-37.020833333333336	33.49578570062382	33.49578570062382	-8.550762076982696	5.601826190477133	62.54354736477112	-8.601524153965393	19.703652380954267	133.58709472954223	-304.4939550503749	697.509294285781	4728.983153425795	-126.50700862931454	-39.279960813666946	311.670560865495	3년	19.703652380954267	697.509294285781	-39.279960813666946	2.162935915895474	2.5854543901283757	4.285421116785381	27.729166666666668	2.413897707740815	3년	2.5854543901283757	안심	3년	5.601826190477133	5.9794403756341525	불리	N	주당순현금<=0	48000000.0	
PG	PROCTER & GAMBLE Co	0000080424	Dividend Kings	제외	PEG=불리, PEGY=불리(<1)	144.5399932861328	6.51	2025	2.89	4239000000.0		4239000000.0	24995000000.0	4108000000.0	52284000000.0	72946000000.0	41.75037930208417	58.24962069791584	0.7167493762509254	-8.45664928292047	-10.130378096479792	23.50178841306502	23.75888961330455	8.139534883720936	3.864775179637991	43.49588337951526	24.77906976744187	16.229550359275983	95.49176675903053	161.31174418604658	105.65437283888664	621.6514016012887	11.603536515123714	-26.90301802509968	330.08954647635926	3년	16.229550359275983	105.65437283888664	-26.90301802509968	0.46930619448473293	0.28741536860585915	1.9737171726781697	5.721968709256845	3.9587442749700275	3년	0.2874153686058591	불리(<1)	3년	3.8647751796379914	6.081023428448535	불리	N	주당순현금<=0	2454400000.0	단기위험부채 존재
UVV	UNIVERSAL CORP /VA/	0000102037	Dividend Kings	제외	PEG=불리, PEGY=불리(<1)	53.50830078125	3.78	2025	6.05	260115000.0		260115000.0	617918000.0	455039000.0	1458556000.0	1489014000.0	49.483337121764706	50.516662878235294	0.9795448531712933	-14.239580161159813	-32.34888700585927	17.922719826034342	22.7135417426215	-20.920502092050217	2.893381860348798	43.096908110525554	-33.341004184100434	14.286763720697596	94.69381622105111	-126.02899581589963	54.00396686423691	357.9426253155732	-335.5316726111808	0.926334934486639	568.9478456415512	3년	14.286763720697596	54.00396686423691	0.926334934486639	-0.8297011969382846	0.4989969126983585	2.7421568036306243	10.521321861321184	19.66297136650617	3년	0.4989969126983585	불리(<1)	3년	2.893381860348798	6.1943845268573545	불리	N	주당순현금<=0	25127356.0	단기위험부채 존재
TNC	TENNANT CO	0000097134	Dividend Kings	제외	PEG=불리, PEGY=불리(<1)	82.58000183105469	2.36	2025	1.5	85609000.0		85609000.0	273600000.0		601600000.0	665500000.0	47.47849419935285	52.52150580064715	0.9039819684447784	-10.118082055868804	-10.118082055868804	39.2788491046286	39.2788491046286	-46.11872146118722	-12.724057001878686	5.4500246558225385	-83.73744292237444	-16.94811400375737	19.400049311645077	-197.62036529680367	-39.9975490488674	45.78411637548238	-339.30777538743934	-148.4349093751486	-44.557864664196465	5년	19.400049311645077	45.78411637548238	-44.557864664196465	-1.135947780504836	-0.28575320452950975	0.17694063889981826	2.3304996144449426	2.822111362037467	5년	0.1769406388998182	불리(<1)	5년	5.4500246558225385	7.2070956711480205	불리	N	주당순현금<=0	18579707.0	
PEP	PEPSICO INC	0000077476	Dividend Kings	제외	PEG=불리, PEGY=불리(<1)	155.7200927734375	6.0	2025	3.61	9159000000.0	371000000.0	9530000000.0	42321000000.0	4898000000.0	20406000000.0	86852000000.0	19.025154300844694	80.97484569915531	0.23495141159673927	-23.882738528769117	-27.450109249817917	29.933805217034436	30.528367003875903	-13.66906474820144	-2.2300467686685255	3.222947933334197	-18.83812949640288	4.039906462662949	14.945895866668394	-113.02877697841727	24.239438775977696	89.67537520001036	-172.58458106807495	-84.43396844667663	-42.412457119145095	5년	14.945895866668394	89.67537520001036	-42.412457119145095	-0.3360436361253906	0.04610016071549047	0.2282686041347583			3년	0.0461001607154904	불리(<1)	5년	3.222947933334197	9.287709834662882	불리	N	주당순현금<=0 | FCF<=0	1373000000.0	단기위험부채 존재
ITW	ILLINOIS TOOL WORKS INC	0000049826	Dividend Kings	제외	PEG=불리, PEGY=불리(<1)	253.27000427246094	10.49	2025	2.52	851000000.0		851000000.0	6683000000.0	1825000000.0	3226000000.0					-19.952104002736913	-26.195689360246323	26.045958844156136	26.641152872517374	-10.418445772843727	2.3985109954127504	39.022413479712895	-12.336891545687454	13.2970219908255	86.54482695942579	-129.4139923142614	139.4857606837595	907.8552348043766	-151.09724409963738	-44.92606375380144	258.4535158090536	3년	13.2970219908255	139.4857606837595	-44.92606375380144	-0.30325033607337826	0.18883969773745934	1.594965795971595	9.261033185083818	3.656585078713487	3년	0.1888396977374593	불리(<1)	3년	2.3985109954127504	10.859220113633038	불리	N	주당순현금<=0	292300000.0	단기위험부채 존재
DOV	DOVER Corp	0000029905	Dividend Kings	제외	PEG=불리, PEGY=안심	222.52000427246094	7.94	2025	92.0	513075000.0	0.0	513075000.0	2621295000.0	706677000.0	7405206000.0					-15.30168315466297	-20.430819367528688	29.952353580242306	30.598340508814815	-59.17737789203083	2.2834886521603703	44.73784358388186	-109.85475578406167	13.06697730432074	97.97568716776372	-872.2467609254496	103.75179979630668	777.926956112044	-491.9857739430212	-53.37416960082856	249.59866132283736	3년	13.06697730432074	103.75179979630668	-53.37416960082856	1.0958278126637833	3.147782306975479	4.565178599990863	8.100640890714706	3.640410181188029	3년	3.147782306975479	안심	3년	2.2834886521603703	13.116926835570164	불리	N	주당순현금<=0	137777000.0	단기위험부채 존재
NWN	Northwest Natural Holding Co	0001733998	Dividend Kings	제외	PEG=불리, PEGY=불리(<1)	52.070098876953125	2.77	2025	3.73	36673000.0		36673000.0	2272202000.0	171989000.0	1475076000.0					-54.58767367470027	-58.78734158669695	38.50461102947776	40.02073662947656	36.45320197044337	2.9315906416517823	1.9908495941883597	81.40640394088673	14.363181283303565	12.48169918837672	225.49573891625624	39.78601215475087	34.57430675180351	333.0618604146025	-23.591441128680756	-33.60045880937144	3년	14.363181283303565	39.78601215475087	-23.591441128680756	1.0435945435127376	0.17300760775253402	0.14857570148699026	-4.829170024174053	-9.27436307656313	3년	0.173007607752534	불리(<1)	3년	2.9315906416517823	13.134375066698476	불리	N	주당순현금<=0 | FCF<=0	40953000.0	단기위험부채 존재
BKH	BLACK HILLS CORP /SD/	0001130464	Dividend Kings	제외	PEG=불리, PEGY=불리(<1)	74.83499908447266	3.98	2025	3.72	182800000.0		182800000.0	4701100000.0	0.0	3823600000.0					-61.72540983606557	-61.72540983606557	34.311660532798555	34.311660532798555	1.7902813299232694	0.0838926567954478	1.746163283925628	12.080562659846539	8.667785313590896	11.992326567851256	48.080639386189226	34.49778554809176	47.729459740048	-35.75113252568294	-53.901535417737946	-36.22040445785042	3년	8.667785313590896	34.49778554809176	-53.901535417737946	0.16059500602298118	0.11086297187975798	0.1593092027330043	-2.0	-2.67254630115306	3년	0.1108629718797579	불리(<1)	3년	0.08389265679544788	408.9948017316856	불리	N	주당순현금<=0 | FCF<=0	73200000.0	
EMR	EMERSON ELECTRIC CO	0000032604	Dividend Kings	제외	PEG=판정불가, PEGY=불리(<1)	137.92999267578125	1.12	2025	1.62	2354000000.0	99000000.0	2453000000.0	8319000000.0	4192000000.0	20282000000.0					-10.35115581436386	-17.74836774307394	132.3938825804867	138.99853608826356	-35.26011560693641	-3.335847899742972	-1.3703810340970568	-62.02023121387282	1.8283042005140562	5.759237931805886	-69.46265895953756	2.047700704575743	6.450346483622593	-150.3608081259141	-98.51540577589309	-95.32346347702287	판정불가				-0.2540911630602377	-0.01296017509494708	0.0018854267360215193	4.706193753308629	3.4120162424506355	5년	0.0018854267360215	불리(<1)	판정불가			판정불가	N	주당순현금<=0	566700000.0	단기위험부채 존재
CBSH	COMMERCE BANCSHARES INC /MO/	0000022356	Dividend Kings	제외	PEG=판정불가, PEGY=판정불가	51.86000061035156	4.04	2025	2.11	511845000.0		511845000.0	455310000.0		3791371000.0	29100317000.0	11.526836202508061	88.47316379749194	0.13028624396084756					4.392764857881136	1.6186790549776342	6.781907649639973	17.285529715762273	11.737358109955268	22.063815299279945	69.83354005167958	47.418926764219286	89.13781380909097	34.657808001915825	-8.56358232523008	71.88162892404313	3년	11.737358109955268	47.418926764219286	-8.56358232523008						판정불가		판정불가	3년	1.6186790549776342		판정불가	N	주당순현금<=0 | FCF<=0 | 순현금차감PER<=0/불가		
SCL	STEPAN CO	0000094049	Dividend Kings	제외	PEG=판정불가, PEGY=판정불가	50.89500045776367	2.05	2025	3.06	132688000.0		132688000.0	340975000.0	285735000.0	1244010000.0					-9.099475753604194	-21.5824377457405	29.265598151886767	35.35484790414838	-6.818181818181834	-31.507283036198597	-17.762202260976512	-5.136363636363669	-54.514566072397194	-27.024404521953024	-10.52954545454552	-111.75486044841423	-55.40002927000369	-120.68876188199211	-319.57925030604224	-208.85161365894595	판정불가				-0.12841636786909624	-0.9720383259743689	-0.5023714938158083	1.108256880733945	2.1775358498201727	판정불가		판정불가	판정불가			판정불가	N	주당순현금<=0	22890000.0	단기위험부채 존재
KMB	KIMBERLY CLARK CORP	0000055785	Dividend Kings	제외	PEG=판정불가, PEGY=판정불가	95.94499969482422	1.5	2025	5.24	688000000.0		688000000.0	6439000000.0	963000000.0	1502000000.0					-17.259903961584634	-20.150060024009605	75.46993577093923	77.39670647922254	-80.13245033112582	-35.99237051910854	-26.238981580201248	-151.76490066225165	-63.48474103821708	-43.977963160402496	-227.64735099337747	-95.22711155732563	-65.96694474060374	-337.2685931705287	-199.2517711816332	-168.75495851834614	판정불가				-0.9923481392436037	-0.40747842442116106	-0.27824300319978806			판정불가		판정불가	판정불가			판정불가	N	주당순현금<=0 | FCF<=0	333200000.0	단기위험부채 존재
GPC	GENUINE PARTS CO	0000040987	Dividend Kings	제외	PEG=판정불가, PEGY=판정불가	104.61000061035156	0.47	2025	4.05	333547000.0		333547000.0	3498423000.0	943540000.0	4422991000.0					-22.728014362657092	-29.503885098743268	270.93194675108225	285.3486929980741	-92.73570324574962	-61.61464058703222	-16.81535450665752	-176.97140649149924	-114.72928117406444	-25.13070901331504	-83.17656105100464	-53.92276215181028	-11.811433236258068	-179.51109890613458	-151.54646958913642	-111.29092167798848	판정불가				-0.32733571772999254	-0.21246900292610946	-0.04711646101441719	3.0227935368043086	2.8895837101306654	판정불가		판정불가	판정불가			판정불가	N	주당순현금<=0	139250000.0	단기위험부채 존재
LANC	LANC		Dividend Kings	판정불가																																																			SEC ticker mapping 없음
GRC	GORMAN RUPP CO	0000042682	Dividend Kings	제외	PEG=판정불가, PEGY=판정불가	76.58820343017578	2.02	2025	100.0	35083000.0	253000.0	35336000.0	284406000.0	23125000.0	414723000.0	445332000.0	48.22052078064775	51.779479219352254	0.9312670097814664	-9.472012592943196	-10.351445247264518	42.604067338177714	43.03943003833678													판정불가							3.5349579899299353	4.615538466250483	판정불가		판정불가	판정불가			판정불가	N	주당순현금<=0	26295362.0	단기위험부채 존재
CDUAF	CDUAF		Dividend Kings	판정불가																																																			SEC ticker mapping 없음
FTS	Fortis Inc.	0001666175	Dividend Kings	제외	PEG=판정불가, PEGY=판정불가	56.7599983215332			3.23																											판정불가									판정불가		판정불가	판정불가			판정불가	N	주당순현금<=0 | FCF<=0 | 순현금차감PER<=0/불가	503700000.0	EPS 없음
