티커	종목명	CIK	유니버스	종합판정	종합판정사유	현재가	EPS(FY)	EPS기준연도	배당수익률(%)	현금및현금성자산	유가증권성자산	현금성자산합계	장기부채	단기위험부채	주주지분	총부채	주주지분비중	부채비중	주주대부채배수	주당순현금(린치식)	주당순현금(보수형)	순현금차감PER(린치식)	순현금차감PER(보수형)	연간이익증가율(1년,%)	연간이익증가율(3년CAGR,%)	연간이익증가율(5년CAGR,%)	그레이엄적정PER(1년)	그레이엄적정PER(3년)	그레이엄적정PER(5년)	그레이엄내재가치(1년)	그레이엄내재가치(3년)	그레이엄내재가치(5년)	그레이엄괴리율(1년,%)	그레이엄괴리율(3년,%)	그레이엄괴리율(5년,%)	그레이엄사용기준	그레이엄적정PER(선택)	그레이엄내재가치(선택)	그레이엄괴리율(선택,%)	배당감안점수(1년)	배당감안점수(3년)	배당감안점수(5년)	주당잉여현금흐름	잉여현금흐름수익률(%)	배당감안점수기준	배당감안점수	배당감안점수판정	사용연성장률기준	사용연성장률(%)	린치PER배수	린치PER판정	하드필터통과	하드필터사유	발행주식수	3M수익률(보조,%)	6M수익률(보조,%)	12M수익률(보조,%)	52주고점대비(보조,%)	50일이평(보조)	200일이평(보조)	50일선상회(보조)	200일선상회(보조)	추세판정(보조)	비고
BKNG	Booking Holdings Inc.	0001075531	Nasdaq 100	매우 유망	PEG=매우 유망, PEGY=안심	163.58999633789062	165.57	2025	100.0	17203000000.0	0.0	17203000000.0	16856000000.0	1880000000.0	-5578000000.0	34842000000.0	-19.060962274466924	119.06096227446692	-0.1600941392572183	10.631453169521125	-46.96835074604002	0.923830060810349	1.2717179868571036	-4.1229949620707655	29.43673092572357	158.29965811243966	0.2540100758584689	67.37346185144713	325.0993162248793	42.05644825988669	11155.024078744102	53826.693787353266	-74.29155253905608	6718.891331046739	32803.41401816265	3년	67.37346185144713	11155.024078744102	6718.891331046739	103.7820797407583	140.10881050156186	279.5965070522482	278.4092649897362	170.18721879221118	3년	140.10881050156186	안심	3년	29.436730925723566	0.0313835820676354	매우 유망	Y		32639000.0	-3.5722929835191986	-22.501516749153872		-29.680085084137996	169.61309631347658	192.03574401855468	N	N	주의	단기위험부채 존재
CMCSA	COMCAST CORP	0001166691	Nasdaq 100	매우 유망	PEG=매우 유망, PEGY=안심	23.969999313354492	5.39	2025	5.51	9481000000.0	14000000.0	9495000000.0		2781000000.0	96903000000.0					2.559989215421947	1.8101914262604475	3.972172559913274	4.11128161170576	30.193236714975846	64.538600212299	49.1602769351271	68.88647342995169	137.577200424598	106.8205538702542	371.2980917874396	741.5411102885832	575.7627853606701	1449.0116913794693	2993.62174188902	2302.014192131801	3년	137.577200424598	741.5411102885832	2993.6217418890196	8.988339800563791	17.63483311858647	13.763318715519432	5.9026691830682125	24.625237180460147	3년	17.63483311858647	안심	3년	64.538600212299	0.0615472375732795	매우 유망	Y		3709000000.0	-20.523874553629195	-7.266169446820903		-29.60091408243547	26.40839984893799	28.120206575393677	N	N	주의	단기위험부채 존재
DASH	DoorDash, Inc.	0001792789	Nasdaq 100	보류	PEG=매우 유망, PEGY=판정불가	154.58999633789062	2.13	2025		4378000000.0	1128000000.0	5506000000.0			10033000000.0	9613000000.0	51.0689198819098	48.9310801180902	1.0436908353271612	12.52257292704339	12.52257292704339	66.69832085016301	66.69832085016301	634.4827586206897			1277.4655172413793			2721.0015517241377			1660.1407698961239			1년	1277.4655172413793	2721.0015517241377	1660.1407698961239				4.944437621393449	3.198420168525192	판정불가		판정불가	1년	634.4827586206897	0.1051223535138438	매우 유망	Y		439686000.0	-4.195590138109251	-29.827510578122475		-45.13026134156899	163.37450012207032	204.41454978942872	N	N	주의	
PYPL	PayPal Holdings, Inc.	0001633917	Nasdaq 100	매우 유망	PEG=매우 유망, PEGY=안심	41.2400016784668	5.41	2025	1.38	8049000000.0	2373000000.0	10422000000.0	9987000000.0		20256000000.0	59917000000.0	25.26536365110449	74.7346363488955	0.3380676602633643	0.4493801652892562	0.4493801652892562	7.539856102250932	7.539856102250932	35.58897243107769	37.30414865193261	32.59424256515169	79.67794486215539	83.10829730386523	73.68848513030338	431.05768170426063	449.6158884139109	398.6547045549413	945.2416686717416	990.2421680760382	866.6699523028786	3년	83.10829730386523	449.6158884139109	990.2421680760382	4.90314031590617	5.130621609659625	4.505953708454608	5.74793388429752	13.937763458673105	3년	5.130621609659625	안심	3년	37.304148651932614	0.2021184338664786	매우 유망	Y		968000000.0	-8.151447044612247	-32.570304477834625		-47.276909952858105	46.13979988098144	55.55482507705688	N	N	주의	
MCHP	MICROCHIP TECHNOLOGY INC	0000827054	Nasdaq 100	제외	PEG=매우 유망, PEGY=안심	92.94000244140625	0.22	2026	2.07	240300000.0	0.0	240300000.0	5496400000.0	0.0	6432400000.0					-9.64068231841526	-9.64068231841526	466.27583981737047	466.27583981737047	2300.0	-62.033647476478926	-29.795234328396646	4608.5	-115.56729495295785	-51.09046865679329	1013.87	-25.424804889650726	-11.239903104494525	990.8865648450906	-127.35614829112978	-112.09371939879244	1년	4608.5	1013.87	990.8865648450906	4.937141930625589	-0.1286012320517514	-0.05946101419120489	1.5975788701393985	1.7189356877267001	1년	4.937141930625589	안심	1년	2300.0	0.2027286260075523	매우 유망	N	주당순현금<=0	545200000.0	50.048441236693584	36.877761933457066		-9.69684794509682	87.8636003112793	71.76254995346069	Y	Y	강한 상승추세	
MRVL	Marvell Technology, Inc.	0001835632	Nasdaq 100	제외	PEG=매우 유망, PEGY=안심	280.7099914550781	3.07	2026	10.0	2638800000.0		2638800000.0	3970800000.0	499800000.0	14308400000.0	7976900000.0	64.20555253911772	35.79444746088228	1.7937293936240895	-1.5315626077957916	-2.106243532252501	91.93535962960063	92.12255211313702	400.98039215686276			810.4607843137255			2488.114607843137			786.3648190596411			1년	810.4607843137255	2488.114607843137	786.3648190596411	4.470319078672952			1.6056111302748075	0.5719821805957173	1년	4.470319078672952	안심	1년	400.98039215686276	0.229276446998026	매우 유망	N	주당순현금<=0	869700000.0	219.49691498409254	203.56871174370647		-11.288437268113949	179.5377996826172	107.49475002288818	Y	Y	강한 상승추세	단기위험부채 존재
MELI	MERCADOLIBRE INC	0001099590	Nasdaq 100	제외	PEG=매우 유망, PEGY=안심	1610.0	39.4	2025	0.03726708074534161	3670000000.0	2629000000.0	6299000000.0	9193000000.0		6748000000.0	35919000000.0	15.81550144139499	84.18449855860501	0.18786714552186864	-57.08388530202385	-57.08388530202385	42.31177373863005	42.31177373863005	4.537012470151236	129.72289831422012		17.574024940302472	267.94579662844023		692.4165826479174	10557.064387160544		-56.99275884174426	555.718284916804		3년	267.94579662844023	10557.064387160544	555.718284916804	0.10810890555316818	3.066762603631912		228.947013372699	14.220311389608634	3년	3.066762603631912	안심	3년	129.72289831422012	0.3261704316545621	매우 유망	N	주당순현금<=0	50697320.0	-3.59281437125748	-18.30438385998209		-38.39984725505603	1723.9238110351562	1993.8093054199219	N	N	주의	
NXPI	NXP Semiconductors N.V.	0001413447	Nasdaq 100	제외	PEG=매우 유망, PEGY=안심	302.54998779296875	7.95	2025	1.42	3267000000.0		3267000000.0	10972000000.0	307000000.0	10056000000.0					-30.295166534948553	-31.502254935497444	41.86731500980092	42.01915002873788	-18.293936279547793	-9.000664080454257	113.31378642177046	-28.087872559095587	-9.501328160908514	235.12757284354092	-223.29858684480993	-75.53555887922269	1869.2642041061504	-173.80551837853994	-124.96630703251284	517.8364830691268	5년	235.12757284354092	1869.2642041061504	517.8364830691268	-0.40303363794878394	-0.1810640132685763	2.7404142442597976	9.526955031042224	3.148886271832013	5년	2.7404142442597976	안심	5년	113.31378642177046	0.3694812108207616	매우 유망	N	주당순현금<=0	254331000.0	58.519326640177916	31.098877456147346		-9.054024835126473	269.97919982910156	232.0209002685547	Y	Y	강한 상승추세	단기위험부채 존재
EXC	EXELON CORP	0001109357	Nasdaq 100	제외	PEG=매우 유망, PEGY=안심	45.5099983215332	1.74	2021	3.68	626000000.0		626000000.0	35272000000.0	612000000.0	28798000000.0	87772000000.0	24.704469417517373	75.29553058248263	0.32810007747345393	-34.23517786561265	-34.8399209486166	45.83056102709532	46.1781145230746	-13.432835820895514	121.5523810846817	51.225599028568624	-18.365671641791028	251.6047621693634	110.95119805713725	-31.95626865671639	437.7922861746923	193.0550846194188	-170.2181275220926	861.9694623621848	324.20367334549906	3년	251.6047621693634	437.7922861746923	861.9694623621848	-0.21280201687100395	2.732508140379157	1.1980128062606104	-2.2480237154150196	-4.939626012579657	3년	2.732508140379157	안심	3년	121.5523810846817	0.3770437124976319	매우 유망	N	주당순현금<=0 | FCF<=0	1012000000.0	-8.651146928326414	5.152494466573443		-9.504876728921053	46.20540008544922	45.797999992370606	N	N	판정불가	단기위험부채 존재
TMUS	T-Mobile US, Inc.	0001283699	Nasdaq 100	제외	PEG=매우 유망, PEGY=안심	185.82000732421875	9.72	2025	2.2	5598000000.0	0.0	5598000000.0	81147000000.0	5135000000.0	59203000000.0	6830508000.0	89.65599707348578	10.344002926514218	8.66743732676984	-66.79390530320666	-71.33382911069539	25.989085661257757	26.45615601182244	0.6211180124223654	67.7257264346652	74.54322774580642	9.74223602484473	143.9514528693304	157.58645549161284	94.6945341614908	1399.2081218898916	1531.7403473784768	-49.039645662984086	652.9911025396491	724.3140065676007	3년	143.9514528693304	1399.2081218898916	652.9911025396491	0.10855010634821372	2.6905804746684234	2.952902181557256	15.90962588427648	8.561847625222274	3년	2.6905804746684234	안심	3년	67.7257264346652	0.3837402273762149	매우 유망	N	주당순현금<=0	1131076251.0	-14.522283524571822	-4.863813047185994		-28.25759610898243	191.2570001220703	208.74724990844726	N	N	주의	단기위험부채 존재
APP	AppLovin Corp	0001751008	Nasdaq 100	제외	PEG=매우 유망, PEGY=판정불가	478.57000732421875	9.75	2025		2487096000.0		2487096000.0	3512987000.0	0.0	2134671000.0	5124939000.0	29.404761412803165	70.59523858719683	0.41652612840855274	-2.9999444395707227	-2.9999444395707227	49.39178992449123	49.39178992449123	115.23178807947019			238.96357615894038			2329.8948675496686			386.8451494853553			1년	238.96357615894038	2329.8948675496686	386.8451494853553				11.598438459513993	2.423561502394017	판정불가		판정불가	1년	115.23178807947019	0.4286299010688607	매우 유망	N	주당순현금<=0	341970000.0	4.338629802233562	-31.95171377144276		-34.764173493602215	482.03980346679685	541.7172261047364	N	N	중립/개선	
ALNY	ALNYLAM PHARMACEUTICALS, INC.	0001178670	Nasdaq 100	보류	PEG=헐값, PEGY=판정불가	289.3900146484375	2.33	2025		1657250000.0	1251234000.0	2908484000.0			789176000.0	4177155000.0	15.89052360787068	84.10947639212932	0.1889266737767691	21.594873927118293	21.594873927118293	114.93353679026576	114.93353679026576	206.8807339449541			422.2614678899082			983.8692201834862			239.98036227294492			1년	422.2614678899082	983.8692201834862	239.98036227294492				3.4553696058923107	1.1940182559823396	판정불가		판정불가	1년	206.8807339449541	0.5555545680771161	헐값	Y		134684000.0	-7.66407859768512	-28.450274251519147		-41.087493601789284	304.77600036621095	378.5827000427246	N	N	주의	
META	Meta Platforms, Inc.	0001326801	Nasdaq 100	양호	PEG=헐값, PEGY=안심	568.4299926757812	23.49	2025	37.0	35873000000.0	45719000000.0	81592000000.0	58744000000.0		217243000000.0	148778000000.0	59.35260545159977	40.64739454840023	1.4601822850152577	8.876456876456876	8.876456876456876	23.820925321384603	23.820925321384603	-1.550712489522217	39.8395285030712	18.41272352127048	5.398575020955565	88.1790570061424	45.32544704254096	126.81252724224622	2071.326049074285	1064.694751029287	-77.69073960272588	264.3942219382008	87.30446400574843	3년	88.1790570061424	2071.326049074285	264.3942219382008	1.4881574511572027	3.2257155197111738	2.3262204458331928	17.913364413364413	3.151375656488584	3년	3.2257155197111738	안심	3년	39.8395285030712	0.5979218684665976	헐값	Y		2574000000.0	-7.3780821032269905	-12.566719208992339		-28.04683637015427	622.0728002929687	659.0206994628907	N	N	주의	
ADBE	ADOBE INC.	0000796343	Nasdaq 100	보류	PEG=헐값, PEGY=보통	218.8000030517578	16.7	2025	0.011882998006105885	5431000000.0	1164000000.0	6595000000.0	1000000000.0	0.0	11623000000.0	17873000000.0	39.40534309736913	60.59465690263086	0.650310524254462	13.103044496487119	13.103044496487119	12.317183147022199	12.317183147022199	35.11326860841424	18.24924207604421	29.19321269200992	78.72653721682848	44.99848415208843	66.88642538401984	1314.7331715210355	751.4746853398767	1117.0033039131313	500.8835252209898	243.45277644356932	410.5133858928241	3년	44.99848415208843	751.4746853398767	243.45277644356935	2.851719519565007	1.4825731545986736	2.3710856079197495	23.072599531615925	10.545063624225833	3년	1.4825731545986736	보통	3년	18.249242076044215	0.6749421754446979	헐값	Y		427000000.0	-12.241297680042319	-36.23408039571372		-47.10887475207418	245.64080078125	299.09095016479495	N	N	주의	
ROP	ROPER TECHNOLOGIES INC	0000882835	Nasdaq 100	제외	PEG=헐값, PEGY=양호	332.7099914550781	14.2	2025	1.09	297400000.0		297400000.0	8595800000.0	705200000.0	19881500000.0	14695500000.0	57.49920467362698	42.50079532637302	1.3528971453846415	-76.69500924214418	-83.21256931608133	28.831338077269177	29.29032118106757	231.7757009345794	-7.702444377568895	42.57857188588412	472.0514018691588	-6.90488875513779	93.65714377176823	6703.129906542054	-98.04942032295662	1329.9314415591089	1914.7065248105416	-129.46993563197367	299.72693207762404	5년	93.65714377176823	1329.9314415591089	299.72693207762404	8.076825997825342	-0.2293492018943856	1.514621755287616			5년	1.514621755287616	양호	5년	42.57857188588412	0.6771325763236202	헐값	N	주당순현금<=0 | FCF<=0	108200000.0	-5.210828645276888	-24.773900611973076		-41.93542906543139	342.97880004882813	410.59170013427735	N	N	주의	단기위험부채 존재
PDD	PDD Holdings Inc.	0001737806	Nasdaq 100	보류	PEG=헐값, PEGY=판정불가	81.30000305175781	2.36	2025		15572577000.0	44816702000.0	60389279000.0			59113291000.0	30981848000.0	65.61207591899047	34.387924081009515	1.9079975797441133	10.184417739143575	10.184417739143575	30.133722590090784	30.133722590090784	-9.230769230769239	44.02182301961191	62.23275436857567	-9.961538461538478	96.54364603922382	132.96550873715134	-23.509230769230808	227.8430046525682	313.79860061967713	-128.91664192714015	180.24968769990952	285.9761240352037	3년	96.54364603922382	227.8430046525682	180.24968769990952				2.5778288363282638	3.1707610572746807	판정불가		판정불가	3년	44.02182301961191	0.6845178260033912	헐값	Y		5929576000.0	-20.79882918339615	-29.476054898815217		-41.14240195623567	95.77280014038087	111.60950008392334	N	N	주의	
PCAR	PACCAR INC	0000075362	Nasdaq 100	보류	PEG=헐값, PEGY=보통	117.58000183105469	4.51	2025	1.23	3435900000.0		3435900000.0			19264000000.0					6.5222095671981775	6.5222095671981775	24.62478764165333	24.62478764165333	-42.911392405063296	-7.777639865294905	30.977934086980994	-77.32278481012659	-7.05527973058981	70.45586817396199	-348.7257594936709	-31.81931158496004	317.75596546456853	-396.5859449421841	-127.06183967464106	170.24660700476727	5년	70.45586817396199	317.75596546456853	170.24660700476727	-1.692659973828906	-0.26589629768905854	1.3079476889579593	6.971905846621109	5.929499692165952	5년	1.307947688957959	보통	5년	30.977934086980994	0.7949138109891686	헐값	Y		526800000.0	1.942089096831534	3.6129699972119234		-9.190604177594498	117.6836001586914	111.51955005645752	N	Y	상승전환	
PLTR	Palantir Technologies Inc.	0001321655	Nasdaq 100	보류	PEG=헐값, PEGY=판정불가	131.0800018310547	0.63	2025		1423796000.0	5753247000.0	7177043000.0	0.0		7387268000.0	1412381000.0	83.9495757160314	16.0504242839686	5.230364894458365	2.7978525625907094	2.7978525625907094	203.62245915629202	203.62245915629202	231.57894736842107			471.65789473684214			297.14447368421054			126.68940306179705			1년	471.65789473684214	297.14447368421054	126.68940306179705				0.8188809670368397	0.6247184586496056	판정불가		판정불가	1년	231.57894736842107	0.87927880090217	헐값	Y		2565197000.0	-13.163296137064872	-30.243201917681628		-36.73134160392431	140.007099609375	160.58229995727538	N	N	주의	
GILD	GILEAD SCIENCES, INC.	0000882095	Nasdaq 100	제외	PEG=헐값, PEGY=보통	125.87000274658203	6.78	2025	2.7	5412000000.0	68000000.0	5480000000.0	22129000000.0	2807000000.0	22703000000.0					-13.26613545816733	-15.502788844621515	20.521554307485154	20.851444187493147	1684.2105263157894	23.0389935777624	40.69054645685804	3376.9210526315787	54.5779871555248	89.88109291371607	22895.524736842104	370.0387529144582	609.393809954995	18089.818254742055	193.9848612377237	384.1453854433502	3년	54.5779871555248	370.0387529144582	193.9848612377237	82.20188885500235	1.2542419152127384	2.114388891149025	7.534661354581673	5.9860659332402175	3년	1.2542419152127384	보통	3년	23.0389935777624	0.8907313697631688	헐값	N	주당순현금<=0	1255000000.0	-13.187117747563292	3.7333167507907827		-19.210526135376792	133.26379989624024	129.1037498474121	N	N	판정불가	단기위험부채 존재
INTU	INTUIT INC.	0000896878	Nasdaq 100	제외	PEG=헐값, PEGY=보통	276.9100036621094	13.67	2025	1.69	2884000000.0	485000000.0	3369000000.0	5973000000.0	0.0	19710000000.0	17248000000.0	53.33080794415282	46.66919205584718	1.1427411873840445	-9.201413427561837	-9.201413427561837	20.929876890246614	20.929876890246614	31.064237775647175	23.370799285623757	52.08691360323674	70.62847555129434	55.24159857124751	112.67382720647348	965.4912607861937	755.1526524689534	1540.2512179124924	248.66608212692225	172.7068876104615	456.22808766126593	3년	55.24159857124751	755.1526524689534	172.7068876104615	1.5649512869763105	1.1973696461302246	2.5693850893263943	21.636042402826856	7.81338417416929	3년	1.1973696461302246	보통	3년	23.370799285623754	0.8955567430302377	헐값	N	주당순현금<=0	283000000.0	-37.0601852349606	-58.19784630469778		-65.7030680788535	367.8568005371094	533.0447506713867	N	N	주의	
DXCM	DEXCOM INC	0001093557	Nasdaq 100	보류	PEG=헐값, PEGY=판정불가	75.25	2.09	2025		917700000.0	1730000000.0	2647700000.0	4600000.0		2746000000.0	3593900000.0	43.31298600924305	56.68701399075695	0.7640724561061799	6.518125770653514	6.518125770653514	32.8860642245677	32.8860642245677	47.183098591549296	36.597938323358605	-16.208656508885298	102.86619718309859	81.69587664671721	-23.917313017770596	214.99035211267605	170.74438219163895	-49.987184207140544	185.70146460156286	126.90283347726104	-166.42815177028643	3년	81.69587664671721	170.74438219163895	126.90283347726105				2.656473489519112	3.5301973282646006	판정불가		판정불가	3년	36.597938323358605	0.898576961740443	헐값	Y		405500000.0	17.138858191712302	11.38247886219479		-15.949959760972332	65.60819984436036	67.57055002212525	Y	Y	상승전환	
GOOG	Alphabet Inc.	0001652044	Nasdaq 100	양호	PEG=헐값, PEGY=양호	356.55999755859375	10.81	2025	25.0	30708000000.0	96135000000.0	126843000000.0	46547000000.0	0.0	415265000000.0	180016000000.0	69.75949173583568	30.24050826416432	2.306822726868723	6.565494685200327	6.565494685200327	32.376919784772745	32.376919784772745	34.45273631840798	33.33790189024399	-28.686657181224508	77.40547263681596	75.17580378048798	-48.873314362449015	836.7531592039805	812.6504388670751	-528.3205282580739	134.67387394360645	127.91408021970598	-248.1715649191002	3년	75.17580378048798	812.6504388670751	127.91408021970598	1.8362690680158313	1.8018360695843898	-0.11386682876974563	5.99067865903516	1.6801320114578213	3년	1.8018360695843896	양호	3년	33.33790189024399	0.9711744875656836	헐값	Y		12230000000.0	18.27771766248667	11.077880859375		-10.645551843593138	358.2177984619141	306.7628995513916	N	Y	상승전환	
GOOGL	Alphabet Inc.	0001652044	Nasdaq 100	양호	PEG=헐값, PEGY=양호	357.7699890136719	10.81	2025	25.0	30708000000.0	96135000000.0	126843000000.0	46547000000.0	0.0	415265000000.0	180016000000.0	69.75949173583568	30.24050826416432	2.306822726868723	6.565494685200327	6.565494685200327	32.48885238931281	32.48885238931281	34.45273631840798	33.33790189024399	-28.686657181224508	77.40547263681596	75.17580378048798	-48.873314362449015	836.7531592039805	812.6504388670751	-528.3205282580739	133.88019814373104	127.1432662944852	-247.67044315667422	3년	75.17580378048798	812.6504388670751	127.14326629448519	1.8299426402012562	1.7956282724665957	-0.11347452772561556	5.99067865903516	1.6744497422913334	3년	1.7956282724665955	양호	3년	33.33790189024399	0.9745320055315284	헐값	Y		12230000000.0	18.357149152594054	11.729801867804301		-11.139537689990153	361.01019958496096	307.1817997741699	N	Y	상승전환	
NVDA	NVIDIA CORP	0001045810	Nasdaq 100	보류	PEG=보통, PEGY=안심	204.8699951171875	4.9	2026	50.0	10605000000.0	34621000000.0	45226000000.0	7469000000.0	0.0	157293000000.0	49510000000.0	76.05934149891442	23.940658501085572	3.1769945465562515	1.5402219140083218	1.5402219140083218	41.49587208228146	41.49587208228146	66.66666666666669	41.21547046890686	-6.616661124591561	141.83333333333337	90.93094093781372	-4.7333222491831215	694.9833333333336	445.5616105952872	-23.1932790209973	239.23139058786856	117.4850496483987	-111.32097406832588	3년	90.93094093781372	445.5616105952872	117.4850496483987	2.8115246363621504	2.198181792348821	1.0454856519073599	4.184517622583014	2.0425234159787196	3년	2.198181792348821	안심	3년	41.21547046890686	1.0068033097811206	보통	Y		24514000000.0	13.658804503294043	11.475675523982233		-13.094939194303079	206.3228009033203	189.14280052185057	N	Y	상승전환	
SHOP	SHOPIFY INC.	0001594805	Nasdaq 100	보류	PEG=보통, PEGY=판정불가	110.47000122070312	0.94	2025		1545000000.0	4233000000.0	5778000000.0			13473000000.0					4.427744808376297	4.427744808376297	112.81091107694343	112.81091107694343	-39.35483870967742	111.045429449015	-18.348227303268583	-70.20967741935485	230.59085889802998	-28.196454606537166	-65.99709677419355	216.75540736414817	-26.504667330144933	-159.74209834789525	96.21200775684082	-123.99263785395678	3년	230.59085889802998	216.75540736414817	96.21200775684082				1.5379861250279039	1.392220610150288	판정불가		판정불가	3년	111.04542944901499	1.0158987329482032	보통	Y		1304953255.0	-10.157773224436173	-34.40802611226218		-38.28836120293576	114.75840042114258	138.3473500061035	N	N	주의	
CPRT	COPART INC	0000900075	Nasdaq 100	제외	PEG=보통, PEGY=판정불가	31.059999465942383	1.59	2025		186319000.0		186319000.0	325386000.0	50370000.0	5987440000.0	883411000.0	87.14262614630996	12.85737385369003	6.777638041636339	-0.1422588620886838	-0.19378495299024207	19.624061841528974	19.65646818800794	13.571428571428584	-29.408420975097684	18.170645193625703	35.64285714285717	-50.31684195019537	44.841290387251405	56.6721428571429	-80.00377870081064	71.29765171572974	82.46021838887829	-357.5781715274517	129.54814211735055	5년	44.841290387251405	71.29765171572974	129.54814211735055				1.2590083708159985	4.0534719654342375	판정불가		판정불가	5년	18.170645193625703	1.079987068836341	보통	N	주당순현금<=0	977563000.0	-8.888238994083697	-20.74508661816028		-37.86757666919326	32.88620014190674	38.84985005378723	N	N	주의	단기위험부채 존재
AMZN	AMAZON COM INC	0001018724	Nasdaq 100	보류	PEG=보통, PEGY=판정불가	241.50999450683594	7.17	2025		86810000000.0	36219000000.0	123029000000.0	65648000000.0	455000000.0	411065000000.0					5.29980604045442	5.257781472245313	32.94423827983006	32.9500994469443	29.656419529837247		-12.638188158251552	67.8128390596745		-16.776376316503104	486.2180560578662		-120.28661818932726	101.32419656202005		-149.80606224390542	1년	67.8128390596745	486.2180560578662	101.32419656202005				12.263507896924356	5.077846952862747	판정불가		판정불가	1년	29.656419529837247	1.1108636444357332	보통	Y		10827000000.0	16.295081926259193	4.197944507197993		-12.174987060075871	254.2140005493164	232.46020011901857	N	Y	상승전환	단기위험부채 존재
WBD	Warner Bros. Discovery, Inc.	0001437107	Nasdaq 100	제외	PEG=보통, PEGY=판정불가	26.860000610351562	0.29	2025		4566000000.0		4566000000.0	32567000000.0	0.0	35919000000.0	62919000000.0	36.34128574030232	63.65871425969769	0.5708768416535546	-11.067588932806323	-11.067588932806323	130.78479152813065	130.78479152813065	106.27705627705627			221.05411255411255			64.10569264069264			138.66601334322746			1년	221.05411255411255	64.10569264069264	138.66601334322746				1.2205533596837945	4.544130051930848	판정불가		판정불가	1년	106.27705627705627	1.2306023153970749	보통	N	주당순현금<=0	2530000000.0	-1.0316830714582448	-9.04165260484201		-10.406934554782964	27.118400001525877	24.78565004348755	N	Y	중립/개선	
WDAY	Workday, Inc.	0001327811	Nasdaq 100	보류	PEG=보통, PEGY=판정불가	130.52999877929688	2.59	2026		1501000000.0	3942000000.0	5443000000.0	2987000000.0	0.0	7805000000.0	10269000000.0	43.18357862122386	56.81642137877614	0.7600545330606681	9.160180070640802	9.160180070640802	46.860933864345974	46.860933864345974	32.82051282051282			74.14102564102564			192.0252564102564			47.11197288443793			1년	74.14102564102564	192.0252564102564	47.11197288443793				10.357418589645565	7.934895186169523	판정불가		판정불가	1년	32.82051282051282	1.4277940786792915	보통	Y		268117000.0	-1.9235086250167122	-41.40067394868827		-47.931709478599714	127.95880004882812	182.21749969482423	Y	N	주의	
CSCO	CISCO SYSTEMS, INC.	0000858877	Nasdaq 100	제외	PEG=보통, PEGY=불리(<1)	121.83000183105469	2.55	2025	1.41	8346000000.0	7764000000.0	16110000000.0	22861000000.0	31000000.0	46843000000.0	75448000000.0	38.30453590206965	61.69546409793034	0.6208647015162762	-1.6885942971485743	-1.6963481740870434	48.438665148315	48.44170588436931	0.3937007874015664	-3.299135343193793	32.687404272277206	9.287401574803132	1.9017293136124138	73.87480854455441	23.682874015747984	4.849409749711655	188.38076178861374	-80.56072095559045	-96.01952747531227	54.62592050999638	5년	73.87480854455441	188.38076178861374	54.62592050999638	0.037236797956318374	-0.03900056571355598	0.7039294779877583	3.3236618309154577	2.7281144061086686	5년	0.7039294779877583	불리(<1)	5년	32.687404272277206	1.4818755489066695	보통	N	주당순현금<=0	3998000000.0	55.5342767562071	51.813086393837615		-6.284613976111775	101.11779998779296	81.37249996185302	Y	Y	강한 상승추세	단기위험부채 존재
FAST	FASTENAL CO	0000815556	Nasdaq 100	보류	PEG=보통, PEGY=불리(<1)	46.38999938964844	1.09	2025	2.0	276800000.0	27165000.0	303965000.0	100000000.0	25000000.0	3943600000.0					0.1773093413120836	0.15557652669780128	42.39696334709757	42.41690170912902	-45.49999999999999	-16.762013813238276	26.237828742825165	-82.49999999999999	-25.024027626476553	60.97565748565033	-89.925	-27.276190112859446	66.46346665935887	-293.84565894188404	-158.7975651470819	43.271109148127465	5년	60.97565748565033	66.46346665935887	43.271109148127465	-1.026016878705959	-0.3481856399097239	0.6660342277734919	0.9132998013505995	1.9687428613210871	5년	0.6660342277734919	불리(<1)	5년	26.237828742825165	1.615871639481265	보통	Y		1150334204.0	2.0457552219648623	13.339846185591675		-7.938083049117317	45.14179985046387	44.49125001907348	Y	Y	강한 상승추세	단기위험부채 존재
ISRG	INTUITIVE SURGICAL INC	0001035267	Nasdaq 100	제외	PEG=보통, PEGY=판정불가	412.8999938964844	7.87	2025		3368000000.0	2566900000.0	5934900000.0			17824000000.0	2517000000.0	87.62597709060518	12.374022909394819	7.0814461660707195	16.3631100082713	16.3631100082713	50.38588105314016	50.38588105314016	22.58566978193147	29.189521389942357	21.11377974023332	53.67133956386294	66.87904277988471	50.72755948046664	422.3934423676013	526.3380666776927	399.22589311127246	2.299212548183527	27.47349829451626	-3.3117222057019613	3년	66.87904277988471	526.3380666776927	27.47349829451626						판정불가		판정불가	3년	29.189521389942353	1.7261633166243453	보통	N	FCF<=0	362700000.0	-12.550832197983697	-25.726722084171904		-30.353375912953585	444.3453985595703	492.2294508361816	N	N	주의	
KDP	Keurig Dr Pepper Inc.	0001418135	Nasdaq 100	제외	PEG=보통, PEGY=불리(<1)	31.229999542236328	1.53	2025	2.9	1026000000.0		1026000000.0	13036000000.0	0.0	25516000000.0	29943000000.0	46.0087632304946	53.9912367695054	0.8521524229369135	-8.812738479600823	-8.812738479600823	26.171724197279183	26.171724197279183	45.714285714285715	14.847977704937376	38.520495126762675	99.92857142857143	38.195955409874756	85.54099025352535	152.8907142857143	58.439811777108375	130.8777150878938	389.5636135983307	87.12716181142666	319.0769036384105	3년	38.195955409874756	58.439811777108375	87.12716181142666	1.8575117691076564	0.6781355928694396	1.5826429628609933	1.1043439976518932	3.5361639892384478	3년	0.6781355928694396	불리(<1)	3년	14.847977704937376	1.7626457095619383	보통	N	주당순현금<=0	1362800000.0	13.93651848263282	5.756853423845731		-11.278412314362695	28.47180019378662	27.88940001487732	Y	Y	강한 상승추세	
ADP	AUTOMATIC DATA PROCESSING INC	0000008670	Nasdaq 100	제외	PEG=보통, PEGY=불리(<1)	225.77000427246094	9.98	2025	2.94	3347800000.0	2032200000.0	5380000000.0	3974700000.0	0.0	6188000000.0	47181300000.0	11.594680837110474	88.40531916288953	0.13115365621549216	3.4384634206019085	3.4384634206019085	22.277709504194288	22.277709504194288	9.670329670329679	12.54965474117824	11.853901524507116	27.840659340659357	33.59930948235648	32.20780304901423	277.84978021978037	335.3211086339177	321.433874429162	23.067624113816798	48.52332120667795	42.37226750514351	3년	33.59930948235648	335.3211086339177	48.52332120667795	0.5660514456369716	0.695298353641875	0.6640674402241319			3년	0.695298353641875	불리(<1)	3년	12.54965474117824	1.775165131124772	보통	N	FCF<=0	408700000.0	8.272587591865022	-12.94439443952633		-27.498391555039202	212.0013998413086	245.03105049133302	Y	N	중립/개선	
SBUX	STARBUCKS CORP	0000829224	Nasdaq 100	제외	PEG=보통, PEGY=불리(<1)	102.27999877929688	1.63	2025	2.51	6455700000.0	247200000.0	6702900000.0	14575900000.0	0.0	-8096600000.0	40108900000.0	-25.292153328564332	125.29215332856434	-0.201865421390265	-6.9073521670468505	-6.9073521670468505	66.9861048750575	66.9861048750575	-50.755287009063444	-16.7980082334351	37.63685261204004	-93.01057401812689	-25.096016466870203	83.77370522408008	-151.60723564954682	-40.90650684099843	136.55113951525053	-248.22764710497296	-139.99462977044792	33.507177498021925	5년	83.77370522408008	136.55113951525053	33.507177498021925	-0.7202282786713836	-0.21329809010518072	0.5993310506249311	2.142481137041586	2.094721512135234	5년	0.5993310506249311	불리(<1)	5년	37.63685261204004	1.7798009192093984	보통	N	주당순현금<=0	1139800000.0	3.1568302624796374	21.979726464591277		-4.250141292358867	100.36680007934571	91.56755012512207	Y	Y	강한 상승추세	
LIN	LINDE PLC	0001707925	Nasdaq 100	제외	PEG=보통, PEGY=불리(<1)	515.4400024414062	14.61	2025	1.26	5056000000.0		5056000000.0	20683000000.0	4510000000.0	38245000000.0	47076000000.0	44.824837964862105	55.175162035137895	0.812409720452035	-33.0943783818126	-42.6455172121687	37.54513215764674	38.1988719817642	7.268722466960355	21.083080176239765	25.40817902227086	23.03744493392071	50.66616035247953	59.31635804454172	336.57707048458155	740.2326027497259	866.6119910307546	-34.70101876253916	43.61178784021005	68.13052672008486	3년	50.66616035247953	740.2326027497259	43.61178784021005	0.22715920751455732	0.5950992550092595	0.7102965814661385	10.7773271635659	2.0908984775179604	3년	0.5950992550092595	불리(<1)	3년	21.083080176239765	1.780818165267872	보통	N	주당순현금<=0	472195000.0	4.356978544830814	31.262099433464783		-0.41346546964273756	503.8926007080078	466.52620086669924	Y	Y	강한 상승추세	단기위험부채 존재
FTNT	Fortinet, Inc.	0001262039	Nasdaq 100	제외	PEG=보통, PEGY=판정불가	145.05999755859375	2.42	2025		2495300000.0	775500000.0	3270800000.0	496600000.0	499700000.0	1237500000.0	9151700000.0	11.911408000616024	88.08859199938398	0.1352207786531464	3.628302380329584	2.9747580434213967	58.4428492472166	58.71290889056709	7.079646017699122	31.674951451459886	-3.62054294817038	22.659292035398245	71.84990290291978	1.2589141036592402	54.83548672566375	173.87676502506585	3.046572130855361	-62.19806449154655	19.8654128991228	-97.8997847910312	3년	71.84990290291978	173.87676502506585	19.865412899122802						판정불가		판정불가	3년	31.674951451459886	1.8450809415375755	보통	N	FCF<=0	764600000.0	73.84946466229871	77.76960817541998		-3.0801100198771025	107.68219955444336	88.19059997558594	Y	Y	강한 상승추세	단기위험부채 존재
NFLX	NETFLIX INC	0001065280	Nasdaq 100	제외	PEG=보통, PEGY=판정불가	81.2699966430664	2.53	2025		9033681000.0	28678000.0	9062359000.0	13463971000.0	998865000.0	26615488000.0	28981505000.0	47.87217179173701	52.127828208263	0.9183611410104479	-1.0132943879675764	-1.2432429383707544	32.52303993321502	32.613928688315085	-87.24155320221885	-36.64720009551697	16.282594168366128	-165.9831064044377	-64.79440019103394	41.065188336732255	-419.93725920322737	-163.92983248331586	103.8949264919326	-616.7186865376284	-301.7101504301608	27.83921592643064	5년	41.065188336732255	103.8949264919326	27.83921592643064				2.1780274838317877	2.6799896318410976	판정불가		판정불가	5년	16.282594168366128	1.99741144420346	보통	N	주당순현금<=0	4343863000.0	-14.730879524885065	-12.339556201465063		-39.31134389426219	91.15379989624023	99.42142993927001	N	N	주의	단기위험부채 존재
STX	Seagate Technology Holdings plc	0001137789	Nasdaq 100	제외	PEG=불리, PEGY=불리(<1)	868.0900268554688	6.77	2027	36.0	891000000.0	411000000.0	1302000000.0	4995000000.0	0.0	-453000000.0	8476000000.0	-5.6462669824255265	105.64626698242552	-0.05344502123643228	-17.018433179723502	-17.018433179723502	130.73980207314509	130.73980207314509		62.4216285007507	-1.6572902196046346		133.3432570015014	5.185419560790731		902.7338499001644	35.105290426553246		3.9908099359450055	-95.95603113265601	3년	133.3432570015014	902.7338499001644	3.9908099359450055		0.7528053962150462	0.262679836100575	3.769585253456221	0.4342389771612745	3년	0.7528053962150462	불리(<1)	3년	62.4216285007507	2.0944631726737595	불리	N	주당순현금<=0	217000000.0	126.23597148553745	190.4088009702082		-7.7177364910348984	703.8489978027344	400.4669502258301	Y	Y	강한 상승추세	
ABNB	Airbnb, Inc.	0001559720	Nasdaq 100	보류	PEG=불리, PEGY=판정불가	130.8699951171875	4.030497592295345	2025		6560000000.0	4454000000.0	11014000000.0	0.0	1999000000.0	8199000000.0	14009000000.0	36.919128242074926	63.080871757925074	0.5852666143193661	17.67897271268058	14.470304975922954	28.08363479012657	28.879731962567828	-1.825115293410216	13.128576286013535		4.849769413179568	34.757152572027074		19.546983943007856	140.08861975659707		-85.06381548688489	7.04410864473155		3년	34.757152572027074	140.08861975659707	7.04410864473155				7.417335473515249	5.667712806799907	판정불가		판정불가	3년	13.128576286013537	2.1391226419612104	불리	Y		623000000.0	3.6183625930372276	2.5868114997708025		-9.23151493600367	135.22900024414062	128.905625	N	Y	상승전환	단기위험부채 존재
MDLZ	Mondelez International, Inc.	0001103982	Nasdaq 100	제외	PEG=불리, PEGY=불리(<1)	63.36000061035156	1.89	2025	3.12	4475000000.0		4475000000.0	23095000000.0	2688000000.0	25838000000.0	45596000000.0	36.170451045720526	63.82954895427948	0.5666725151329064	-14.345146379044683	-16.41602465331279	41.11383438592394	42.209537176541986	-44.73684210526316	-1.2049365987475746	18.761141546758097	-80.97368421052632	6.090126802504851	46.022283093516194	-153.0402631578947	11.510339656734168	86.9821150467456	-341.54081705120984	-81.83342874707353	37.28237722354872	5년	46.022283093516194	86.9821150467456	37.28237722354872	-1.0122345124664762	0.046579537760362284	0.5322087290950781	2.4922958397534667	3.9335476889914727	3년	0.0465795377603622	불리(<1)	5년	18.761141546758097	2.191435648169733	불리	N	주당순현금<=0	1298000000.0	15.43086411893906	17.572836014027104		-10.445228819291074	60.11180015563965	58.9154500579834	Y	Y	강한 상승추세	단기위험부채 존재
AEP	AMERICAN ELECTRIC POWER CO INC	0000004904	Nasdaq 100	제외	PEG=불리, PEGY=불리(<1)	128.47999572753906	6.66	2025	2.96	197000000.0	220000000.0	417000000.0	44128000000.0	1508000000.0	31138000000.0	82204000000.0	27.472605036085472	72.52739496391453	0.37878935331614033	-81.32765295651676	-84.13340209651417	31.502649952560937	31.9239336072152	19.35483870967742	14.044924681547055	8.545142209229773	47.20967741935484	36.58984936309411	25.590284418459547	314.41645161290324	243.68839675820678	170.4312942269406	144.7201603895365	89.67030266329108	32.652008012488956	3년	36.58984936309411	243.68839675820678	89.67030266329108	0.7083479879718305	0.5397934683956541	0.3652118861922754	12.919842193728178	10.055917359404825	3년	0.5397934683956541	불리(<1)	3년	14.044924681547055	2.2429917330885183	불리	N	주당순현금<=0	537467865.0	-3.8395366060757663	12.543790825212287		-6.32154469907531	131.476199798584	122.46334999084473	N	Y	중립/개선	단기위험부채 존재
TXN	TEXAS INSTRUMENTS INC	0000097476	Nasdaq 100	제외	PEG=불리, PEGY=불리(<1)	297.1000061035156	5.45	2025	2.01	3225000000.0	1656000000.0	4881000000.0	13548000000.0	0.0	16273000000.0	18312000000.0	47.05219025589128	52.94780974410872	0.888652249890782	-9.49288061336254	-9.49288061336254	56.255575544381315	56.255575544381315	4.8076923076923075	-16.644237941707228	24.802935181675736	18.115384615384613	-24.788475883414456	58.10587036335147	98.72884615384615	-135.0971935646088	316.67699348026554	-66.76915377798846	-145.47195920202648	6.589359466363964	5년	58.10587036335147	316.67699348026554	6.589359466363964	0.12119140621561454	-0.2601384449468825	0.4766271595696749	2.8510405257393208	0.9596231797942006	5년	0.4766271595696749	불리(<1)	5년	24.802935181675736	2.2681015425118964	불리	N	주당순현금<=0	913000000.0	55.72911626192778	63.53828870919311		-8.553666561588036	270.69920166015623	207.6654508972168	Y	Y	강한 상승추세	
MSFT	MICROSOFT CORP	0000789019	Nasdaq 100	보류	PEG=불리, PEGY=안심	390.3399963378906	13.64	2025	92.0	30242000000.0	64323000000.0	94565000000.0	40152000000.0	0.0	343479000000.0	275524000000.0	55.4890687121064	44.5109312878936	1.2466391312553535	7.2890823844608175	7.2890823844608175	28.082911580163476	28.082911580163476	15.593220338983048	12.226568954799856	56.34799019984356	39.6864406779661	32.95313790959971	121.19598039968712	541.3230508474576	449.48080108694006	1653.1131726517324	38.679883159826446	15.151100400650533	323.5059661220946	3년	32.95313790959971	449.48080108694006	15.151100400650531	3.83127013136993	3.711387569528969	5.282500348170095	9.59290020093771	2.4575755215803694	3년	3.711387569528969	안심	3년	12.226568954799856	2.2968759006703023	불리	Y		7465000000.0	-1.3171512111902928	-18.434470426020443		-27.990851538771178	411.3695989990234	454.28739959716796	N	N	주의	
ROST	ROSS STORES, INC.	0000745732	Nasdaq 100	보류	PEG=불리, PEGY=안심	239.11000061035156	6.61	2025	77.0	4594392000.0	0.0	4594392000.0	1017863000.0	499743000.0	6187443000.0					11.024514820477412	9.484076001183665	34.50612493038943	34.73917165040361	4.588607594936709	14.703265747939431	58.06122059198926	17.67721518987342	37.906531495878866	124.62244118397852	116.8463924050633	250.56217318775933	823.7543362260981	-51.13278737534963	4.789499622840943	244.50852499827897	3년	37.906531495878866	250.56217318775933	4.7894996228409425	2.364467402802506	2.657593860015752	3.914123097405275	6.804867824028408	2.845915188264113	3년	2.657593860015752	안심	3년	14.703265747939431	2.3468340654337454	불리	Y		324416000.0	15.915261792385493	31.509179946282885		0.0	224.56359893798827	188.93384971618653	Y	Y	강한 상승추세	단기위험부채 존재
ADI	ANALOG DEVICES INC	0000006281	Nasdaq 100	제외	PEG=불리, PEGY=불리(<1)	412.1300048828125	4.56	2025	1.12	2499406000.0	1152915000.0	3652321000.0	8145066000.0	446639000.0	33815755000.0					-9.0450243502735	-9.944220861711788	92.3629450072557	92.5601372246764	39.02439024390244	-4.58825332599776		86.54878048780488	-0.6765066519955205		394.6624390243902	-3.0848703330995733		-4.238363053277117	-100.74851874324868		1년	86.54878048780488	394.6624390243902	-4.238363053277117	0.43463739967092685	-0.03755026786689518		8.613997330428884	2.090116523517437	1년	0.4346373996709268	불리(<1)	1년	39.02439024390244	2.366800465810928	불리	N	주당순현금<=0	496709000.0	34.652202117355735	46.36857412453668		-5.835448571150259	391.39860107421873	306.28540100097655	Y	Y	강한 상승추세	단기위험부채 존재
MU	MICRON TECHNOLOGY INC	0000723125	Nasdaq 100	보류	PEG=불리, PEGY=불리(<1)	995.8699951171875	7.59	2025	7.000000000000001	9642000000.0	665000000.0	10307000000.0	3038000000.0	224000000.0	54165000000.0	28633000000.0	65.41824681755598	34.58175318244402	1.8916983899696154	6.461333333333333	6.262222222222222	130.3568724352904	130.3831057832629	984.2857142857143	-0.6929629272242499	54.22135148690352	1977.0714285714287	7.1140741455515	116.94270297380704	15005.972142857143	53.995822764735884	887.5951155711955	1406.82038985333	-94.57802494005436	-10.872390982444546	5년	116.94270297380704	887.5951155711955	-10.872390982444546	7.604399336734563	0.04838285051604461	0.46964421854547034	1.4826666666666666	0.1488815481876423	3년	0.0483828505160446	불리(<1)	5년	54.22135148690352	2.404161254939882	불리	Y		1125000000.0	133.70097944430265	277.6383252004427		-7.753082739991701	665.3716015625	377.38350017547606	Y	Y	강한 상승추세	단기위험부채 존재
IDXX	IDEXX LABORATORIES INC /DE	0000874716	Nasdaq 100	제외	PEG=불리, PEGY=판정불가	557.9099731445312	13.08	2025		180070000.0	0.0	180070000.0	374842000.0	74995000.0	1605383000.0	1745376000.0	47.91102553182726	52.08897446817274	0.919792067726381	-2.4038506633755015	-3.3294291885220613	42.83744830335678	42.90821118754231	22.58669165885661	17.66051173291583	14.281792796945748	53.67338331771322	43.82102346583166	37.063585593891496	702.0478537956889	573.1789869330781	484.79169956810074	25.835329639073777	2.736823954317691	-13.105747718456474	3년	43.82102346583166	573.1789869330781	2.736823954317691				13.046948472693613	2.3385401051638293	판정불가		판정불가	3년	17.66051173291583	2.4256062876998032	불리	N	주당순현금<=0	81025000.0	-2.7726523956314475	-20.5063961986238		-27.230398800759637	563.1717956542968	634.5391476440429	N	N	주의	단기위험부채 존재
QCOM	QUALCOMM INC/DE	0000804328	Nasdaq 100	제외	PEG=불리, PEGY=불리(<1)	202.9600067138672	5.01	2025	1.92	5520000000.0	4635000000.0	10155000000.0	14811000000.0	1000000000.0	4909000000.0	28937000000.0	14.503929563316198	85.49607043668381	0.16964439990323807	-4.213574660633484	-5.118552036199095	41.35201225039934	41.53264645709906	-44.147157190635454	-23.90448036479093	14.194083679524194	-79.79431438127091	-39.30896072958187	36.88816735904839	-399.76951505016723	-196.93789325520515	184.80971846883241	-296.9696008207971	-197.03285708540997	-8.942790522579669	5년	36.88816735904839	184.80971846883241	-8.942790522579669	-1.021163297566678	-0.5316423353637072	0.3896807628598189			5년	0.3896807628598189	불리(<1)	5년	14.194083679524194	2.9133273541322056	불리	N	주당순현금<=0 | FCF<=0	1105000000.0	56.33954341643586	11.38795852885548		-19.145883491591654	182.34160079956055	165.38179985046386	Y	Y	강한 상승추세	단기위험부채 존재
WMT	Walmart Inc.	0000104169	Nasdaq 100	제외	PEG=불리, PEGY=양호	120.5	2.73	2026	82.0	10727000000.0		10727000000.0	34624000000.0	6596000000.0	99617000000.0					-2.9789329344303166	-3.801171777611568	45.23037836426019	45.531564753703876	13.278008298755179	-13.852054624316834	-10.485413986679248	35.05601659751036	-19.204109248633667	-12.470827973358496	95.70292531120327	-52.42721824876991	-34.04536036726869	-20.57848521891844	-143.50806493673852	-128.25341109316903	1년	35.05601659751036	95.70292531120327	-20.57848521891844	2.1065047816191003	1.5066852818885947	1.5811184562150298	1.8602592869608576	1.5437836406314172	3년	1.5066852818885947	양호	1년	13.278008298755179	3.406412870558348	불리	N	주당순현금<=0	8022000000.0	-4.758138478338569	6.467573489209011		-10.208641773312376	125.6743992614746	115.88744979858399	N	Y	중립/개선	단기위험부채 존재
GEHC	GE HealthCare Technologies Inc.	0001932393	Nasdaq 100	제외	PEG=불리, PEGY=양호	64.51000213623047	4.55	2025	22.0	4492000000.0		4492000000.0	9495000000.0	508000000.0	10379000000.0	26307000000.0	28.291446328299624	71.70855367170039	0.3945337742806097	-10.923580786026202	-12.032751091703057	16.578809433463007	16.82258312701836	4.838709677419354			18.177419354838708			82.70725806451613			28.208425555245185			1년	18.177419354838708	82.70725806451613	28.208425555245185	1.6188562746398154					1년	1.6188562746398154	양호	1년	4.838709677419354	3.4262872829156885	불리	N	주당순현금<=0 | FCF<=0	458000000.0	-8.845548684153082	-23.62968958923203		-26.826225661834368	66.20440055847168	74.90124998092651	N	N	주의	단기위험부채 존재
ADSK	Autodesk, Inc.	0000769397	Nasdaq 100	보류	PEG=불리, PEGY=불리(<1)	205.57000732421875	5.23	2026	0.02918713716119581	2249000000.0	348000000.0	2597000000.0	2500000000.0		3045000000.0					0.4511627906976744	0.4511627906976744	39.21966434675355	39.21966434675355	2.148437500000006	11.430299124308885	4.988943736048346	12.796875000000012	31.36059824861777	18.47788747209669	66.92765625000007	164.01592884027096	96.6393514790657	-67.4428886192314	-20.214076471968	-52.98956655352498	3년	31.36059824861777	164.01592884027096	-20.214076471968	0.0555237958669949	0.29218725994575356	0.12794935797620927	11.204651162790698	5.450528172195404	3년	0.2921872599457535	불리(<1)	3년	11.430299124308885	3.4312019239588274	불리	Y		215000000.0	-18.15503092612777	-31.49949911920027		-37.094157731581845	236.5990005493164	272.2985001373291	N	N	주의	
PAYX	PAYCHEX INC	0000723531	Nasdaq 100	제외	PEG=불리, PEGY=불리(<1)	99.2699966430664	4.58	2025	4.71	1628600000.0	34500000.0	1663100000.0	4548400000.0	18600000.0	4128000000.0	12436100000.0	24.921366086898775	75.07863391310123	0.33193686123463145	-7.9704419889502764	-8.02182320441989	23.414942932754734	23.426161538752467	-1.9271948608137013	6.0501819274696	49.66047821296189	4.645610278372597	20.6003638549392	107.82095642592378	21.276895074946495	94.34966645562153	493.81998043073094	-78.56664068253235	-4.956512897987031	397.451392293587	3년	20.6003638549392	94.34966645562153	-4.9565128979870305	0.11884740215588925	0.4595433761411128	2.322041884496931	4.721270718232044	4.755989601981925	3년	0.4595433761411128	불리(<1)	3년	6.0501819274696	3.8701221241701886	불리	N	주당순현금<=0	362000000.0	7.191443676516318	-12.057052570436221		-35.40473622191252	93.6879997253418	107.69325008392335	Y	N	중립/개선	단기위험부채 존재
AMD	ADVANCED MICRO DEVICES INC	0000002488	Nasdaq 100	보류	PEG=불리, PEGY=판정불가	488.45001220703125	2.65	2025		5539000000.0	5013000000.0	10552000000.0	2348000000.0	874000000.0	62999000000.0					5.014669926650367	4.480440097799511	182.42843104920036	182.63002721103086	165.0	46.66355102918431	12.817266899716717	338.5	101.82710205836862	34.134533799433434	897.025	269.84182045467685	90.4565145684986	83.64724692028318	-44.75548905497756	-81.48090647807	3년	101.82710205836862	269.84182045467685	-44.75548905497756				4.1167481662591685	0.8428187252279707	판정불가		판정불가	3년	46.66355102918431	3.909441673976033	불리	Y		1636000000.0	152.5725289563119	120.59886922875856		-9.966453840899092	380.7526013183594	252.20680023193358	Y	Y	강한 상승추세	단기위험부채 존재
CHTR	CHARTER COMMUNICATIONS, INC. /MO/	0001091667	Nasdaq 100	제외	PEG=불리, PEGY=판정불가	139.13999938964844	36.21	2025		477000000.0		477000000.0	94006000000.0	750000000.0	16054000000.0					-679.0075792662888	-684.4524753354194	22.594520261141597	22.744890216102398	3.545896482699463	5.610772798941088	43.025880490420356	15.591792965398927	19.721545597882177	94.55176098084071	564.5788232770951	714.1171660993136	3423.7192651162422	305.763134794938	413.2364303808108	2360.6290643486636	3년	19.721545597882177	714.1171660993136	413.2364303808108				32.07406777789203	23.051651515443545	판정불가		판정불가	3년	5.610772798941088	4.026988985439906	불리	N	주당순현금<=0	137743676.0	-36.22989237235389	-34.76487234776676		-66.73042920388174	174.34579956054688	214.82185020446778	N	N	주의	단기위험부채 존재
MAR	MARRIOTT INTERNATIONAL INC /MD/	0001048286	Nasdaq 100	제외	PEG=불리, PEGY=안심	396.8900146484375	9.51	2025	76.0	358000000.0		358000000.0	1816000000.0	355000000.0	-3771000000.0					-5.328947368421052	-6.626461988304094	42.29431777254033	42.43075464108744	14.1656662665066	9.516775967882673		36.831332533013196	27.533551935765345		350.2659723889555	261.8440789091284		-11.74734574785946	-34.02603511175051		3년	27.533551935765345	261.8440789091284	-34.02603511175051	2.131862411197157	2.021944801847699		8.998538011695906	2.2672623849372355	3년	2.021944801847699	안심	3년	9.516775967882673	4.444185500980131	불리	N	주당순현금<=0	273600000.0	26.47462405155887	38.30848427195059		0.0	364.2959997558594	315.98600128173825	Y	Y	강한 상승추세	단기위험부채 존재
VRTX	VERTEX PHARMACEUTICALS INC / MA	0000875320	Nasdaq 100	보류	PEG=불리, PEGY=판정불가	445.0400085449219	15.32	2025		5084800000.0	1523300000.0	6608100000.0			18665800000.0	6977200000.0	72.79101509183793	27.20898490816207	2.675256549905406	25.61279069767442	25.61279069767442	27.377755734154533	27.377755734154533	836.5384615384615	6.118290879552779	46.11882992489094	1681.576923076923	20.736581759105558	100.73765984978188	25761.758461538462	317.68443254949716	1543.3009488986584	5688.638766606104	-28.616657727429818	246.77802428247958	3년	20.736581759105558	317.68443254949716	-28.616657727429818				12.37906976744186	2.781563349307803	판정불가		판정불가	3년	6.118290879552779	4.474739150708005	불리	Y		258000000.0	-5.177480713890514	0.08995904176565261		-10.844001728210584	436.7997998046875	438.1386489868164	Y	Y	중립/개선	
COST	COSTCO WHOLESALE CORP /NEW	0000909832	Nasdaq 100	보류	PEG=불리, PEGY=보통	975.6900024414062	18.21	2025	60.0	14161000000.0	1123000000.0	15284000000.0	5713000000.0	36000000.0	29164000000.0	47935000000.0	37.82669035914863	62.17330964085137	0.6084072181078544	21.517390844935846	21.436456139009852	52.39827630952611	52.402720829346315	9.963768115942043	11.49058481522638	42.2175267261373	28.427536231884087	31.481169630452758	92.9350534522746	517.6654347826093	573.2720989705448	1692.3473233659206	-46.94365695176865	-41.24444264714378	73.45133383874682	3년	31.481169630452758	573.2720989705448	-41.24444264714378	1.335230336636522	1.3643690184180592	1.9507803295345032	17.619035842833792	1.8058026421042355	3년	1.3643690184180592	보통	3년	11.490584815226379	4.5601052646243225	불리	Y		444803000.0	-3.2466299566817014	11.582670876071365		-10.840517368795211	1005.2447973632812	957.2097494506836	N	Y	중립/개선	단기위험부채 존재
REGN	REGENERON PHARMACEUTICALS, INC.	0000872589	Nasdaq 100	제외	PEG=불리, PEGY=안심	611.47998046875	41.48	2025	62.0	3118100000.0	5487100000.0	8605200000.0	1985900000.0		31256900000.0	9301800000.0	77.06583297788144	22.934167022118558	3.360306607323314	60.951197053407	60.951197053407	13.272150034121095	13.272150034121095	8.189880020865917	2.765976893685007	32.28413389720095	24.879760041731835	14.031953787370014	73.0682677944019	1032.0124465310364	582.0454431001082	3030.8717481117906	68.77289191706872	-4.813655116898152	395.6616479558949	3년	14.031953787370014	582.0454431001082	-4.813655116898152	5.288508632016381	4.879840623198163	7.103908082323348			3년	4.879840623198163	안심	3년	2.765976893685007	4.798358968371247	불리	N	FCF<=0	108600000.0	-18.006896971657206	-15.798465737536482		-24.71961715124894	695.6010009765625	696.3369494628906	N	N	주의	
AMGN	AMGEN INC	0000318154	Nasdaq 100	제외	PEG=불리, PEGY=불리(<1)	354.05999755859375	14.23	2025	2.98	9129000000.0	0.0	9129000000.0	50005000000.0	0.0	8658000000.0					-75.41697416974169	-75.41697416974169	30.18109428870945	30.18109428870945	88.22751322751324	5.524568667280372	38.82227702083121	184.95502645502648	19.549137334560744	86.14455404166242	2631.910026455027	278.1842242707994	1225.8370040128561	643.3514219632987	-21.43020217222862	246.22296008178418	3년	19.549137334560744	278.1842242707994	-21.43020217222862	3.022008160308269	0.2817846359686791	1.3850484220669614	14.944649446494465	4.220937002074418	3년	0.2817846359686791	불리(<1)	3년	5.524568667280372	5.463067997952312	불리	N	주당순현금<=0	542000000.0	-3.3177669042311675	12.264567213179479		-8.785038587643735	340.2728021240234	330.4013510131836	Y	Y	강한 상승추세	
AAPL	Apple Inc.	0000320193	Nasdaq 100	제외	PEG=불리, PEGY=보통	295.6300048828125	7.46	2025	37.0	35934000000.0	18763000000.0	54697000000.0	78328000000.0	7979000000.0	73733000000.0	285508000000.0	20.524661717342955	79.47533828265705	0.2582519579136136	-1.5749068441701954	-2.106673663586809	39.83980049959553	39.911082915066935	22.69736842105263	6.880679389561806	59.17805489937251	53.89473684210526	22.26135877912361	126.85610979874502	402.0547368421052	166.06973649226214	946.3465790986379	35.999299868590604	-43.82514164687308	220.11181661813012	3년	22.26135877912361	166.06973649226214	-43.82514164687308	1.4984354256909167	1.1014281908868317	2.4141198925016942	6.582405496092323	2.2265688148608542	3년	1.1014281908868315	보통	3년	6.880679389561806	5.790096913981153	불리	N	주당순현금<=0	15004697000.0	18.195270531771122	6.04419476910012		-6.208758428399008	284.7811996459961	266.5604493713379	Y	Y	강한 상승추세	단기위험부채 존재
KLAC	KLA CORP	0000319201	Nasdaq 100	보류	PEG=불리, PEGY=불리(<1)	2411.639892578125	30.37	2025	43.0	2078908000.0	1475936000.0	3554844000.0	3469670000.0	0.0	4692453000.0	11375473000.0	29.203849955495187	70.79615004450481	0.41250618765479025	0.636814953271028	0.636814953271028	79.38765484441403	79.38765484441403	49.7534516765286	11.48114331133121	63.1164678859619	108.0069033530572	31.46228662266242	134.7329357719238	3280.169654832347	955.5096447302577	4091.839259393326	36.014073449653154	-60.37925696656205	69.67040858737042	3년	31.46228662266242	955.5096447302577	-60.37925696656205	1.1683611495806143	0.6862671963053293	1.3366872732785933	28.012291588785047	1.1615453731294416	3년	0.6862671963053293	불리(<1)	3년	11.48114331133121	6.91461230747491	불리	Y		133750000.0	69.996607150248	94.65819357697998		0.0	1729.0113302612306	1374.967454147339	Y	Y	강한 상승추세	
SNPS	SYNOPSYS INC	0000883241	Nasdaq 100	제외	PEG=불리, PEGY=판정불가	456.2900085449219	8.04	2025		2888030000.0	72929000.0	2960959000.0	13462398000.0	22117000.0	28327602000.0	19897446000.0	58.74043297997339	41.25956702002661	1.4236803055025253	-63.39304945187618	-63.52656106630608	64.63719626825848	64.65380219045124	-44.589937973811175	8.526334391298395	13.492100704033394	-80.67987594762235	25.55266878259679	35.48420140806679	-648.6662026188836	205.44345701207817	285.29297932085694	-242.16094818456284	-54.97524531224703	-37.475514699382295	3년	25.55266878259679	205.44345701207817	-54.975245312247026				8.144311102525716	1.7848979705905408	판정불가		판정불가	3년	8.526334391298395	7.580889195974343	불리	N	주당순현금<=0	165656000.0	10.58090859740286	-4.106504125161137		-29.29572699981293	473.7388012695312	463.1333016967773	N	N	중립/개선	단기위험부채 존재
AVGO	Broadcom Inc.	0001730168	Nasdaq 100	제외	PEG=불리, PEGY=불리(<1)	385.57000732421875	4.77	2025	70.0	16178000000.0		16178000000.0	39440000000.0	3152000000.0	24941000000.0	89800000000.0	21.736781098299648	78.26321890170036	0.27773942093541204	-4.793323717288275	-5.442818874922728	81.83717631897423	81.97333882581583	287.8048780487805	-43.55912867705002	10.237702081843047	584.109756097561	-78.61825735410004	28.975404163686093	2786.203536585366	-375.00908757905717	138.21267786078266	622.6193644887162	-197.26095921763925	-64.15367501742371	5년	28.975404163686093	138.21267786078266	-64.15367501742371	4.372155713855222	0.32309119781811896	0.9804554078100526	5.545847929116011	1.4383504483668537	3년	0.3230911978181189	불리(<1)	5년	10.237702081843047	7.993705585955228	불리	N	주당순현금<=0	4853000000.0	19.68276724028586	-6.6348630204354775		-19.93479629958924	405.0760009765625	357.68130065917967	N	Y	상승전환	단기위험부채 존재
EA	ELECTRONIC ARTS INC.	0000712515	Nasdaq 100	제외	PEG=불리, PEGY=불리(<1)	203.0500030517578	3.51	2026	37.0	2732000000.0		2732000000.0			6764000000.0	6367000000.0	51.51168989414363	48.48831010585637	1.0623527564001884	10.798418972332016	10.798418972332016	54.77253107675949	54.77253107675949	-17.41176470588236	6.816467042447916	4.108225464616777	-26.323529411764717	22.13293408489583	16.716450929233552	-92.39558823529416	77.68659863798436	58.674742761609764	-145.50385956494782	-61.74016376735443	-71.10330367901867	3년	22.13293408489583	77.68659863798436	-61.74016376735443	0.3576288133675297	0.7999715583901447	0.7505263068271715			3년	0.7999715583901447	불리(<1)	3년	6.816467042447916	8.035325445817705	불리	N	FCF<=0	253000000.0	1.9122653350481134	-0.22602892609417946		-0.8496461211089934	202.22719970703125	198.48715003967285	Y	Y	상승전환	
PEP	PEPSICO INC	0000077476	Nasdaq 100	제외	PEG=불리, PEGY=불리(<1)	143.72999572753906	6.0	2025	4.1	9159000000.0	371000000.0	9530000000.0	42321000000.0	4898000000.0	20406000000.0	86852000000.0	19.025154300844694	80.97484569915531	0.23495141159673927	-23.882738528769117	-27.450109249817917	27.935455709384698	28.530017496226165	-13.66906474820144	-2.230046768668525	3.222947933334197	-18.83812949640288	4.039906462662949	14.945895866668394	-113.02877697841727	24.239438775977696	89.67537520001036	-178.6396579268531	-83.135434845537	-37.60844787750292	5년	14.945895866668394	89.67537520001036	-37.60844787750292	-0.34254192406056894	0.06693834712362605	0.26213812330521996			3년	0.066938347123626	불리(<1)	5년	3.222947933334197	8.66767204659275	불리	N	주당순현금<=0 | FCF<=0	1373000000.0	-10.101331412336979	-3.9879768486349554		-15.695940467723169	151.40739959716797	150.33599967956542	N	N	주의	단기위험부채 존재
CTSH	COGNIZANT TECHNOLOGY SOLUTIONS CORP	0001058290	Nasdaq 100	보류	PEG=불리, PEGY=불리(<1)	51.18000030517578	4.56	2025	2.55	1901000000.0	13000000.0	1914000000.0	543000000.0	33000000.0	15015000000.0	5677000000.0	72.56427604871448	27.435723951285524	2.6448828606658448	2.803680981595092	2.736196319018405	10.608841956925591	10.623641225034513	1.1086474501108607	1.1211696562825724	12.15182468925482	10.717294900221722	10.742339312565145	32.80364937850964	48.87086474501105	48.985067265297054	149.58464116600393	-4.511792783110269	-4.288653823350519	192.27166915604062	3년	10.742339312565145	48.985067265297054	-4.2886538233505185	0.34486774946462917	0.34604810507955436	1.3858086253850994	5.306748466257669	10.368793346257567	3년	0.3460481050795543	불리(<1)	3년	1.1211696562825724	9.46229850003344	불리	Y		489000000.0	-15.222790772413342	-38.50036102565757		-40.96885570165705	54.748600006103516	68.166100025177	N	N	주의	단기위험부채 존재
CDNS	CADENCE DESIGN SYSTEMS INC	0000813672	Nasdaq 100	보류	PEG=불리, PEGY=판정불가	383.739990234375	4.06	2025		3001317000.0	154213000.0	3155530000.0			5474181000.0					11.545523065214846	11.545523065214846	91.67351408107393	91.67351408107393	5.454545454545442	9.527334351951566	13.985265633616972	19.409090909090885	27.554668703903133	36.470531267233945	78.80090909090899	111.87195493784671	148.0703569449698	-79.4650255130355	-70.84693860821771	-61.41388421505572	3년	27.554668703903133	111.87195493784671	-70.84693860821771				5.8062214611872145	1.5130613459496303	판정불가		판정불가	3년	9.527334351951566	9.622157751007832	불리	Y		273312000.0	33.69333932563627	13.512392180581445		-7.841212148574039	342.9736004638672	325.29455001831053	Y	Y	강한 상승추세	
MPWR	MONOLITHIC POWER SYSTEMS INC	0001280452	Nasdaq 100	보류	PEG=불리, PEGY=불리(<1)	1589.550048828125	12.86	2025	54.0	1099302000.0	157243000.0	1256545000.0			3531497000.0	662702000.0	84.19955753172418	15.800442468275827	5.328936686474464	26.010577739137634	26.010577739137634	121.58160739416698	121.58160739416698	-64.85378518720962	12.425319328361194	29.728257539054503	-121.20757037441925	33.35063865672239	67.956515078109	-1558.7293550150314	428.8892131254499	873.9207839044818	-198.06104288217816	-73.0182001226295	-45.02087024257156	3년	33.35063865672239	428.8892131254499	-73.0182001226295	-0.08927160464346967	0.5463434869141895	0.688658912590355	13.790163323604297	0.8675513761753468	3년	0.5463434869141895	불리(<1)	3년	12.425319328361194	9.78498855290206	불리	Y		48309000.0	51.013224564547755	62.36134268114291		-5.9376625076506535	1510.060400390625	1127.5694506835937	Y	Y	강한 상승추세	
XEL	XCEL ENERGY INC	0000072903	Nasdaq 100	제외	PEG=불리, PEGY=불리(<1)	78.2699966430664	3.42	2025	3.03	129000000.0		129000000.0	9263144000.0	1550000000.0	23609000000.0					-15.50788455008489	-18.13946349745331	27.420433097412662	28.189900625882956	-0.5813953488372098	2.5625825491252474	44.65267498881473	7.33720930232558	13.625165098250495	97.80534997762946	25.093255813953483	46.598064636016694	334.49429692349275	-67.94013429132248	-40.46497172024012	327.3595391205681	3년	13.625165098250495	46.598064636016694	-40.464971720240115	0.08929854034267005	0.2039567547768949	1.7389468218616129	6.932088285229202	8.856635470219206	3년	0.2039567547768949	불리(<1)	3년	2.5625825491252474	10.700312115515182	불리	N	주당순현금<=0	589000000.0	-4.443910214017965	4.891441653895634		-6.721495379447573	79.79260025024413	78.32865016937257	N	N	판정불가	단기위험부채 존재
VRSK	Verisk Analytics, Inc.	0001442145	Nasdaq 100	제외	PEG=불리, PEGY=불리(<1)	182.0	6.48	2025	1.09	2178200000.0		2178200000.0	4773500000.0	195263000.0	309000000.0	5885700000.0	4.988135018644971	95.01186498135503	0.052500127427493756	-18.526903375906187	-19.9208149598809	30.945509780232435	31.160619592574207	-3.4277198211624373	2.5985568006018145	8.497453996787208	1.6445603576751253	13.697113601203629	25.494907993574415	10.656751117734812	88.75729613579952	165.20700379836222	-94.14464224300285	-51.23225487043983	-9.22692098991087	3년	13.697113601203629	88.75729613579952	-51.23225487043983	-0.0755431026266609	0.11919521852433705	0.30981729061421187	8.508540875329475	4.675022458972239	3년	0.119195218524337	불리(<1)	3년	2.5985568006018145	11.908729404362294	불리	N	주당순현금<=0	140082773.0	-9.551734968743064	-15.14360144281216		-42.021599223736885	175.69200103759766	210.25825042724608	Y	N	주의	단기위험부채 존재
AMAT	APPLIED MATERIALS INC /DE	0000006951	Nasdaq 100	보류	PEG=불리, PEGY=불리(<1)	552.6400146484375	8.66	2025	43.0	7241000000.0	1332000000.0	8573000000.0	6455000000.0	100000000.0	20415000000.0	15884000000.0	56.24121876635721	43.7587812336428	1.2852556031226392	2.621287128712871	2.4975247524752477	63.5125551408458	63.52684640830973	0.5807200929152232	5.191743203490939	47.74832161975129	9.661440185830447	18.88348640698188	103.99664323950257	83.66807200929168	163.53099228446308	900.6109304540923	-84.86029426180491	-70.40912927948342	62.96520457843011	3년	18.88348640698188	163.53099228446308	-70.40912927948342	0.6861748830017997	0.7587750657585836	1.4288249216002618	7.051980198019802	1.2760531288176673	3년	0.7587750657585836	불리(<1)	3년	5.191743203490939	12.233377625098989	불리	Y		808000000.0	61.81302275750129	100.85045499086914		0.0	422.9434002685547	307.2233001708984	Y	Y	강한 상승추세	단기위험부채 존재
ARM	ARM HOLDINGS PLC /UK	0001973239	Nasdaq 100	보류	PEG=불리, PEGY=판정불가	342.2300109863281	0.85	2026		2751000000.0	850000000.0	3601000000.0			8286000000.0	2417000000.0	77.41754648229468	22.582453517705318	3.428216797683078	3.3717228464419478	3.3717228464419478	398.6568095763367	398.6568095763367	13.33333333333333			35.16666666666666			29.89166666666666			-91.2656208669377			1년	35.16666666666666	29.89166666666666	-91.2656208669377				0.9166666666666666	0.26785104673455623	판정불가		판정불가	1년	13.33333333333333	29.899260718225257	불리	Y		1068000000.0	195.66307644607178	141.8244775681683		-16.90017188044768	238.48530029296876	161.06382526397704	Y	Y	강한 상승추세	
TSLA	Tesla, Inc.	0001318605	Nasdaq 100	보류	PEG=불리, PEGY=판정불가	399.1499938964844	1.08	2025		16513000000.0	27546000000.0	44059000000.0	0.0	50841000.0	82137000000.0	54941000000.0	59.919899619194915	40.08010038080509	1.4950037312753681	12.488378684807257	12.473967970521542	358.0200140848862	358.03335733885444	-47.05882352941176	-33.18021688674605	11.032151746146003	-85.61764705882352	-57.860433773492105	30.564303492292005	-92.46705882352941	-62.489268475371475	33.00944777167537	-123.16599279405472	-115.65558547686648	-91.73006431756679	5년	30.564303492292005	33.00944777167537	-91.73006431756679				1.7630385487528344	0.44169825271500845	판정불가		판정불가	5년	11.032151746146003	32.45241928529108	불리	Y		3528000000.0	2.0322038449338775	-11.584896864852123		-18.52086431003287	397.7966015625	415.4206004333496	Y	N	중립/개선	단기위험부채 존재
WDC	WESTERN DIGITAL CORP	0000106040	Nasdaq 100	제외	PEG=불리, PEGY=불리(<1)	529.2899780273438	0.75	2025	12.0	2114000000.0	24000000.0	2138000000.0	2485000000.0	255000000.0	5311000000.0	8462000000.0	38.56095258839759	61.43904741160241	0.6276294020326164	-0.9665738161559888	-1.6768802228412256	707.008735791333	707.9558110002466	128.73563218390805	-45.95080650627739	8.88624888199654	265.9712643678161	-83.40161301255478	26.27249776399308	199.4784482758621	-62.55120975941608	19.70437332299481	-62.31206775928094	-111.81794712844244	-96.2772064197337	5년	26.27249776399308	19.70437332299481	-96.2772064197337	0.1990578405320367	-0.048020349378395305	0.029541712605034798	3.562674094707521	0.6731043931694224	5년	0.0295417126050347	불리(<1)	5년	8.88624888199654	79.56211278571394	불리	N	주당순현금<=0	359000000.0	94.38464924063584	190.8985913189691		-10.9104389628903	443.81599670410156	251.3524488067627	Y	Y	강한 상승추세	단기위험부채 존재
CTAS	CINTAS CORP	0000723254	Nasdaq 100	제외	PEG=판정불가, PEGY=양호	181.8800048828125	4.4	2025	100.0	263973000.0	0.0	263973000.0	2424999000.0	0.0	4684481000.0					-5.267120983899036	-5.267120983899036	42.533437696979895	42.533437696979895	-70.95709570957096	-27.715987825710187	-11.511595525071694	-133.41419141914193	-46.93197565142037	-14.523191050143389	-587.0224422442245	-206.50069286624966	-63.90204062063091	-422.7525986830988	-213.53677552367597	-135.1341757780377	판정불가				0.6828252279380475	1.699463200911747	2.0804432763075593	4.282429817249431	2.3545357940850358	3년	1.699463200911747	양호	판정불가			판정불가	N	주당순현금<=0	410286000.0	-6.382537561455736	-1.9726142803487168		-19.618154661011378	173.24459838867188	187.54849975585938	Y	N	주의	
CEG	Constellation Energy Corp	0001868275	Nasdaq 100	제외	PEG=판정불가, PEGY=불리(<1)	246.7100067138672	7.4	2025	70.0	3641000000.0		3641000000.0	7250000000.0	1650000000.0	14517000000.0	42396000000.0	25.50735332876496	74.49264667123504	0.3424143787149731	-11.493630573248408	-16.748407643312103	34.89238341717778	35.60248842664584	-37.76282590412111			-67.02565180824222			-495.98982338099245			-301.04163182818866			판정불가				0.923902896240911			4.101910828025478	1.6626446906885497	1년	0.923902896240911	불리(<1)	판정불가			판정불가	N	주당순현금<=0	314000000.0	-18.245678597718396	-31.8612418252726		-38.925609788712144	285.6228009033203	320.48862525939944	N	N	주의	단기위험부채 존재
ODFL	OLD DOMINION FREIGHT LINE, INC.	0000878927	Nasdaq 100	제외	PEG=판정불가, PEGY=불리(<1)	247.75999450683594	4.84	2025	49.0	120091000.0	0.0	120091000.0	45000000.0	20000000.0	4311057000.0	1159103000.0	78.81043698904602	21.189563010953975	3.719304496666819	0.3548757549693286	0.2603569031843401	51.11676007269971	51.13628876108504	-11.67883211678833	-26.48103950985108	-3.150049031832014	-14.85766423357666	-44.46207901970216	2.199901936335972	-71.91109489051104	-215.19646245535844	10.647525371866104	-129.02449809689793	-186.8568240339628	-95.70248401358747	판정불가				0.7301160681962715	0.44053966757912305	0.8969651226517268			3년	0.440539667579123	불리(<1)	판정불가			판정불가	N	FCF<=0	211598000.0	37.07330263172113	57.487911881564166		-0.38998160148150385	214.03179931640625	174.4835496520996	Y	Y	강한 상승추세	단기위험부채 존재
LRCX	LAM RESEARCH CORP	0000707549	Nasdaq 100	제외	PEG=판정불가, PEGY=불리(<1)	362.5199890136719	4.15	2025	32.0	6390659000.0	2574947000.0	8965606000.0	3719694000.0	749670000.0	9861619000.0	11483641000.0	46.20051008982791	53.79948991017209	0.858753682738776	4.066150857812551	3.4850752862863157	86.37441883273718	86.51443704274351	-85.68965517241381	-49.77203332215717	-22.764985950471615	-162.87931034482762	-91.04406664431433	-37.02997190094323	-675.9491379310347	-377.8328765739045	-153.67438338891444	-286.4584459935925	-204.224011923286	-142.39059584190787	판정불가				-0.6215920859205207	-0.20575574993531884	0.10691839290301747			5년	0.1069183929030174	불리(<1)	판정불가			판정불가	N	FCF<=0	1290142000.0	70.83882857081016	115.4522767436223		0.0	283.0327981567383	203.16819904327392	Y	Y	강한 상승추세	단기위험부채 존재
CSX	CSX CORP	0000277948	Nasdaq 100	제외	PEG=판정불가, PEGY=판정불가	47.3650016784668	1.54	2025	1.21	1958000000.0	5000000.0	1963000000.0	9832000000.0		13160000000.0	30522000000.0	30.126825694794196	69.87317430520581	0.4311644060022279	-4.201281366791244	-4.201281366791244	33.484599380037686	33.484599380037686	-13.966480446927374	-7.566647873326204	-15.619198935967571	-19.432960893854748	-6.633295746652408	-22.738397871935142	-29.92675977653631	-10.21527544984471	-35.01713272278012	-163.18327608154965	-121.56713836767116	-173.93039476804177	판정불가				-0.3809655986068726	-0.18983795509035742	-0.4303231695391827	0.9135077415910304	1.92865556680922	판정불가		판정불가	판정불가			판정불가	N	주당순현금<=0	1873000000.0	20.521635109348345	27.70288887464991		0.0	44.74689994812012	38.72187490463257	Y	Y	강한 상승추세	
AXON	AXON ENTERPRISE, INC.	0001069183	Nasdaq 100	제외	PEG=판정불가, PEGY=판정불가	446.20001220703125	1.51	2025		1201147000.0	505417000.0	1706564000.0	1730170000.0	80552000.0	3242658000.0	3757655000.0	46.32161447638127	53.67838552361873	0.8629472370401221	-0.28658492169479177	-1.264513779288576	295.6864881647192	296.33412316974824	-68.54166666666667	-9.393302099393695		-128.58333333333334	-10.286604198787394		-194.16083333333336	-15.532772340168965		-143.51430480088047	-103.48112324411188		판정불가							0.9115090445550564	0.20428261309238324	판정불가		판정불가	판정불가			판정불가	N	주당순현금<=0	82370000.0	-10.072953606859436	-21.497563168308588		-48.769759323984665	409.92340087890625	552.7090005493164	Y	N	주의	단기위험부채 존재
ORLY	O REILLY AUTOMOTIVE INC	0000898173	Nasdaq 100	제외	PEG=판정불가, PEGY=판정불가	90.0999984741211	2.97	2025		193793000.0		193793000.0	6016904000.0	25000.0	-763352000.0					-6.803343540685509	-6.803372749056861	32.62738788377326	32.62739771824173	-92.6955238563699	-29.203737570730283	-11.269579863367396	-176.8910477127398	-49.907475141460566	-14.039159726734791	-525.3664117068373	-148.2252011701379	-41.69630438840233	-683.0925866860423	-264.5118797784572	-146.2778080960551	판정불가							1.861365386210611	2.065888365964002	판정불가		판정불가	판정불가			판정불가	N	주당순현금<=0	855919000.0	-1.5730854566355923	-3.770157943871999		-16.43479991732346	91.7725993347168	95.94259979248046	N	N	주의	단기위험부채 존재
FANG	Diamondback Energy, Inc.	0001539838	Nasdaq 100	제외	PEG=판정불가, PEGY=판정불가	191.58999633789062	5.73	2025	2.24	104000000.0		104000000.0	13726000000.0	763000000.0	36972000000.0	28092000000.0	56.824050165990414	43.17594983400959	1.316104228961982	-47.12206697823086	-49.76148388502797	41.6600459539479	42.12067717677462	-63.10367031551834	-38.48028199276532		-117.70734063103669	-68.46056398553064		-674.4630618158403	-392.2790316370906		-452.03459194516	-304.74922445599		판정불가				-1.460960229923861	-0.8699049932116318				판정불가		판정불가	판정불가			판정불가	N	주당순현금<=0 | FCF<=0	289079000.0	5.055656888502158	19.53456313766706		-10.342087065853933	196.21419921875	165.84824981689454	N	Y	상승전환	단기위험부채 존재
CSGP	COSTAR GROUP, INC.	0001057352	Nasdaq 100	보류	PEG=판정불가, PEGY=판정불가	32.650001525878906	0.02	2025		1633000000.0	0.0	1633000000.0	993000000.0	0.0	8334000000.0	2167000000.0	79.3638701076088	20.6361298923912	3.845869866174435	1.5212740670311387	1.5212740670311387	1556.4363729423883	1556.4363729423883	-94.11764705882352	-72.19119357371476	-53.398733410393206	-179.73529411764704	-135.8823871474295	-98.29746682078641	-3.5947058823529408	-2.71764774294859	-1.9659493364157283	-111.00981842069355	-108.3235761590839	-106.02128405677864	판정불가							0.2923698597575469	0.8954666036563887	판정불가		판정불가	판정불가			판정불가	Y		420700000.0	-25.166168401174993	-51.89332517372976		-66.28111028765093	35.385800170898435	58.30285005569458	N	N	주의	
ASML	ASML HOLDING NV	0000937966	Nasdaq 100	제외	PEG=판정불가, PEGY=판정불가	1899.47998046875			51.0																											판정불가									판정불가		판정불가	판정불가			판정불가	N	주당순현금<=0 | FCF<=0 | 순현금차감PER<=0/불가	388900000.0	41.152870510705284	69.6994667848269		0.0	1527.00919921875	1239.6587478637696	Y	Y	강한 상승추세	EPS 없음
TEAM	Atlassian Corp	0001650372	Nasdaq 100	제외	PEG=판정불가, PEGY=판정불가	89.19999694824219	-0.98	2025		2512874000.0	424268000.0	2937142000.0	987684000.0	0.0	1345654000.0	4696316000.0	22.27177559637006	77.72822440362994	0.28653395555154293	7.4467334130419	7.4467334130419			15.51724137931034			39.53448275862068			-38.74379310344827			-143.43474711768113			1년	39.53448275862068	-38.74379310344827	-143.43474711768113				5.407231833513506	6.061919303260764	판정불가		판정불가	1년	15.51724137931034		판정불가	N	순현금차감PER<=0/불가	261787000.0	18.60124721987639	-44.84634928296521		-59.617910636644986	81.63710021972656	122.01367485046387	Y	N	중립/개선	
BKR	Baker Hughes Co	0001701605	Nasdaq 100	제외	PEG=판정불가, PEGY=판정불가	63.47999954223633	2.98	2024	1.46	7023000000.0		7023000000.0			18834000000.0									56.020942408376975		111.75011009858267	120.54188481675395		232.00022019716533	359.21481675392675		691.3606561875526	465.87085592986443		989.0999703419292	5년	232.00022019716533	691.3606561875526	989.0999703419292						판정불가		판정불가	5년	111.75011009858267		판정불가	N	주당순현금<=0 | FCF<=0 | 순현금차감PER<=0/불가		16.992262266702184	32.13987995932472		-8.884740619195409	64.29399993896484	54.75315004348755	N	Y	상승전환	
CCEP	COCA-COLA EUROPACIFIC PARTNERS plc	0001650107	Nasdaq 100	제외	PEG=판정불가, PEGY=판정불가	97.69000244140625			2.47																											판정불가									판정불가		판정불가	판정불가			판정불가	N	주당순현금<=0 | FCF<=0 | 순현금차감PER<=0/불가		-2.7573130283798153	8.544447157118062		-11.536718127829626	94.42440048217773	92.95919990539551	Y	Y	강한 상승추세	EPS 없음
CRWD	CrowdStrike Holdings, Inc.	0001535527	Nasdaq 100	제외	PEG=판정불가, PEGY=판정불가	691.530029296875	-0.65	2026		5230125000.0	0.0	5230125000.0	745471000.0		4428390000.0	6614079000.0	40.10325951560289	59.89674048439711	0.6695399314099514	17.897380435476663	17.897380435476663															판정불가							5.228916576208416	0.7561373121460837	판정불가		판정불가	판정불가			판정불가	N	순현금차감PER<=0/불가	250576000.0	56.53267038065874	33.104295827736905		-11.588267971629973	537.9094006347656	482.88805068969725	Y	Y	강한 상승추세	
DDOG	Datadog, Inc.	0001561550	Nasdaq 100	보류	PEG=판정불가, PEGY=판정불가	234.24000549316406	0.31	2025		401305000.0	4073531000.0	4474836000.0			3732206000.0	2911638000.0	56.175400867329216	43.824599132670784	1.2818234959153576	12.311363736408858	12.311363736408858	715.8988443766298	715.8988443766298	-40.38461538461539			-72.26923076923077			-22.40346153846154			-109.56431908003663			판정불가							2.752776004754149	1.1751946466012546	판정불가		판정불가	판정불가			판정불가	Y		363472000.0	88.11436862193904	54.920641680533635		-15.586142298207195	174.95420043945313	149.07520042419435	Y	Y	강한 상승추세	
FER	Ferrovial N.V.	0001468522	Nasdaq 100	제외	PEG=판정불가, PEGY=판정불가	67.3499984741211			2.58																											판정불가									판정불가		판정불가	판정불가			판정불가	N	주당순현금<=0 | FCF<=0 | 순현금차감PER<=0/불가		6.5495957120895065	1.5530741616955446		-9.451464155537902	68.52420028686524	65.35774990081786	N	Y	상승전환	EPS 없음
HON	HONEYWELL INTERNATIONAL INC	0000773840	Nasdaq 100	제외	PEG=판정불가, PEGY=판정불가	219.1199951171875	-0.18	2025	2.31	12487000000.0	443000000.0	12930000000.0	29046000000.0	5893000000.0	13904000000.0					-25.07156191661481	-34.23926571250778			-102.06659012629163			-195.63318025258326			35.21397244546498			-83.92936599572658			판정불가							8.434971997510889	3.8494761708075904	판정불가		판정불가	판정불가			판정불가	N	주당순현금<=0 | 순현금차감PER<=0/불가	642800000.0	-6.558637476679108	14.089345986968627		-11.659409350001038	222.09699981689454	212.92985610961915	N	Y	중립/개선	단기위험부채 존재
INSM	INSMED Inc	0001104506	Nasdaq 100	제외	PEG=판정불가, PEGY=판정불가	96.72000122070312	-6.42	2025		510445000.0	0.0	510445000.0	540964000.0	0.0	738976000.0	1525582000.0	32.63223993379724	67.36776006620276	0.4843895641138923	-0.1533510205312189	-0.1533510205312189			-15.260323159784553			-22.020646319569106			141.37254937163365			46.16681925906816			판정불가							-4.861843890379571	-5.026720253327379	판정불가		판정불가	판정불가			판정불가	N	주당순현금<=0 | FCF<=0 | 순현금차감PER<=0/불가	199014000.0	-30.666665791610658	-49.05451771860013		-54.250035691173835	125.97939926147461	154.57359981536865	N	N	주의	
INTC	INTEL CORP	0000050863	Nasdaq 100	제외	PEG=판정불가, PEGY=판정불가	116.95999908447266	-0.06	2025	0.42749658337367313	14265000000.0	23151000000.0	37416000000.0	44086000000.0	0.0	114281000000.0					-1.4724061810154525	-1.4724061810154525			98.63013698630138			205.76027397260276			-12.345616438356165			-110.55541769407824			1년	205.76027397260276	-12.345616438356165	-110.55541769407824				-1.0924944812362032	-0.9340753161661407	판정불가		판정불가	1년	98.63013698630138		판정불가	N	주당순현금<=0 | FCF<=0 | 순현금차감PER<=0/불가	4530000000.0	155.53855782108363	186.8072648002401		-9.64153516806594	94.15499977111817	53.002499980926515	Y	Y	강한 상승추세	
KHC	Kraft Heinz Co	0001637459	Nasdaq 100	제외	PEG=판정불가, PEGY=판정불가	24.219999313354492	-4.93	2025	6.65	2615000000.0		2615000000.0		0.0	41664000000.0	39997000000.0	51.020683067804704	48.979316932195296	1.0416781258594394	2.203032855939343	2.203032855939343			-318.14159292035396			-627.7831858407079			3094.97110619469			12678.576358126385			판정불가							3.08424599831508	12.734294325989017	판정불가		판정불가	판정불가			판정불가	N	순현금차감PER<=0/불가	1187000000.0	7.263061980468177	-0.5338852816370587		-16.309609998619244	23.006599998474123	24.208249979019165	Y	Y	상승전환	
MSTR	Strategy Inc	0001050446	Nasdaq 100	제외	PEG=판정불가, PEGY=판정불가	120.1500015258789	-15.23	2025		2301470000.0	0.0	2301470000.0	8158842000.0	31313000.0	44123458000.0	10598110000.0	80.63266388857862	19.36733611142137	4.163332707435571	-21.095483685082474	-21.208258301519844			-151.32013201320134			-294.1402640264027			4479.756221122113			3628.469549921084			판정불가							-0.2717460203126125	-0.2261722986779002	판정불가		판정불가	판정불가			판정불가	N	주당순현금<=0 | FCF<=0 | 순현금차감PER<=0/불가	277660000.0	-13.975797879982032	-34.927425301640824		-73.6455356142953	154.76560012817382	197.34465019226073	N	N	주의	단기위험부채 존재
MNST	Monster Beverage Corp	0000865752	Nasdaq 100	보류	PEG=판정불가, PEGY=판정불가	92.02999877929688	2.28	2010	0.005659024306291303	2088117000.0	677084000.0	2765201000.0	373951000.0		8254108000.0					2.429018813531603	2.429018813531603	39.298675423581265	39.298675423581265													판정불가							1.9969526162297564	2.1698931247611752	판정불가		판정불가	판정불가			판정불가	Y		984451000.0	19.348979446049164	24.600593039256992		0.0	81.61860015869141	75.38595014572144	Y	Y	강한 상승추세	
PANW	Palo Alto Networks Inc	0001327567	Nasdaq 100	제외	PEG=판정불가, PEGY=판정불가	279.5299987792969	1.6	2025		2268600000.0	634600000.0	2903200000.0	1991500000.0		7824400000.0	15751800000.0	33.18770624612957	66.81229375387043	0.4967305323836006	1.2853517552516565	1.2853517552516565	173.90290439002825	173.90290439002825	-78.02197802197801			-147.54395604395603			-236.07032967032967			-184.45259210147213			판정불가									판정불가		판정불가	판정불가			판정불가	N	FCF<=0	709300000.0	67.36318502500909	44.86421489080943		-6.972181656364651	212.89519897460937	193.78699996948242	Y	Y	강한 상승추세	
TTWO	TAKE TWO INTERACTIVE SOFTWARE INC	0000946581	Nasdaq 100	제외	PEG=판정불가, PEGY=판정불가	212.0800018310547	-1.62	2026	0.00047152017699274225	1545500000.0	443800000.0	1989300000.0	2488000000.0	30000000.0	3510900000.0	5872300000.0	37.416872708670816	62.58312729132919	0.5978747679784752	-2.9318048206937095	-3.1081716637272194			93.66692728694292			195.83385457388584			-317.2508444096951			-249.59017430715633			1년	195.83385457388584	-317.2508444096951	-249.59017430715633				2.7131099353321577	1.2792860769085863	판정불가		판정불가	1년	93.66692728694292		판정불가	N	주당순현금<=0 | 순현금차감PER<=0/불가	170100000.0	1.6780132176021922	-13.795627124621356		-19.142935330404633	217.2552001953125	231.11379997253417	N	N	중립/개선	단기위험부채 존재
TRI	THOMSON REUTERS CORP /CAN/	0001075124	Nasdaq 100	제외	PEG=판정불가, PEGY=판정불가	80.25			3.2																											판정불가									판정불가		판정불가	판정불가			판정불가	N	주당순현금<=0 | FCF<=0 | 순현금차감PER<=0/불가		-16.701263181969228	-38.19792358267185		-62.536764163779424	88.32020050048828	120.4827502822876	N	N	주의	EPS 없음
ZS	Zscaler, Inc.	0001713683	Nasdaq 100	제외	PEG=판정불가, PEGY=판정불가	126.11000061035156	-0.27	2025		2389023000.0	1226654000.0	3615677000.0	1142275000.0		1799273000.0	4620615000.0	28.026548126696294	71.9734518733037	0.3894011944297458	16.019028004455844	16.019028004455844			30.769230769230766			70.03846153846153			-18.910384615384615			-114.99515068104154			1년	70.03846153846153	-18.910384615384615	-114.99515068104154				5.234326830911116	4.15060408022983	판정불가		판정불가	1년	30.769230769230766		판정불가	N	순현금차감PER<=0/불가	154404000.0	-17.982566912263454	-48.16473998499647		-62.49739651752739	141.91019927978516	215.2597750854492	N	N	주의	
