티커	종목코드	유니버스	현재가	3M수익률(보조,%)	6M수익률(보조,%)	12M수익률(보조,%)	52주고점대비(보조,%)	40일이평(보조)	200일이평(보조)	40일선상회(보조)	200일선상회(보조)	추세판정(보조)	종목명	시장	통화	섹터	산업	업종	사업설명	시가총액	배당수익률(%)	EPS(FY)	EPS Growth 1Y(%)	EPS Growth 3Y CAGR(%)	EPS Growth 5Y CAGR(%)	현금및단기투자	장기부채	단기위험부채	총부채	주주지분	주당순현금(린치식)	주당잉여현금흐름	잉여현금흐름수익률(%)	순현금차감PER(린치식)	사용연성장률(%)	린치PER배수	배당감안점수	린치PER판정	배당감안점수판정	그레이엄적정PER(3년)	그레이엄내재가치(3년)	그레이엄괴리율(3년,%)	종합판정	데이터상태
2330.TW	2330.TW	Taiwan 50	2375.0	4.625550660792954	24.020887728459538		-5.378486055776888	2389.125	1971.925	N	Y	상승전환/양호	TAIWAN SEMICONDUCTOR MANUFACTUR	TAI	TWD	Technology	Semiconductors	Semiconductors	Taiwan Semiconductor Manufacturing Company Limited, together with its subsidiaries, manufactures, packages, tests, and sells integrated circuits and other semiconductor devices in Taiwan, China, Europe, the Middle East, Africa, Japan, the United States, and internationally. It provides various wafer fabrication processes, such as processes to manufacture complementary metal- oxide-semiconductor (CMOS) logic, mixed-signal, radio frequency, embedded memory, bipolar CMOS mixed-signal, and others. T	61589378039808.0	1.16	85.55	46.54981153856048	19.574951863097922		3488279800000.0	896062000000.0	136925700000.0	1064582700000.0	5355038700000.0	99.96069751058748	38.26794070252923	1.6112817137907045	26.59309529502528	19.574951863097922	1.3585267274734778	0.7797118625366176	보통	불리(<1)	47.649903726195845	4076.4492637760545	71.63996900109704	보류	충분
2317.TW	2317.TW	Taiwan 50	243.5	-5.984555984555984	7.268722466960353		-21.197411003236244	247.425	235.805	N	Y	상승전환/양호	HON HAI PRECISION INDUSTRY	TAI	TWD	Technology	Electronic Components	Electronic Components	Hon Hai Precision Industry Co., Ltd. provides electronic manufacturing services. The company offers consumer electronics, including smartphones, feature phones, wearable devices, televisions, game consoles, set-top boxes, and audio systems; cloud and networking products comprising routers, servers, edge computing, data centers, and satellite communications and other related equipment; electronic computing equipment, such as desktop computers, laptops, tablets, multi-function devices and printers	3415253712896.0	2.92	13.94	23.999718516214784	10.202197342011932		2177167157000.0	306085648000.0	940440828000.0	1286493270000.0	1772771627000.0	133.40395041050823	3.6603930293812184	1.5032414905056337	7.897851477008018	10.202197342011932	0.7741323964088815	1.6614895051157734	헐값	양호(>=1.5)	28.904394684023863	402.92726189529265	65.4732081705514	양호	충분
2454.TW	2454.TW	Taiwan 50	3765.0	-11.72332942555686	102.96495956873315		-18.85775862068966	3847.375	2523.4	N	Y	상승전환/양호	MEDIATEK INC	TAI	TWD	Technology	Semiconductors	Semiconductors	MediaTek Inc. engages in the research, development, production, manufacture, and marketing of multimedia integrated circuits (ICs) in Taiwan, rest of Asia, and internationally. The company offers multimedia, computer peripherals oriented, consumer-oriented, and other ICs for various applications. It also offers design, test runs, maintenance and repair, and technological consultation services for software and hardware solutions; and sale and delegation patents and circuit layout rights for its I	6009294159872.0	1.41	60.64	-1.0032496768530352	-3.7570524355304835		260128122000.0	60000000.0	4480763000.0	13730009000.0	400600988000.0	162.94035255259004	86.06841542588877	2.2860136899306447	59.40071977980558	-3.7570524355304835		-0.03951218847567583	판정불가	불리(<1)	0.985895128939033	59.78468061886296	-98.41209347625862	보류	일부부족
2308.TW	2308.TW	Taiwan 50	1735.0	-26.170212765957444	37.698412698412696		-31.150793650793652	1798.5	1544.395	N	Y	상승전환/양호	DELTA ELECTRONIC	TAI	TWD	Technology	Electronic Components	Electronic Components	Delta Electronics, Inc., together with its subsidiaries, provides power and thermal management solutions in Mainland China, the United States, Taiwan, Thailand, and internationally. It operates through Power Electronics, Mobility, Automation, and Infrastructure segments. The company offers inductors, transformer components, networking products, EMI filters, solenoids, current sensing resistors, power modules, and stamping and over molding components; embedded power, adapters, industrial and medi	4506737704960.0	66.0	31.33	70.62397666530782	22.54086445612693		159053571000.0	56703273000.0	17326736000.0	76525994000.0	268057976000.0	39.40272982449256	19.757704684663608	1.1387726043033781	54.120564001771704	22.54086445612693	2.40099771271465	1.635993010960278	매우 불리	양호(>=1.5)	53.58172891225386	1678.7155668209132	-3.2440595492269075	보류	충분
2382.TW	2382.TW	Taiwan 50	325.0	2.6856240126382325	13.636363636363647		-22.062350119904075	334.975	310.055	N	Y	상승전환/양호	QUANTA COMPUTER	TAI	TWD	Technology	Computer Hardware	Computer Hardware	Quanta Computer Inc. manufactures, processes, and sells laptop computers and cloud-computing server related products in the United States, Mainland China, the Netherlands, Japan, and internationally. The company provides notebook PCs; servers, storage devices, and network switches; cameras, including automotive cameras, camera module, and AI dash-camera and AI body-worn camera; and smart healthcare solutions. It also offers mobile computing solutions for the wireless communication of notebook PC	1332343472128.0	4.85	22.63	25.603756952240488	37.322961044476074		230393427000.0	56578932000.0	258327344000.0	322496262000.0	243577029000.0	42.39875957136819	-6.229886661808861	-1.9168882036334953	12.487902802856023	37.322961044476074	0.33459035546442195	3.377105164113784	매우 유망	안심(>=2)	60.0	1357.8	317.78461538461534	보류	충분
2303.TW	2303.TW	Taiwan 50	123.5	-5.363984674329503	96.65605334453282		-30.81232492997199	135.125	86.58175004959107	N	Y	상승전환/양호	UNITED MICRO ELECTRONICS	TAI	TWD	Technology	Semiconductors	Semiconductors	United Microelectronics Corporation operates as a semiconductor wafer foundry in Taiwan, China, Hong Kong, Japan, Korea, the United States, Europe, and internationally. It manufactures and sells integrated circuits. The company offers circuit design; mask tooling; wafer fabrication; and assembly and testing services for communication devices, consumer electronics, computer, and other applications. It also provides venture capital and marketing support; consulting and planning; energy technical; 	1548633505792.0	2.24	6.59	-17.259341564967112	-23.3089317909408		146070330000.0	45372054000.0	8408772000.0	59781672000.0	365824997000.0	8.030458271970222	3.918048719616251	3.1725090847095148	17.521933494389952	-23.3089317909408		-1.2024319004341903	판정불가	불리(<1)	0.0	0.0	-100.0	보류	일부부족
2412.TW	2412.TW	Taiwan 50	136.5	0.3676470588235281	2.6315789473684292		-6.825938566552903	137.7	135.505	N	Y	상승전환/양호	CHUNGHWA TELECOM	TAI	TWD	Communication Services	Telecom Services	Telecom Services	Chunghwa Telecom Co., Ltd., together with its subsidiaries, operates as an integrated telecommunications service provider in Taiwan and internationally. The company operates through Consumer Business, Enterprise Business, International Business, and Others segments. Its services primarily include mobile, fixed-line, information and communication technology (ICT), and sales and other services. The company provides mobile services, including prepaid and postpaid plans; fixed-line services, such as	1058891497472.0	3.81	5.08	4.0764742262497045	2.1070421075218615		80236000000.0	24888000000.0	2240000000.0	38019000000.0	384131000000.0	7.134821964796407	6.394372131635488	4.684521708157867	25.465586227402284	2.1070421075218615	12.0859408250521	0.23235444315649878	매우 불리	불리(<1)	12.714084215043723	64.58754781242212	-52.68311515573472	보류	충분
2882.TW	2882.TW	Taiwan 50	98.9000015258789	19.013241085291032	25.50761128894743		-14.372293051187091	97.4775001525879	81.0684998512268	Y	Y	상승전환/양호	CATHAY FINANCIAL HLDG CO	TAI	TWD	Financial Services	Insurance - Life	Insurance - Life	Cathay Financial Holding Co., Ltd., through its subsidiaries, provides various financial products and services in Taiwan, rest of Asia, and internationally. The company offers consumer banking services, such as deposit and remittance services; and credit services, including secured and unsecured consumer loans, adjustable-rate mortgage, revolving mortgage, and government subsidized mortgage. It also provides corporate banking services, including corporate, sustainable, working capital, capital e	1450784849920.0	3.48	7.06	-2.836521477400711	42.07576363585104		790688699000.0	0.0	0.0	441882992000.0	928286508000.0	53.90124614754305	12.470106092966152	12.608802730607776	6.373761385033408	42.07576363585104	0.15148296392659136	7.147390823701546	매우 유망	안심(>=2)	60.0	423.59999999999997	328.31141907430367	매우 유망	충분
2891.TW	2891.TW	Taiwan 50	63.599998474121094	10.416666942614095	21.839075755867277		-12.154700091563274	65.81500024795533	55.30175006866455	N	Y	상승전환/양호	CTBC FINANCIAL HOLDINGS COMPANY	TAI	TWD	Financial Services	Banks - Regional	Banks - Regional	CTBC Financial Holding Co., Ltd., together with its subsidiaries, engages in corporate and personal finance, life insurance, and other businesses in Taiwan, Asia, and North America. The company offers commercial banking and capital market services; customized financing and wealth management and credit services; life insurance services; and designs, provides, and trades in various financial products. It is also involved in deposit and loan; securities and futures; venture capital; asset managemen	1251389341696.0	3.85	4.06	11.926931815510834	37.10774106785184		641748921000.0	0.0	0.0	331234874000.0	518343310000.0	32.61593375660972	0.003445935736237338	0.005418138080049629	7.631543033869797	37.10774106785184	0.20565905695837028	5.366901671926106	매우 유망	안심(>=2)	60.0	243.59999999999997	283.01887711384313	매우 유망	충분
2881.TW	2881.TW	Taiwan 50	132.0	27.536231884057962	38.65546662965236		-4.693140794223827	126.6	102.86499988555909	Y	Y	상승전환/양호	FUBON FINANCIAL HLDG CO LTD	TAI	TWD	Financial Services	Insurance - Life	Insurance - Life	Fubon Financial Holding Co., Ltd. provides various financial products and services in Taiwan, Asia, and internationally. It operates through Banking Business, Property Insurance Business, Life Insurance Business, Securities Business, and Others segments. The company offers insurance products, including property, casualty, life, health, accident, fire, transportation, fishing vessel, car, liability, engineering and nuclear, guarantee and letter of credit, and personal and commercial multiple peri	1803875385344.0	3.17	8.38	-19.809129596654984	37.10650367758417		922185721000.0	0.0	0.0	600644627000.0	982581684000.0	67.48166890931621	0.4210099576148224	0.31894693758698667	7.699084855690189	37.10650367758417	0.20748613026403678	5.2313365071975895	매우 유망	안심(>=2)	60.0	502.80000000000007	280.90909090909093	매우 유망	충분
2886.TW	2886.TW	Taiwan 50	46.849998474121094	18.90862096375514	16.978774947811036		-11.770245159321446	48.098750019073485	41.913250045776365	N	Y	상승전환/양호	MEGA FINANCIAL HOLDING CO	TAI	TWD	Financial Services	Banks - Regional	Banks - Regional	Mega Financial Holding Co., Ltd. provides various financial services in Taiwan. It offers brokerage, dealing and underwriting of short-term debt instruments and financial debentures; notary services for short-term debt instruments and financial debentures; guarantee or endorsement services for short-term debt instruments; brokerage for inter-bank call loans; proprietary trading in government bonds; and foreign and domestic securities brokerage, securities dealing, securities underwriting, and fu	694943744000.0	3.73	2.36	0.783077986276548	24.094823796719123		877500768000.0	0.0	0.0	108798705000.0	392369102000.0	59.15717588520136	10.708101147312195	22.85613979950739	-5.214905682661131	24.094823796719123	-0.2164326133553722		판정불가	판정불가	56.689647593438245	133.78756832051425	185.5657901342634	보류	충분
2884.TW	2884.TW	Taiwan 50	38.150001525878906	22.471916510665135	11.713030223347998		-1.293661009729108	36.291250228881836	33.27900002479553	Y	Y	상승전환/양호	E SUN FINANCIAL HOLDINGS	TAI	TWD	Financial Services	Banks - Regional	Banks - Regional	E.SUN Financial Holding Company, Ltd., together with its subsidiaries, offers various financial banking products and services in Taiwan. It operates through Corporate Banking Unit; Individual Banking Unit; Overseas Branches and Subsidiaries; and Others segments. The company provides deposits; bills/checks discounting; syndicated loans; domestic remittances; commercial acceptances; domestic letters of credit and guarantees; custodian services and warehousing; rental of safe deposit boxes; and cre	617724837888.0	3.68	2.12	31.44091638294586	29.648238579086495		406218940000.0	0.0	0.0	81352877000.0	272743929000.0	25.08763216403162	2.100249258893281	5.50524030115329	6.161494982003436	29.648238579086495	0.20781993390830575	5.409115592308683	매우 유망	안심(>=2)	60.0	127.2	233.42069439686492	매우 유망	충분
2885.TW	2885.TW	Taiwan 50	62.400001525878906	13.256548478494201	45.01899598164996		-9.236361416903405	63.983172512054445	48.63990337371826	N	Y	상승전환/양호	YUANTA FINANCIAL HOLDING CO. LT	TAI	TWD	Financial Services	Financial Conglomerates	Financial Conglomerates	Yuanta Financial Holding Co., Ltd., together with its subsidiaries, provides financial services in Taiwan. The company offers brokerage, investment banking, derivative products, fixed income, institutional brokerage, international finance, strategic trading, overseas business, digital finance, reg and transfer, and wealth management services; corporate, consumer, and digital finance products and services; and life, health, accident, and investment-linked insurance products. It also provides futu	865138311168.0	2.7	2.64	2.7414463472456685	20.12129776441045		938214637000.0	217509768000.0	158925388000.0	383094061000.0	340417373000.0	51.98242094354489	-3.915023921705641	-6.274076644184021	3.9460532508840975	20.12129776441045	0.19611325755854975	5.783322300401656	매우 유망	안심(>=2)	48.7425955288209	128.68045219608717	106.21866834846156	보류	충분
2880.TW	2880.TW	Taiwan 50	39.25	31.484249182548464	14.573707253748115		-10.715089629826702	40.128365993499756	34.110573816299436	N	Y	상승전환/양호	HUA NAN FINANCIAL HOLDINGS CO	TAI	TWD	Financial Services	Banks - Regional	Banks - Regional	Hua Nan Financial Holdings Co., Ltd., together with its subsidiaries, provides financial services in Taiwan and internationally. It operates through Bank, Securities, Insurance, and Other segments. The company provides various banking services, including commercial banking, offshore banking, overseas branch banking, and other banking services. It also engages in the trust business planning, managing, and operating; custody of nondiscretionary trust funds and mutual funds; trading and underwritin	546240856064.0	3.41	1.88	14.228828562366536	15.145821422405326		304634035000.0	0.0	0.0	131545560000.0	236357548000.0	21.8894015325899	0.15652701576816497	0.39879494463226745	9.234360886920266	15.145821422405326	0.6096969341827712	2.0094321252581935	헐값	안심(>=2)	38.79164284481065	72.92828854824403	85.8045568108128	양호	충분
1101.TW	1101.TW	Taiwan 50	24.700000762939453	3.1315239085944357	-4.263560103292541		-6.967979387128276	23.90249991416931	23.948249988555908	Y	Y	상승전환/양호	TCC GROUP HOLDINGS CO LTD	TAI	TWD	Basic Materials	Building Materials	Building Materials	TCC Group Holdings Co., Ltd. manufactures and markets cement, cement-related products, and ready-mixed concrete in Asia, Europe, and Africa. It operates through Cement, Electricity and Energy, Social Aspect of Energy Transition, and Other segments. The company is also involved in the thermal and renewable energy generation; and land and marine transportation business, and production and sale of refractory materials, etc. In addition, it provides engineering, property leasing and development, ene	185081593856.0	3.22	-1.23	491.0			146558691000.0	165639430000.0	40338866000.0	212904295000.0	231910589000.0	-2.5464133928683435	0.823563607556843	3.334265514649457		491.0			판정불가	판정불가				판정불가	일부부족
1301.TW	1301.TW	Taiwan 50	57.0	27.37430167597765	22.580645161290324		-13.89727699751272	58.6024995803833	48.07550003051758	N	Y	상승전환/양호	FORMOSA PLASTIC	TAI	TWD	Basic Materials	Specialty Chemicals	Specialty Chemicals	Formosa Plastics Corporation engages in the manufacture and sale of plastic raw materials, chemical fibers, and related petrochemical industrial products in Taiwan, China, and internationally. It operates through Plastic, Polyolefin, Polypropylene, Tairylan, Chemical, and Other segments. The company offers plastic raw materials, such as polyvinyl chloride, high-density polyethylene, linear low-density polyethylene, ethylene vinyl acetate copolymer, polyethylene wax, polypropylene, polyacetal, an	362847240192.0	84.0	1.64				226906866000.0	76514793000.0	52416194000.0	130740908000.0	363222429000.0	23.62522650544532	-1.247549971008874	-2.188684159664691	20.350471643021148				판정불가	판정불가	8.5	13.94	-75.54385964912281	보류	일부부족
1303.TW	1303.TW	Taiwan 50	180.0	98.23787879984587	128.42638709261408		-20.879120879120883	185.6	100.23375	N	Y	상승전환/양호	NAN YA PLASTIC	TAI	TWD	Basic Materials	Specialty Chemicals	Specialty Chemicals	Nan Ya Plastics Corporation engages in the manufacture and sale of plastic products, polyester fibers, petrochemical products, and electronic materials in Taiwan, China, the United States, and internationally. It provides plastic products, such as PP synthetic paper, adhesives, optical films, outdoor decoration materials, TPU films, synthetic leathers, PU resins, doors, Neuma fire-rated doors and windows, plastic pallets, PVC cling and PE Stectch films, BOPP film, engineering and PVC compounds, 	1427548012544.0	42.0	6.2	35.28214030056922	-47.98534220948065		82098101000.0	79337053000.0	93325453000.0	173213953000.0	355665838000.0	0.3481414662944144	-0.3379180619612948	-0.18773225664516377	28.976106215113806	-47.98534220948065		-0.20656130140628493	판정불가	불리(<1)	0.0	0.0	-100.0	보류	일부부족
2002.TW	2002.TW	Taiwan 50	19.200000762939453	-1.538457625951517	-8.133965964686308		-9.647055233226098	18.9425000667572	19.064250049591063	Y	Y	상승전환/양호	CHINA STEEL CORP	TAI	TWD	Basic Materials	Steel	Steel	China Steel Corporation manufactures and sells steel products in Taiwan, Vietnam, Malaysia, China, India, and internationally. It offers steel plates primarily for use in construction structures, shipbuilding, bridge beams, oil country tabular goods, machine structures, pressure vessels, and in climate/corrosion-resistant steel plates; steel bars and wire rods for applications in general and machine structures, cold and hot forging, hard drawn steel wires, and welding electrodes; and hot-rolled 	292642127872.0	77.0	-0.21				90355113000.0	182746145000.0	77492200000.0	271100183000.0	292633521000.0	-6.061712384768718	1.1196561048352884	5.831541980959135					판정불가	판정불가				판정불가	일부부족
1216.TW	1216.TW	Taiwan 50	77.4000015258789	9.32203134129277	5.449591167364898		-3.8509297815168875	76.74500026702881	74.50349994659423	Y	Y	상승전환/양호	UNI-PRESIDENT ENTERPRISES CORP	TAI	TWD	Consumer Defensive	Packaged Foods	Packaged Foods	Uni-President Enterprises Corp. engages in the manufacture and sale of beverages and instant noodles in Taiwan, China, and Southeast Asia. It operates through Beverages, Food, and Others segments. The company offers animal feeds, wheat flour, and aquatic products; dairy, tea, coffee, water, and general beverages; edible oils, snack noodles, and cooking noodles; sauce and seasoning, meat, ice cream, and frozen prepared foods. It also provides trade marketing, developing, and managing distribution	439787978752.0	3.87	4.12	-5.058179913923699	4.563089403388387		165919037000.0	98835952000.0	79360712000.0	308708893000.0	135782210000.0	11.806213992747292	7.226537944725595	9.336612147622997	15.920822216779518	4.563089403388387	3.4890445505970766	0.5296893143182301	매우 불리	불리(<1)	17.626178806776775	72.61985668392032	-6.175897606875802	보류	충분
2207.TW	2207.TW	Taiwan 50	522.0	12.987012987012992	-4.918032786885251		-15.94202898550725	499.4125	521.295	Y	Y	상승전환/양호	HOTAI MOTOR CO	TAI	TWD	Consumer Cyclical	Auto & Truck Dealerships	Auto & Truck Dealerships	Hotai Motor Co.,Ltd., together with its subsidiaries, exports and imports, trades, and sells vehicles, automobile air conditioners, and related parts in Taiwan and Mainland China. It is also involved in the installment sales and vehicle leasing, used vehicles selling, property and casualty insurance, trading of vehicle products/accessories, solar power, energy storage, and vehicle repairing activities, electronic parts and components manufacturing, as well as property management business. In add	290807644160.0	3.86	33.88	-7.654131088708249			50924322000.0	8733259000.0	301578234000.0	313105900000.0	86158179000.0	75.73299833254464	42.95654836882807	8.22922382544599	13.17198942347861	-7.654131088708249		-0.28804540959813885	판정불가	불리(<1)	8.5	287.98	-44.831417624521066	보류	일부부족
1326.TW	1326.TW	Taiwan 50	57.099998474121094	28.314603312631668	35.14792538253513		-20.36262077481027	61.81749973297119	45.64549998283386	N	Y	상승전환/양호	FORMOSA CHEMICAL & FIBRE CO	TAI	TWD	Basic Materials	Chemicals	Chemicals	Formosa Chemicals & Fibre Corporation produces and sells petrochemical products, nylon, and rayon fibers in Taiwan and internationally. The company offers plastic products, including PS resin, ABS resin, PP resin, PC resin, homopolymer PP, polycarbonate, PC/ABS alloy, PP composite materials, SAN andASA resin, and nylon resin; petrochemical, such as benzene, para-xylene, ortho-xylene, meta-xylene, styrene monomer, phenol, acetone, PTA, and PIA; fibers, includes nylon 6 chip, full drawn yarn, part	333978828800.0	1.0	2.36				225714011000.0	63844980000.0	63720846000.0	128580720000.0	345866503000.0	27.674572989185965	1.8442112794284715	3.229792169371609	12.468400629209802				판정불가	판정불가	8.5	20.06	-64.86865054980412	판정불가	일부부족
3008.TW	3008.TW	Taiwan 50	5385.0	46.930422919508864	135.1528384279476		-4.01069518716578	4359.5	3019.7	Y	Y	상승전환/양호	LARGAN PRECISION CO	TAI	TWD	Technology	Electronic Components	Electronic Components	Largan Precision Co., Ltd., together with its subsidiaries, designs, manufactures, and sells precision optical plastic lenses in China, South Korea, Vietnam, Japan, Taiwan, and internationally. The company offers mobile phone lens, voice coil motors, image lens modules, sleep health monitoring products, automotive and contact lenses, silicon carbide crystals, titanium niobate anode materials, and fiber optic lasers and space communications products, as well as video cameras, cameras, monocular a	704348291072.0	1.67	187.94	-17.904416715768722	-2.029321415748375		155056231000.0	0.0	1228000.0	120112000.0	188867185000.0	1185.4615320117907	103.71201064797552	1.9259426304173728	22.34510198993407	-2.029321415748375		-0.01608054489571097	판정불가	불리(<1)	4.44135716850325	834.7086662485007	-84.49937481432683	보류	일부부족
5871.TW	5871.TW	Taiwan 50	115.5	10.102802168191193	10.102802168191193		-4.607286506508634	113.87132205963135	107.42622520446777	Y	Y	상승전환/양호	CHAILEASE HOLDING COMPANY LIMIT	TAI	TWD	Financial Services	Credit Services	Credit Services	Chailease Holding Company Limited, an investment holding company, provides leasing and financial products and services in Taiwan, Mainland China, ASEAN countries, and internationally. The company offers leasing services, including capital and operating leases for machinery, medical equipment, airplanes, boats, and office equipment; installment sales services for raw materials, semi-finished and finished products, furniture and fixtures, and production equipment, as well as for customers in vario	201622519808.0	5.02	11.05	-12.290661443557727	-10.052637909459694		182181078000.0	129895323000.0	544000413000.0	682487506000.0	182441248000.0	29.952033586397008	11.185158904614868	9.684120263735817	7.741897412995746	-10.052637909459694		-0.6500522599294303	판정불가	불리(<1)	0.0	0.0	-100.0	보류	일부부족
3711.TW	3711.TW	Taiwan 50	592.0	-3.109656301145658	66.99576868829338		-18.56946354883081	623.025	423.8525	N	Y	상승전환/양호	ASE TECHNOLOGY HOLDING CO LTD	TAI	TWD	Technology	Semiconductors	Semiconductors	ASE Technology Holding Co., Ltd., together with its subsidiaries, provides semiconductor manufacturing services in the United States, Taiwan, rest of Asia, Europe, and internationally. It operates through Packaging, Testing, and EMS. The company offers semiconductor packaging, interconnect materials production, front-end engineering testing, wafer probing, and final testing services, as well as integrated solutions for EMS (electronic manufacturing services) in relation to computing, peripherals	3082739777536.0	1.12	13.03	23.585762669903666	-13.347387041498415		111497789000.0	214080678000.0	40733681000.0	263662466000.0	342181952000.0	-19.699706700617764	-4.531894940155056	-0.7655227939451109	46.94548785116023	-13.347387041498415		-0.26045926032902483	판정불가	불리(<1)	0.0	0.0	-100.0	보류	일부부족
6669.TW	6669.TW	Taiwan 50	6300.0	19.318181818181813	68.44919786096257		-4.8338368580060465	5557.375	4584.225	Y	Y	상승전환/양호	WIWYNN CORPORATION	TAI	TWD	Technology	Computer Hardware	Computer Hardware	Wiwynn Corporation engages in the research, development, design, testing, and sales of semi products, and peripheral equipment and parts in the United States, Europe, Asia, and internationally. The company also offers computer and peripheral equipment, data storage media products, electric appliances, and software products; and provides management consulting, information software, and data processing services. In addition, it provides multi-node and storage server, storage, open rack, edge/ai pl	3512390909952.0	2.31	292.73	124.43706509365401	53.35114708016857		89933848000.0	27984645000.0	72197241000.0	104069333000.0	124652762000.0	111.11518747966012	-26.109945905256076	-0.41444358579771545	21.141956111503227	53.35114708016857	0.3962793167264816	2.6327340188679913	매우 유망	안심(>=2)	60.0	17563.800000000003	178.79047619047626	보류	충분
3034.TW	3034.TW	Taiwan 50	542.0	10.274669379450652	44.53333333333334		-4.409171075837747	516.325	433.5625	Y	Y	상승전환/양호	NOVATEK MICROELECTRONICS	TAI	TWD	Technology	Semiconductors	Semiconductors	Novatek Microelectronics Corp., a fabless chip design company, designs, develops and sells a range of display driver integrated circuits (IC) and system-on-a-chip (SoC) solutions in Taiwan, Asia, and internationally. The company offers display driver ICs for LCD displays, televisions (TVs), notebook computers, desktop monitors, cameras, tablets, PCs, automotive displays, smartphones, and wearable products. The company also provides SoC solutions, including timing controllers, LCD monitors, TVs, 	329813491712.0	4.34	28.62	-19.635846408771286	-16.390208004150118		42974255000.0	0.0	74993000.0	552286000.0	67739247000.0	70.62186941259992	20.017398177850232	3.693246896282331	16.470235170768696	-16.390208004150118		-0.7316354550624011	판정불가	불리(<1)	0.0	0.0	-100.0	보류	일부부족
2357.TW	2357.TW	Taiwan 50	923.0	32.04577968526468	76.48183556405354		-7.3293172690763075	780.125	645.1075	Y	Y	상승전환/양호	ASUSTEK COMPUTER INC	TAI	TWD	Technology	Computer Hardware	Computer Hardware	ASUSTeK Computer Inc. researches and develops, designs, manufactures, sells, and repairs 3C information products in Taiwan, China, Singapore, Europe, the United States, and internationally. The company provides phone and accessories; laptops for home, work, creators, students, gaming, and accessories; monitors, projectors, all-in-one PCs, tower PCs, gaming tower PCs, NUCs, mini-PCs, and accessories; and motherboards, graphics cards, cases, cooling, power supply units, sound cards, optical drives	685567705088.0	4.56	67.88	41.93166968721522	44.75258349821978		108306629000.0	293123000.0	29754617000.0	31769504000.0	268296918000.0	145.42175841713023	37.02223010632717	4.011075851173041	11.455189180655124	44.75258349821978	0.25596710368935016	4.304824889448014	매우 유망	안심(>=2)	60.0	4072.7999999999997	341.25677139761643	매우 유망	충분
4938.TW	4938.TW	Taiwan 50	89.30000305175781	9.705161397776285	26.66667099540114		-9.340098424611353	85.99249992370605	78.21399990081787	Y	Y	상승전환/양호	PEGATRON CORPORATION	TAI	TWD	Technology	Computer Hardware	Computer Hardware	Pegatron Corporation, together with its subsidiaries, designs, develops, manufactures, and sells computer, communication, and consumer electronic products in Europe, the United States, Taiwan, China, Japan, and internationally. The company offers notebooks, desktops, PCs, motherboards, rugged computers, and servers; tablets and game consoles; and smartphones, cable modems, set-top boxes, and network switches. It also provides automotive products; and smart electronics, including Internet of Thin	238953594880.0	4.53	5.87	-14.660756568839329	-1.5555407129723142		160438242000.0	14142988000.0	59107439000.0	75095748000.0	207343291000.0	54.67240116418995	-0.8415450480818819	-0.9423796408989222	5.899080389704917	-1.5555407129723142		0.5042242333599516	판정불가	불리(<1)	5.388918574055372	31.63295202970503	-64.57676265546067	보류	일부부족
2892.TW	2892.TW	Taiwan 50	33.54999923706055	21.119127483736232	13.921895986096633		-8.707485069222997	34.026249980926515	30.050499935150146	N	Y	상승전환/양호	FIRST FINANCIAL HOLDING CO LTD	TAI	TWD	Financial Services	Banks - Regional	Banks - Regional	First Financial Holding Co., Ltd., together with its subsidiaries, provides various financial products and services in Asia, North America, Oceania, and Europe. It operates through four segments: Bank, Security, Insurance, and Other. The company engages in commercial banking products and services; trading and proprietary trading of securities, securities underwriting, stock brokerage services, margin trading, and issuing warrant; securities investment trust funds and discretionary investment ser	482431172608.0	3.86	1.87	6.2043853474740285	9.354208373482065		408389857000.0	0.0	0.0	128816067000.0	292366858000.0	28.40090040461961	4.267165671660615	12.718824943956925	2.753528787401571	9.354208373482065	0.2943625668215237	4.799008615396372	매우 유망	안심(>=2)	27.20841674696413	50.87973931682293	51.65347384157113	매우 유망	충분
5880.TW	5880.TW	Taiwan 50	25.0	12.885463266449126	7.217570226968606		-7.155794053768916	24.925639867782593	23.495371561050415	Y	Y	상승전환/양호	TAIWAN COOPERATIVE FINANCIAL HL	TAI	TWD	Financial Services	Banks - Regional	Banks - Regional	Taiwan Cooperative Financial Holding Co., Ltd., together with its subsidiaries, provides banking, insurance, securities, bills finance, investment trust, asset management, and capital management services in Taiwan. The company offers general deposits and loans. It is also involved in the planning, management, and operation of the trust business; securities investment trust, discretionary investment, and securities investment consulting business; venture capital activities; investment consulting;	401823989760.0	3.19	1.33	10.795205957729625	1.692729712658969		499854174000.0	0.0	0.0	133679747000.0	279252593000.0	31.099075258038667	0.25382494277936146	1.0152997711174458	-4.5857708707057645	1.692729712658969	-2.709098113190414		판정불가	판정불가	11.885459425317938	15.807661035672858	-36.769355857308575	보류	충분
2912.TW	2912.TW	Taiwan 50	223.5	6.682577565632464	0.22421524663676085		-12.352941176470589	230.175	226.46	N	N	중립	PRESIDENT CHAIN STORE CORP	TAI	TWD	Consumer Defensive	Grocery Stores	Grocery Stores	President Chain Store Corporation operates and manages convenience stores, restaurants, drugstores, department stores, supermarkets, and online shopping stores in Taiwan and internationally. It operates through Convenience Stores, Retail Business Group, Logistics Business Group, and Other Operating segments. The company engages in the logistics and storage of publication and e-commerce; trade, enterprise information management and consultancy, and art and cultural exhibition activities; operatio	232355577856.0	4.03	11.09	-2.8466174876112804	6.49584678036641		53581230000.0	15164601000.0	21368169000.0	141409381000.0	42561437000.0	36.952488093860595	18.0470213192964	8.074729896776914	16.821236420751973	6.49584678036641	2.5895371287995714	0.6257475085113788	매우 불리	불리(<1)	21.49169356073282	238.34288158852698	6.641110330437128	보류	충분
6505.TW	6505.TW	Taiwan 50	69.9000015258789	41.78499514728718	40.50251562990734		-24.999995906977045	70.11499977111816	55.849500007629395	N	Y	상승전환/양호	FORMOSA PETROCHEMICAL CORPORATI	TAI	TWD	Energy	Oil & Gas Refining & Marketing	Oil & Gas Refining & Marketing	Formosa Petrochemical Corporation, together with its subsidiaries, engages in the production and sale of petroleum products and petrochemical raw materials in Taiwan, Australia, South Korea, the Philippines, Singapore, Malaysia, Mainland China, and internationally. The company offers gasoline, diesel, jet fuel/kerosene, fuel oil/asphalt/sulfur, naphtha, base oil, liquified petroleum gas, and lubricants. It also provides ethylene, propylene, butadiene, and BTX; and electricity, steam, and other u	665864568832.0	1.58	5.76	65.39056473393204	-11.858616047153191		200328918000.0	8825000000.0	8835896000.0	21130412000.0	355792088000.0	20.103372048591428	3.8845712138199193	5.557326364838124	8.645248173140189	-11.858616047153191		-1.1889324448877814	판정불가	불리(<1)	0.0	0.0	-100.0	보류	일부부족
2603.TW	2603.TW	Taiwan 50	250.5	18.439716312056742	34.677419354838705		-0.3976143141153132	207.4875	199.7375	Y	Y	상승전환/양호	EVERGREEN MARINE CORP(TAIWAN)	TAI	TWD	Industrials	Marine Shipping	Marine Shipping	Evergreen Marine Corporation (Taiwan) Ltd., together with its subsidiaries, engages in the shipping carrier and agency, container terminal operations, and commercial port area ship repair businesses in Taiwan, North America, Europe, Asia, and internationally. The company provides cargo loading and discharging, terminal, inland transportation, real estate leasing, security, computer system, terminal logistics, leasing storehouse, management consultancy and self-owned property leasing, and contain	542343266304.0	6.36	22.84	-50.82184326762367	-41.016405023033144		197518389000.0	54439928000.0	0.0	165741821000.0	563818129000.0	66.08573640338783	36.58146189244278	14.603378000975162	8.074179667102108	-41.016405023033144		-4.292250909927005	판정불가	불리(<1)	0.0	0.0	-100.0	보류	일부부족
2615.TW	2615.TW	Taiwan 50	124.5	52.76073619631902	65.99999999999999		0.0	87.52749977111816	80.53899982452393	Y	Y	상승전환/양호	WAN HAI LINES	TAI	TWD	Industrials	Marine Shipping	Marine Shipping	Wan Hai Lines Ltd. operates as a fully containerized shipping company in Asia, the Middle East, India, Red Sea, the United States, and South America. The company engages in international marine and freight transportation; and management of container. It also provides cargo tracking/terminal info, shipping schedule, documentation, and other services; and storage and logistics, shipping agency, container storage, and information software services. In addition, the company is involved in the sale a	349365207040.0	2.41	10.82	-33.63087517720952	-30.337164256193983		147371856000.0	46058874000.0	8802145000.0	66661245000.0	275317207000.0	36.10395451926528	3.186486278834205	2.5594267299873135	8.169689970493042	-30.337164256193983		-3.418387277492805	판정불가	불리(<1)	0.0	0.0	-100.0	보류	일부부족
2327.TW	2327.TW	Taiwan 50	551.0	-16.641452344931917	115.234375		-51.66666666666666	703.7875	439.275	N	Y	상승전환/양호	YAGEO CORP	TAI	TWD	Technology	Electronic Components	Electronic Components	Yageo Corporation, together with its subsidiaries, manufactures and sells electronic components in China, Europe, the United States, and the rest of Asia. It offers antennas, radio frequency, and microwave; capacitors; circuit protection; custom products; electromechanical devices; EMC; engineering kits; inductors; piezoelectric devices; power supplies; resistors; semiconductors; sensors; signal magnetics and connectors; and transformers. The company's products are used for various applications,	1131788763136.0	1.08	12.69	22.099803869339073	1.3081472653207582		114742022000.0	62087637000.0	86197379000.0	150894630000.0	170877823000.0	25.634259252001737	11.954978636342352	2.1696875928026045	41.399979570370235	1.3081472653207582	31.647797360352197	0.057684745019293285	매우 불리	불리(<1)	11.116294530641516	141.06577759384083	-74.39822548206155	보류	충분
3037.TW	3037.TW	Taiwan 50	1075.0	-0.9216589861751112	191.3279132791328		-6.113537117903933	930.55	591.7948966217041	Y	Y	상승전환/양호	UNIMICRON TECHNOLOGY	TAI	TWD	Technology	Electronic Components	Electronic Components	Unimicron Technology Corp., together with its subsidiaries, engages in the manufacturing, processing, and sale of printed circuit boards, electrical equipment, electronic products, and integrated circuit product testing and burn-in systems in Taiwan, China, Asia, the Americas, and internationally. The company offers PCB products, including HDI, ELIC, multi-layer and rigid flex PCBs, and FPC; IC carriers, such as FCCSP, FCBGA, CSP, memory module, and coreless; connectors comprising PCBeam and X-B	1712335486976.0	18.0	15.19	31.307777963397943	-39.15067182208464		55226513000.0	34873158000.0	22207016000.0	57080174000.0	100569302000.0	12.77778547771417	-6.961518456988294	-0.6475831122779808	69.92904638066398	-39.15067182208464		-0.3024590340750449	판정불가	불리(<1)	0.0	0.0	-100.0	보류	일부부족
3045.TW	3045.TW	Taiwan 50	115.0	4.072398190045257	7.9812206572769995		-4.56431535269709	112.35	110.3475	Y	Y	상승전환/양호	TAIWAN MOBILE CO	TAI	TWD	Consumer Cyclical	Specialty Retail	Specialty Retail	Taiwan Mobile Co., Ltd. provides telecommunications, broadband, retail, digital, and financial services in Taiwan and internationally. It operates through Telecommunications, Retail, Cable Television and Broadband, and Others segments. The company provides 5g, postpaid, prepaid, e-sim, international call, international roaming, and gaming services. Taiwan Mobile Co., Ltd. was incorporated in 1997 and is based in Taipei, Taiwan.	351903121408.0	4.13	5.23	4.492225214732648	9.403068233707245		13361407000.0	61415627000.0	21702384000.0	96404740000.0	86139857000.0	-15.703854823647692	8.558748295887185	7.442389822510595	24.991176830525372	9.403068233707245	2.6577683166159876	0.5415138440850585	매우 불리	불리(<1)	27.30613646741449	142.8110937245778	24.183559760502437	보류	충분
6415.TW	6415.TW	Taiwan 50	450.0	-28.57142857142857	60.71428571428572		-33.135215453194654	478.5375	356.175	N	Y	상승전환/양호	SILERGY CORP	TAI	TWD	Technology	Semiconductors	Semiconductors	Silergy Corp. designs, manufactures, and sales of various integrated circuit products and related technical services in China and internationally. The company offers DC-DC and AC-DC regulators, AC and DC LED drives, power and battery management IC's, power modules, protection switch IC's, low dropout regulators, sensors, ESD protection, audio products, amplifiers, data converters, motor and DC LED drivers, voltage reference products, MCU and mixed-signal ICs, clock generators, and embedded proce	174758838272.0	56.99999999999999	7.35	8.385873715869895	-25.690270567653716		24353135000.0	2695036000.0	729497000.0	3589013000.0	37316511000.0	55.76910439728803	0.22407448893146184	0.04979433087365819	53.636856544586664	-25.690270567653716		0.5837353538106669	판정불가	불리(<1)	0.0	0.0	-100.0	보류	일부부족
2395.TW	2395.TW	Taiwan 50	658.0	29.019607843137262	115.73770491803276		-5.730659025787965	585.5125	398.71	Y	Y	상승전환/양호	ADVANTECH CO LTD	TAI	TWD	Technology	Computer Hardware	Computer Hardware	Advantech Co., Ltd. engages in the research and development, design, manufacturing, and marketing of embedded computing boards, industrial automation products, and applied and industrial computers. The company operates through Intelligent Systems; Embedded Design-In; IoT Automation; Intelligent Service; and Advantech Service Plus and Others segments. It offers AIOT software, distribution, and services, application focus embedded, arm-based computing platforms, computer on modules, digital signag	571832270848.0	1.72	15.71	17.628700470636606	-0.5125786354135187		27070551000.0	150327000.0	77029000.0	1994309000.0	54947481000.0	30.976753819705745	7.927603371973405	1.2048029440689065	39.91236449269855	-0.5125786354135187		0.030251812437906637	판정불가	불리(<1)	7.474842729172963	117.42977927530725	-82.1535289855156	보류	일부부족
2379.TW	2379.TW	Taiwan 50	716.0	21.355932203389827	50.42016806722689		-20.444444444444443	750.275	579.885	N	Y	상승전환/양호	REALTEK SEMICONDUCTOR CORP	TAI	TWD	Technology	Semiconductors	Semiconductors	Realtek Semiconductor Corp., together with its subsidiaries, engages in the research, development, production, and sale of various integrated circuits and related application software in Taiwan, Asia, and internationally. It provides communications network ICs, including broadband access controllers, gateway controllers, digital home centers, gigabit ethernet, switch controllers, wireless LAN ICs, and DTV demodulators, as well as Bluetooth, GNSS, and Internet of Things products. The company also	367209906176.0	3.57	26.99	-3.5195699659979707	-3.0782274650865915		109685323000.0	0.0	10095000000.0	11385412000.0	52202368000.0	213.86866083145011	35.78080306046644	4.9973188631936365	18.604347505318632	-3.0782274650865915		0.02643320518350992	판정불가	불리(<1)	2.343545069826817	63.252281434625786	-91.16588248119751	보류	일부부족
2474.TW	2474.TW	Taiwan 50	204.5	4.871794871794877	6.233766233766236		-20.42801556420234	194.525	199.7725	Y	Y	상승전환/양호	CATCHER TECHNOLOGY	TAI	TWD	Industrials	Metal Fabrication	Metal Fabrication	Catcher Technology Co., Ltd., together with its subsidiaries, engages in the manufacture and sale of aluminum and magnesium extrusions, alloy housings, and molds in Taiwan, China, the United States, Singapore, and internationally. Its products include chassis and interior mechanical components; upper case, lower case, keyboard cover, and monitor casings for notebook computers; casings for various server specifications and desktop computers; industrial computer casings and internal parts; and com	108886859776.0	5.05	13.63	-45.850088476855554	-13.129081883496463		166299185000.0	0.0	62082792000.0	62642682000.0	142844857000.0	312.3258793470238	1.0145476060105902	0.49611129878268473	-7.910922916142609	-13.129081883496463			판정불가	판정불가	0.0	0.0	-100.0	판정불가	일부부족
4904.TW	4904.TW	Taiwan 50	101.5	7.978723404255317	10.446135271736367		-9.777777777777775	101.67999992370605	95.35350006103516	N	Y	상승전환/양호	FAR EASTONE TELECOMMUNICATIONS	TAI	TWD	Communication Services	Telecom Services	Telecom Services	Far EasTone Telecommunications Co., Ltd. provides mobile telecommunications services in Taiwan and internationally. The company offers postpaid products, such as wireless postpaid and broadband, and data booster; prepaid products; and SMS and eSIM products. It also provides mobile communication and lifestyle services, including mobile communication voice, internet access, and related services, as well as mobile phones and accessories; and cable network, enterprise customer services, communicatio	366182072320.0	3.72	4.11	6.923482474870757	12.64259853453671		9372288000.0	37946397000.0	5199584000.0	53567997000.0	92140651000.0	-7.920300856084408	7.162856996345322	7.057001966842683	26.62294424722248	12.64259853453671	2.1058126756532403	0.6146051459445093	매우 불리	불리(<1)	33.78519706907342	138.85715995389177	36.80508369841553	보류	충분
2408.TW	2408.TW	Taiwan 50	501.0	65.07413509060956	80.21582733812949		-5.113636363636365	441.375	286.35	Y	Y	상승전환/양호	NANYA TECHNOLOGY CORPORATION	TAI	TWD	Technology	Semiconductors	Semiconductors	Nanya Technology Corporation research, develops, manufactures, and sells semiconductor products in Taiwan, Japan, Malaysia, China, the United States, Thailand, Germany, Singapore, Poland and internationally. It offers standard dynamic random-access memory (DRAM), low power DRAM, MCP and eMCP, and KGD products, as well as modules; and other memory products and Elixir brands. The company engages in the import and export of its machinery, equipment, and raw materials. Its products have applications	1552412573696.0	26.0	28.67		-23.232591966740635		58074065000.0	14196100000.0	5059500000.0	23617455000.0	170399852000.0	14.160449855886213	1.5764312972202954	0.31465694555295315	16.980800493341953	-23.232591966740635		0.1629727664690746	판정불가	불리(<1)	0.0	0.0	-100.0	보류	일부부족
1590.TW	1590.TW	Taiwan 50	1435.0	-2.0477815699658675	19.58333333333333		-10.031347962382442	1408.75	1182.545	Y	Y	상승전환/양호	AIRTAC INTERNATIONAL GROUP	TAI	TWD	Industrials	Specialty Industrial Machinery	Specialty Industrial Machinery	Airtac International Group manufactures and sells pneumatic control components in Taiwan and internationally. The company offers preparation units and control components comprising solenoid, pneumatic and flow control, ordinary coils, and other valves. It also provides actuators, such as standard, mini, compact, slide table, guided, rodless magnetic, clamp, free mount, and rotary table cylinders; air grippers; GA series, GP series, pressure switch, vacuum components, and other series; and cylind	287000002560.0	2.09	45.63	10.184337557847734	11.787839441212888		4192979000.0	0.0	328670000.0	457708000.0	52581178000.0	20.96489520964895	24.213870242138704	1.6873777172222093	30.989154170290398	11.787839441212888	2.6289087431871083	0.4478289199166884	매우 불리	불리(<1)	32.07567888242578	1463.6132274050883	1.9939531292744395	보류	충분
9910.TW	9910.TW	Taiwan 50	71.0	5.185185185185182	-23.076925620266454		-47.40740740740741	68.82500057220459	89.63250022888184	Y	N	상승전환/양호	FENG TAY ENTERPRISE CO LTD	TAI	TWD	Consumer Cyclical	Footwear & Accessories	Footwear & Accessories	Feng Tay Enterprises Co., Ltd. manufactures and sells athletic shoes in Singapore, the United States, Mainland China, Switzerland, Mexico, and internationally. The company provides casual shoes, ice skates, ski boots, golf balls, soccer balls, backpacks, ice hockey helmets and clubs, shoe parts, shoe molds, and tools. It offers international trade services; manufactures and repairs molds, cutting dies, shoe lasts, and injections, as well as processes metal parts; manufactures and processes plast	70111272960.0	5.82	4.91	-14.200368069854896	-17.84382627271236		5299923000.0	3067431000.0	2765942000.0	6426104000.0	25804493000.0	2.260790953384987	5.676381861142846	7.994904029778656	13.999838909697559	-17.84382627271236		-0.8588546161330161	판정불가	불리(<1)	0.0	0.0	-100.0	보류	일부부족
5876.TW	5876.TW	Taiwan 50	43.400001525878906	11.112803953516238	9.175594021729271		-6.736165419820672	43.566187953948976	40.34813808441162	N	Y	상승전환/양호	THE SHANGHAI COMM & SAVINGS BAN	TAI	TWD	Financial Services	Banks - Regional	Banks - Regional	The Shanghai Commercial & Savings Bank, Ltd. provides various commercial banking services in Taiwan and Hong Kong. The company offers time, savings, demand, checking, and negotiable certificate of deposit accounts, as well as remittance services. In addition, it offers traveling, human resources, insurance, microfinance, leasing, real estate, nominee, trustee, commodity trading, property holding, IT application, securities brokerage, and property management services. Further, the company is invo	212610072576.0	4.08	3.12	10.009813418913694	-0.24655051291825325		447087330000.0	0.0	0.0	66784497000.0	204918623000.0	91.26374672783328	-6.190649873347571	-14.264169713579754	-15.340943974985375	-0.24655051291825325			판정불가	판정불가	8.006898974163494	24.981524799390105	-42.43888497447652	보류	일부부족
3529.TW	3529.TW	Taiwan 50											3529.TW													0.0	0.0	0.0	0.0									판정불가	판정불가				판정불가	핵심부족
3443.TW	3443.TW	Taiwan 50	5365.0	1.5137180700094621	116.76767676767676		-8.290598290598295	4561.125	3326.725	Y	Y	상승전환/양호	GLOBAL UNICHIP CORP.	TAI	TWD	Technology	Semiconductors	Semiconductors	Global Unichip Corp. engages in the research and development, production, testing, and sale of embedded memory and logic components, analog components, cell libraries, and EDA tools for various IC applications. It offers ASIC and wafer products, as well as non-recurring engineering services. The company also provides product design, technical support, and consulting services. In addition, it offers SoC design services, such as technology design, design methodology, low power solution, and testab	718969044992.0	36.0	38.64	9.244163603420642	0.5283531709970202		11319194000.0	0.0	79254000.0	269671000.0	12912792000.0	84.46466334853109	-17.266985545962644	-0.32184502415587407	136.65981720112498	0.5283531709970202	258.6524027919494	0.2672940292115093	매우 불리	불리(<1)	9.55670634199404	369.27113305464974	-93.11703386664213	보류	충분
3661.TW	3661.TW	Taiwan 50	3735.0	-19.50431034482759	10.50295857988166		-30.511627906976745	3769.125	3653.275	N	Y	상승전환/양호	ALCHIP TECHNOLOGIES LIMITD	TAI	TWD	Technology	Semiconductors	Semiconductors	Alchip Technologies, Limited, together with its subsidiaries, engages in the research, design, development, and manufacturing of application specific integrated circuits and system on a chip in the United States, China, Japan, Taiwan, and internationally. It offers ASIC design services, including SoC frontend design, physical backend design, and design for testability, as well as low power, high performance, and advanced package solutions; production services, such as advanced packaging, advance	306611126272.0	88.0	66.97	-13.146384445241877	45.05097024426139		45136061000.0	0.0	115478000.0	325240000.0	40805144000.0	549.827414772511	153.69966314954718	4.115118156614382	47.56118538491099	45.05097024426139	1.055719446818559	2.7974695997899257	보통	안심(>=2)	60.0	4018.2	7.582329317269076	보류	충분
2376.TW	2376.TW	Taiwan 50	341.0	1.4880952380952328	48.5838779956427		-14.536340852130325	342.9875	283.45	N	Y	상승전환/양호	GIGA-BYTE TECHNOLOGY CO	TAI	TWD	Technology	Computer Hardware	Computer Hardware	Giga-Byte Technology Co., Ltd., together with its subsidiaries, manufactures, processes, and trades in computer hardware peripherals and components in Taiwan, Europe, America, Canada, Singapore, Japan, China, Malaysia, and internationally. It operates through Brand Business Group; and Other Business Group segments. The company offers motherboards, graphic cards, laptops, monitors, storage devices, and desktop. It also provides PC peripherals, such as keyboards, mouse products, headsets, and gami	228432117760.0	3.53	20.4	24.532095695578704	23.075959784638968		44512351000.0	9491563000.0	33755960000.0	43724658000.0	59100160000.0	52.278502796357785	5.5017810819449835	1.613425537227268	14.153014568805993	23.075959784638968	0.6133228997143281	1.8798793469258441	헐값	양호(>=1.5)	54.651919569277936	1114.8991592132697	226.94990006254244	양호	충분
