종목코드	종목명	그룹	판정구분	현재가	현금배당금(FY2025 DPS)	EPS(FY2025)	현금및현금성자산	유가증권성자산	장기부채	단기위험부채	주주지분	총부채	주주지분비중	부채비중	주주대부채배수	주주대부채판정	업종보정유형	업종보정판정	주당순현금(린치식)	주당순현금(보수형)	순현금차감PER(린치식)	순현금차감PER(보수형)	현금보다부채많음(린치형)	현금보다부채많음(보수형)	연간이익증가율(1년,%)	연간이익증가율(3년CAGR,%)	연간이익증가율(5년CAGR,%)	그레이엄적정PER(1년)	그레이엄적정PER(3년)	그레이엄적정PER(5년)	그레이엄내재가치(1년)	그레이엄내재가치(3년)	그레이엄내재가치(5년)	그레이엄괴리율(1년,%)	그레이엄괴리율(3년,%)	그레이엄괴리율(5년,%)	그레이엄사용기준	그레이엄적정PER(선택)	그레이엄내재가치(선택)	그레이엄괴리율(선택,%)	배당수익률(%)	배당감안이익성장률(1년)	배당감안이익성장률(3년)	배당감안이익성장률(5년)	주당잉여현금흐름	잉여현금흐름수익률(%)	배당감안점수기준	배당감안점수	배당감안점수판정	사용연성장률기준	사용연성장률(%)	린치PER배수	린치PER판정	하드필터통과	하드필터사유	종합판정	종합판정사유	발행주식수	비고
"=""000250"""	삼천당제약	직접추가	메인	166600.0	50.0	226.0	95943976392.0	13034373599.0	23423415405.0	44784077259.0						판정불가	일반	일반	3647.2359249112606	1738.075497947946	721.029929535791	729.4775420444781	N	N	-147.67932489451476	-5.168157543831642											3년				0.030012004801920768	-0.2047755673398627	-0.007126119636029159		-2122.772468832106	-1.2741731505594873	3년	-0.007126119636029159	불리(<1)	3년	-5.168157543831642		판정불가	N	주당FCF<=0	제외	하드필터 미통과	23457472.0	단기위험부채 존재; 주당FCF 음수; 배당감안점수<1; fs=2025:CFS,2024:CFS,2022:CFS,2020:CFS
"=""005290"""	동진쎄미켐	직접추가	메인	41800.0	650.0	1927.0	371911660277.0		312307904056.0	349218723122.0						판정불가	일반	일반	1159.2792534533162	-5632.944027437088	21.090150880408242	24.61491646467934	N	Y	-35.98006644518272	-14.674277627988008	3.052714908153198			14.605429816306396			28144.663256022424			-32.668269722434395	3년				1.555023923444976	-1.6322805235934557	-0.6220559435034769	0.21847822984891713	2136.5332352390747	5.111323529280083	3년	-0.6220559435034769	불리(<1)	3년	-14.674277627988008		판정불가	Y	통과	보류	배당감안점수 또는 린치PER배수 미산출	51414494.0	주당순현금 음수(보수형); 단기위험부채 존재; 1년 점수 과열 가능; 배당감안점수<1; fs=2025:CFS,2024:CFS,2022:CFS,2020:CFS
"=""006730"""	서부T&D	직접추가	메인	10370.0	100.0	1242.0	101942784570.0	72912659293.0	486846300963.0	177008800000.0						판정불가	일반	일반	-4805.261710923834	-7531.539067391196	12.218407174656871	14.41347750997681	Y	Y	133.0206378986867	62.959581135890886		274.5412757973734	134.41916227178177		340980.2645403377	166948.59954155295		3188.141413118011	1509.918992686142		3년	134.41916227178177	166948.59954155295	1509.918992686142	0.9643201542912248	10.96582853539914	5.2317704244438294		1627.4085488696269	15.693428629408166	3년	5.2317704244438294	안심(>=2)	3년	62.959581135890886	0.19406747875728192	매우 유망	N	주당순현금<=0	제외	하드필터 미통과	64926923.0	주당순현금 음수(린치식); 주당순현금 음수(보수형); 단기위험부채 존재; fs=2025:CFS,2024:CFS,2022:CFS,2020:CFS
"=""007390"""	네이처셀	직접추가	메인	22150.0		-44.07	16767416009.0	706238683.0	1987274527.0	5000000000.0						판정불가	일반	일반	240.34091263923168	162.74340112314016			N	N	-331.94736842105266												1년								-255.0436391643704	-1.1514385515321464	판정불가		판정불가	1년	-331.94736842105266		판정불가	N	주당FCF<=0 / 순현금차감PER<=0	제외	하드필터 미통과	64435056.0	단기위험부채 존재; 주당FCF 음수; fs=2025:CFS,2024:CFS,2022:CFS,2020:OFS
"=""009520"""	포스코엠텍	직접추가	메인	11330.0	10.0	34.0	23489287481.0									판정불가	일반	일반	564.0673104481234	564.0673104481234	316.64507910446696	316.64507910446696	N	N	142.85714285714283	-33.573662263718816	-31.534135605250093	294.21428571428567			10003.285714285712			-11.70974656411552			3년				0.088261253309797	0.4514373143417535	-0.10575058076099639	-0.09930953116617275	21.005404932528034	0.18539633656247162	3년	-0.10575058076099639	불리(<1)	3년	-33.573662263718816		판정불가	Y	통과	보류	배당감안점수 또는 린치PER배수 미산출	41642703.0	1년 점수 과열 가능; 배당감안점수<1; fs=2025:OFS,2024:OFS,2022:OFS,2020:OFS
"=""014620"""	성광벤드	직접추가	메인	27450.0	200.0	1297.0	55816213450.0			2000000000.0						판정불가	일반	일반	2101.7226502600183	2026.413971281186	19.5437759057363	19.601839652057684	N	N	-13.186077643908966	-2.6308862076953488			3.2382275846093025			4199.981177238265			-84.69952212299357		3년	3.2382275846093025	4199.981177238265	-84.69952212299357	0.7285974499089253	-0.6374141953983233	-0.0973347610493263		1220.9355149855987	4.447852513608738	3년	-0.0973347610493263	불리(<1)	3년	-2.6308862076953488		판정불가	Y	통과	보류	배당감안점수 또는 린치PER배수 미산출	26557364.0	단기위험부채 존재; 배당감안점수<1; fs=2025:CFS,2024:CFS,2022:CFS,2020:CFS
"=""015750"""	성우하이텍	직접추가	메인	6000.0	200.0	2110.0	393080902555.0	91530269981.0	2365979543.0	1905976554324.0						판정불가	일반	일반	6028.0649124125	-17796.6420166375	-0.013300906356635183	11.278029391771327	N	Y	20.84765177548682	63.02385728102815		50.19530355097364	134.54771456205629		105912.09049255439	283895.6777259388		1665.2015082092398	4631.594628765647		3년	134.54771456205629	283895.6777259388	4631.594628765647	3.3333333333333335	-1817.9952899794248	-4988.922471532105		791.4473300375	13.190788833958333	3년	-4988.922471532105	불리(<1)	3년	63.02385728102815		판정불가	N	순현금차감PER<=0	제외	하드필터 미통과	80000000.0	주당순현금 음수(보수형); 단기위험부채 존재; 1년 점수 과열 가능; 배당감안점수<1; fs=2025:CFS,2024:CFS,2022:CFS,2020:CFS
"=""018290"""	브이티	직접추가	메인	13140.0		1728.0	84220398087.0	525529750.0	0.0	35176445000.0						판정불가	일반	일반	2425.342588933072	1418.6283743001727	6.200611927700769	6.783201172279992	N	N	-37.41398044186889	71.59549321993607	119.38804809293298		151.69098643987215	247.27609618586595		262122.02456809906	427293.0942091764		1894.8403696202363	3151.8500320333055	3년	151.69098643987215	262122.02456809906	1894.8403696202363		-6.033917438813536	11.5465205780882	19.254236434242213	1286.287521709648	9.789098338734004	3년	11.5465205780882	안심(>=2)	3년	71.59549321993607	0.08660617657389337	매우 유망	Y	통과	매우 유망	배당감안점수>=2 & 린치PER배수<=0.5	34941838.0	단기위험부채 존재; fs=2025:CFS,2024:CFS,2022:CFS,2020:CFS
"=""025320"""	시노펙스	직접추가	메인	3910.0		80.0	51153755987.0	873251756.0	4835094728.0	39766351933.0						판정불가	일반	일반	537.9004402147384	84.63764911542502	42.15124449731577	47.817029386057186	N	N	-75.0778816199377	-11.901595799169328											3년					-1.7811545664972888	-0.2823545530174615		35.1831998104807	0.8998260821094808	3년	-0.2823545530174615	불리(<1)	3년	-11.901595799169328		판정불가	Y	통과	보류	배당감안점수 또는 린치PER배수 미산출	87733546.0	단기위험부채 존재; 배당감안점수<1; fs=2025:CFS,2024:CFS,2022:CFS,2020:CFS
"=""025900"""	동화기업	직접추가	메인	6150.0		-1001.0	47003095054.0	8175540000.0	332495112984.0	672096955800.0						판정불가	일반	일반	-5485.193240301571	-18778.96397581476			Y	Y	273.5074626865672			555.5149253731344									1년	555.5149253731344							-787.0734383185331	-12.797942086480212	판정불가		판정불가	1년	273.5074626865672		판정불가	N	주당순현금<=0 / 주당FCF<=0 / 순현금차감PER<=0	제외	하드필터 미통과	50557285.0	주당순현금 음수(린치식); 주당순현금 음수(보수형); 단기위험부채 존재; 주당FCF 음수; fs=2025:CFS,2024:CFS,2022:CFS,2020:CFS
"=""025980"""	아난티	직접추가	메인	3860.0		-444.0	100300596867.0	16021422775.0	495891642685.0	115500000000.0						판정불가	일반	일반	-4008.146597919973	-5227.793545292556			Y	Y	29.824561403508774			68.14912280701755									1년	68.14912280701755							167.32741575418066	4.334907143890691	판정불가		판정불가	1년	29.824561403508774		판정불가	N	주당순현금<=0 / 순현금차감PER<=0	제외	하드필터 미통과	94699536.0	주당순현금 음수(린치식); 주당순현금 음수(보수형); 단기위험부채 존재; fs=2025:CFS,2024:CFS,2022:CFS,2020:CFS
"=""028300"""	HLB	직접추가	메인	34900.0		-1680.0	40983350542.0	17820367452.0	17093527411.0							판정불가	일반	일반	314.23834862301965	314.23834862301965			N	N	138.63636363636363			285.77272727272725									1년	285.77272727272725							-829.6365716076274	-2.377182153603517	판정불가		판정불가	1년	138.63636363636363		판정불가	N	주당FCF<=0 / 순현금차감PER<=0	제외	하드필터 미통과	132734247.0	주당FCF 음수; fs=2025:CFS,2024:CFS,2022:CFS,2020:CFS
"=""030520"""	한컴	직접추가	메인	18610.0	400.0	1427.0	132320127435.0	31305706152.0	47868725738.0	2260000000.0						판정불가	일반	일반	4787.35870193663	4693.892038269719	9.686504063113784	9.752002776265089	N	N	147.31369150779895	-10.175925258509299	-2.2136541917331276	303.1273830155979		4.072691616533745	432562.7755632582		5811.730936793654	2224.356666111006		-68.77092457391912	3년				2.14938205265986	15.430032608938278	-0.828631584062874	-0.00663522553178043	2217.696290291576	11.916691511507663	3년	-0.828631584062874	불리(<1)	3년	-10.175925258509299		판정불가	Y	통과	보류	배당감안점수 또는 린치PER배수 미산출	24179744.0	단기위험부채 존재; 1년 점수 과열 가능; 배당감안점수<1; fs=2025:CFS,2024:CFS,2022:CFS,2020:CFS
"=""031980"""	피에스케이홀딩스	직접추가	메인	104600.0	1080.0	4252.0	182779167734.0		10979267182.0							판정불가	일반	일반	7967.570418406675	7967.570418406675	22.726347502726558	22.726347502726558	N	N		28.972326855053065	6.696365809169258		66.44465371010614	21.892731618338516		282522.6675753713	93087.89484117537		170.09815255771633	-11.00583667191648	3년	66.44465371010614	282522.6675753713	170.09815255771633	1.0325047801147227		1.320266339831687	0.34008415071347126	3674.3812093229903	3.512792743138614	3년	1.320266339831687	보통(1~1.5)	3년	28.972326855053065	0.7844156810885506	헐값	Y	통과	보류	중간구간(보류)	21562395.0	fs=2025:CFS,2024:CFS,2022:CFS,2020:CFS
"=""032190"""	다우데이타	직접추가	메인	19250.0	550.0	5713.0	2733751140623.0	21532549329917.0	4101128995368.0	32263292614335.0						판정불가	일반	일반	526505.7826415666	-315877.836531671	-88.78973965369623	58.66057002129722	N	Y	33.17016317016317	2.41056085619491		74.84032634032634	13.32112171238982		427562.7843822844	76103.56834288304		2121.1053734144643	295.34321217082095		3년	13.32112171238982	76103.56834288304	295.34321217082095	2.857142857142857	-0.40575978900064547	-0.05932784276520263		-174621.89534033943	-907.1267290407244	3년	-0.05932784276520263	불리(<1)	3년	2.41056085619491		판정불가	N	주당FCF<=0 / 순현금차감PER<=0	제외	하드필터 미통과	38300000.0	주당순현금 음수(보수형); 단기위험부채 존재; 주당FCF 음수; 배당감안점수<1; fs=2025:CFS,2024:CFS,2022:CFS,2020:CFS
"=""032500"""	케이엠더블유	직접추가	메인	17090.0		-673.0	41508194512.0	3635876634.0	15614128878.0	55329519995.0						판정불가	일반	일반	721.4723583560454	-630.3324950099693			N	Y	-30.54695562435501												1년								-606.4922358257096	-3.548813550764831	판정불가		판정불가	1년	-30.54695562435501		판정불가	N	주당FCF<=0 / 순현금차감PER<=0	제외	하드필터 미통과	40930109.0	주당순현금 음수(보수형); 단기위험부채 존재; 주당FCF 음수; fs=2025:CFS,2024:CFS,2022:CFS,2020:CFS
"=""033100"""	제룡전기	직접추가	메인	47400.0	1100.0	3655.0	50601367613.0	134698000000.0								판정불가	일반	일반	11536.212756940755	11536.212756940755	9.812253691671476	9.812253691671476	N	N	-26.547427652733123	67.55425231828578	75.58550187909223		143.60850463657155	159.67100375818447		524889.084446669	583597.5187361642		1007.3609376512003	1131.2183939581523	3년	143.60850463657155	524889.084446669	1007.3609376512003	2.320675105485232	-2.4690303887894043	7.121190464437341	7.939682302619561	4032.1279877756815	8.506599130328443	3년	7.121190464437341	안심(>=2)	3년	67.55425231828578	0.145249978423867	매우 유망	Y	통과	매우 유망	배당감안점수>=2 & 린치PER배수<=0.5	16062409.0	fs=2025:OFS,2024:OFS,2022:OFS,2020:OFS
"=""033500"""	동성화인텍	직접추가	메인	17070.0	400.0	1869.0	80845872158.0	216438728.0		7174500000.0						판정불가	일반	일반	2703.023628408002	2463.7898487383613	7.686985752590689	7.814986704794885	N	N	37.933579335793354	85.03864028854527	18.260466581831338	84.36715867158671	178.57728057709053	45.020933163662676	157682.21955719555	333760.93739858223	84144.12408288554	823.7388374762481	1855.2486080760532	392.93570054414494	3년	178.57728057709053	333760.93739858223	1855.2486080760532	2.3432923257176332	5.2396183572913175	11.367515880306295	2.6803430591249677	2286.215405268258	13.393177535256346	3년	11.367515880306295	안심(>=2)	3년	85.03864028854527	0.09039403412975465	매우 유망	Y	통과	매우 유망	배당감안점수>=2 & 린치PER배수<=0.5	29989494.0	단기위험부채 존재; fs=2025:CFS,2024:CFS,2022:CFS,2020:CFS
"=""035760"""	CJ ENM	직접추가	메인	32150.0		1422.0	782050698548.0	81389268242.0	1910894083697.0	762511078000.0						판정불가	일반	일반	-47765.368281284354	-82536.93666919389	56.19927445941234	80.65185419774535	Y	Y	-105.85594860602068		-13.10324877931166										5년					-1.8835821213754436		-0.23315690292007157	9453.190478574777	29.403391846266803	5년	-0.23315690292007157	불리(<1)	5년	-13.10324877931166		판정불가	N	주당순현금<=0	제외	하드필터 미통과	21929154.0	주당순현금 음수(린치식); 주당순현금 음수(보수형); 단기위험부채 존재; 배당감안점수<1; fs=2025:CFS,2024:CFS,2022:CFS,2020:CFS
"=""035900"""	JYP Ent.	직접추가	메인	46100.0	877.0	4846.0	294471835825.0	24871949033.0	7018179911.0							판정불가	일반	일반	8789.859291236877	8789.859291236877	7.699162341882609	7.699162341882609	N	N	64.21552016265673	33.4510703273257	40.282569178136505	136.93104032531346	75.4021406546514	89.06513835627301	663567.821416469	365398.7736124407	431609.660474499	1339.4095909250955	692.622068573624	836.2465520054208	3년	75.4021406546514	365398.7736124407	692.622068573624	1.9023861171366594	8.587675300742672	4.591857513140538	5.4791616830562955	2865.683088481382	6.216232296055059	3년	4.591857513140538	안심(>=2)	3년	33.4510703273257	0.2301619131030696	매우 유망	Y	통과	매우 유망	배당감안점수>=2 & 린치PER배수<=0.5	35532492.0	fs=2025:CFS,2024:CFS,2022:CFS,2020:CFS
"=""036540"""	SFA반도체	직접추가	메인	5240.0		-116.0	22630474416.0	25249450000.0	32013660425.0							판정불가	일반	일반	96.47473403353756	96.47473403353756			N	N	-307.14285714285717												1년								-100.9581064191521	-1.9266814202128262	판정불가		판정불가	1년	-307.14285714285717		판정불가	N	주당FCF<=0 / 순현금차감PER<=0	제외	하드필터 미통과	164460303.0	주당FCF 음수; fs=2025:CFS,2024:CFS,2022:CFS,2020:CFS
"=""036620"""	감성코퍼레이션	직접추가	메인	4185.0		387.0	32602954268.0		0.0	10000000000.0						판정불가	일반	일반	360.23862771419766	249.74599420835182	9.883104321151944	10.168615002045602	N	N	20.560747663551403	29.066288067403256		49.62149532710281	66.63257613480651		19203.518691588786	25786.806964170122		358.8654406592303	516.1722094186409		3년	66.63257613480651	25786.806964170122	516.1722094186409		2.0803936693804834	2.941007918452831				3년	2.941007918452831	안심(>=2)	3년	29.066288067403256	0.3400194857435364	매우 유망	N	주당FCF<=0	제외	하드필터 미통과	90503771.0	단기위험부채 존재; fs=2025:OFS,2024:OFS,2022:OFS,2020:CFS
"=""036830"""	솔브레인홀딩스	직접추가	메인	34400.0	500.0	2086.0	217639195435.0		217106724708.0	12282000000.0						판정불가	일반	일반	25.399222698126735	-560.4606891433605	16.47871561711499	16.75956888261906	N	Y	-26.704146170063247	-12.436250420496087	-12.844437276389565										3년				1.4534883720930232	-1.5323195317324725	-0.6664816787660464	-0.6912522291765122	577.2028107060962	1.6779151474014424	3년	-0.6664816787660464	불리(<1)	3년	-12.436250420496087		판정불가	Y	통과	보류	배당감안점수 또는 린치PER배수 미산출	20964056.0	주당순현금 음수(보수형); 단기위험부채 존재; 1년 점수 과열 가능; 배당감안점수<1; fs=2025:CFS,2024:CFS,2022:CFS,2020:CFS
"=""036930"""	주성엔지니어링	반도체소부장	메인	133400.0	53.0	781.0	164383610031.0	0.0	104241855386.0	45000000000.0						판정불가	일반	일반	1272.3480202522953	320.33620667423327	169.17753134410717	170.396496534348	N	N	-65.625	-29.310632286282456											3년				0.03973013493253373	-0.3876712784729492	-0.1730188513734303				3년	-0.1730188513734303	불리(<1)	3년	-29.310632286282456		판정불가	N	주당FCF<=0	제외	하드필터 미통과	47268321.0	단기위험부채 존재; 1년 점수 과열 가능; 배당감안점수<1; fs=2025:CFS,2024:CFS,2022:CFS,2020:CFS
"=""036810"""	에프에스티	직접추가	메인	21100.0	0.0	-613.0	31608229451.0	946624388.0	4071855583.0	117835000000.0						판정불가	일반	일반	1297.2557301423715	-4069.529310794309			N	Y	-939.7260273972602												1년				0.0				-1576.739070768964	-7.472697017862388	판정불가		판정불가	1년	-939.7260273972602		판정불가	N	주당FCF<=0 / 순현금차감PER<=0	제외	하드필터 미통과	21956348.0	주당순현금 음수(보수형); 단기위험부채 존재; 주당FCF 음수; fs=2025:CFS,2024:CFS,2022:CFS,2020:CFS
"=""039030"""	이오테크닉스	직접추가	메인	327000.0	500.0	4689.0	236305275966.0	99448229801.0		7000000000.0						판정불가	일반	일반	27253.715092434384	26685.512520100165	63.92541797986045	64.04659575173808	N	N	21.162790697674417	-9.341714757581144	21.872789158097493	50.825581395348834		52.24557831619499	238321.1511627907		244979.5167246383	-27.1189140174952		-25.082716597969945	3년				0.1529051987767584	0.3334463280813687	-0.1437426590108382	0.34455299711631754	7809.347047497677	2.3881795252286473	3년	-0.1437426590108382	불리(<1)	3년	-9.341714757581144		판정불가	Y	통과	보류	배당감안점수 또는 린치PER배수 미산출	12319550.0	단기위험부채 존재; 1년 점수 과열 가능; 배당감안점수<1; fs=2025:CFS,2024:CFS,2022:CFS,2020:CFS
"=""039200"""	오스코텍	직접추가	메인	33600.0		1368.0	15192017092.0		7091325790.0	6000000000.0						판정불가	일반	일반	211.7375198964007	54.90829730094817	24.406624619958773	24.521265864546088	N	N	5847.826086956522			11704.152173913044			16011280.173913045			47552.61956521739			1년	11704.152173913044	16011280.173913045	47552.61956521739		239.59995198084053					1년	239.59995198084053	안심(>=2)	1년	5847.826086956522	0.004173623540959493	매우 유망	N	주당FCF<=0	제외	하드필터 미통과	38258176.0	단기위험부채 존재; fs=2025:CFS,2024:CFS,2022:CFS,2020:CFS
"=""041190"""	우리기술투자	직접추가	메인	4635.0		1420.0	8196474528.0	918336858104.0								판정불가	일반	일반	11030.158721809525	11030.158721809525	-4.503632902682764	-4.503632902682764	N	N	-25.14496573537164												1년					5.583262730049126					1년	5.583262730049126	안심(>=2)	1년	-25.14496573537164		판정불가	N	주당FCF<=0 / 순현금차감PER<=0	제외	하드필터 미통과	84000000.0	fs=2025:CFS,2024:CFS,2022:NA,2020:NA
"=""041510"""	에스엠	직접추가	메인	73700.0	1620.0	15166.0	364611980599.0	229637014667.0	71674775222.0	5166699000.0						판정불가	일반	일반	22825.127575171362	22599.45520310605	3.3545346449181483	3.3694147960499774	N	N	1807.6729559748428	64.77467023251435		3623.8459119496856	138.0493404650287		54959247.100628935	2093656.2974926254		74471.57001442189	2740.781950464892		3년	138.0493404650287	2093656.2974926254	2740.781950464892	2.198100407055631	539.5296957578627	19.964846909847356				3년	19.964846909847356	안심(>=2)	3년	64.77467023251435	0.051787753343656595	매우 유망	N	주당FCF<=0	제외	하드필터 미통과	22894690.0	단기위험부채 존재; 1년 점수 과열 가능; fs=2025:CFS,2024:CFS,2022:CFS,2020:CFS
"=""046890"""	서울반도체	직접추가	메인	9360.0	136.0	-912.0	58026419941.0	3744425572.0	52972809407.0	85690044564.0						판정불가	일반	일반	150.89573360271947	-1318.78022375286			N	Y	924.7191011235955			1857.938202247191									1년	1857.938202247191			1.452991452991453				1489.4162315840385	15.912566576752548	판정불가		판정불가	1년	924.7191011235955		판정불가	N	순현금차감PER<=0	제외	하드필터 미통과	58305400.0	주당순현금 음수(보수형); 단기위험부채 존재; fs=2025:CFS,2024:CFS,2022:CFS,2020:CFS
"=""048410"""	현대바이오	직접추가	메인	6810.0		-235.36	22337858879.0	19621590869.0		0.0						판정불가	일반	일반	436.89119463195703	436.89119463195703			N	N	35.26436781609197			79.02873563218394									1년	79.02873563218394							-379.6927400975584	-5.575517475735071	판정불가		판정불가	1년	35.26436781609197		판정불가	N	주당FCF<=0 / 순현금차감PER<=0	제외	하드필터 미통과	96040960.0	주당FCF 음수; fs=2025:CFS,2024:CFS,2022:CFS,2020:CFS
"=""050890"""	쏠리드	직접추가	메인	10070.0	50.0	610.0	90077709858.0	56384251006.0		99023500000.0						판정불가	일반	일반	2410.63719770453	780.7960352708731	12.556332462779459	15.228203220867423	N	N	-19.736842105263154	7.574974463597406			23.649948927194814			14426.468845588835			43.26185546761505		3년	23.649948927194814	14426.468845588835	43.26185546761505	0.49652432969215493	-1.532319873864823	0.6428229594283027		264.100396082502	2.622645442725939	3년	0.6428229594283027	불리(<1)	3년	7.574974463597406	1.6576072332812026	보통	Y	통과	제외	배당감안점수<1	60756534.0	단기위험부채 존재; 배당감안점수<1; fs=2025:CFS,2024:CFS,2022:CFS,2020:CFS
"=""052400"""	코나아이	직접추가	메인	41750.0	1200.0	5176.0	241128404564.0	58021158699.0		39569006603.0						판정불가	일반	일반	20541.34352345222	17824.30610361353	4.0974993192712095	4.622429269008205	N	N	144.84389782403028	27.53848072272529	32.30025281189095	298.18779564806056	63.57696144545058	73.1005056237819	1543420.0302743614	329074.3524416522	378368.2171086951	3596.8144437709257	688.2020417764124	806.2711787034614	3년	63.57696144545058	329074.3524416522	688.2020417764124	2.874251497005988	36.05080509136235	7.422266570416553	8.584383197689744	8756.869650891409	20.97453808596745	3년	7.422266570416553	안심(>=2)	3년	27.53848072272529	0.1487917710685424	매우 유망	Y	통과	매우 유망	배당감안점수>=2 & 린치PER배수<=0.5	14563291.0	단기위험부채 존재; 1년 점수 과열 가능; fs=2025:CFS,2024:CFS,2022:CFS,2020:CFS
"=""053030"""	바이넥스	직접추가	메인	6990.0		-101.0	18364018872.0	1250000000.0								판정불가	일반	일반	600.107271197926	600.107271197926			N	N	-91.03019538188278												1년										판정불가		판정불가	1년	-91.03019538188278		판정불가	N	주당FCF<=0 / 순현금차감PER<=0	제외	하드필터 미통과	32684188.0	fs=2025:CFS,2024:CFS,2022:CFS,2020:CFS
"=""053800"""	안랩	직접추가	메인	56500.0	1400.0	5714.0	67126196416.0	212621651635.0	1087944763.0	210000000.0						판정불가	일반	일반	25044.690874925156	25025.817025398628	5.504954344605328	5.508257433426912	N	N	51.84693064044645	51.8781942609736	21.726884580572147	112.1938612808929	112.2563885219472	51.953769161144294	641075.723359022	641433.0040144064	296863.8369867785	1034.64729798057	1035.2796531228432	425.4227203305814	3년	112.2563885219472	641433.0040144064	1035.2796531228432	2.47787610619469	9.868348281557983	9.874027460452135	4.39690489177021	5241.269111345467	9.276582497956579	3년	9.874027460452135	안심(>=2)	3년	51.8781942609736	0.10611306779323541	매우 유망	Y	통과	매우 유망	배당감안점수>=2 & 린치PER배수<=0.5	11126506.0	단기위험부채 존재; fs=2025:CFS,2024:CFS,2022:CFS,2020:CFS
"=""056080"""	유진로봇	직접추가	메인	14260.0		-186.0	5279987409.0	8000000000.0	4928887046.0	4187000000.0						판정불가	일반	일반	222.6238676736008	111.00670425413077			N	N	118.82352941176472			246.14705882352945									1년	246.14705882352945							-147.16306462503138	-1.0319990506664192	판정불가		판정불가	1년	118.82352941176472		판정불가	N	주당FCF<=0 / 순현금차감PER<=0	제외	하드필터 미통과	37512152.0	단기위험부채 존재; 주당FCF 음수; fs=2025:OFS,2024:OFS,2022:CFS,2020:CFS
"=""056190"""	SFA	직접추가	메인	21750.0	950.0	1916.0	295924271530.0	28249450000.0								판정불가	일반	일반	9027.7058169093	9027.7058169093	6.640028279274896	6.640028279274896	N	N	-177.38287560581583	-4.690096402984533	-9.613618111787957										3년				4.3678160919540225	-26.05637389435266	-0.04853598470904471	-0.7900270600062544	1582.4180900148042	7.275485471332432	3년	-0.04853598470904471	불리(<1)	3년	-4.690096402984533		판정불가	Y	통과	보류	배당감안점수 또는 린치PER배수 미산출	35908760.0	배당감안점수<1; fs=2025:CFS,2024:CFS,2022:CFS,2020:CFS
"=""058470"""	리노공업	반도체소부장	메인	66900.0	800.0	2002.0	85202812409.0									판정불가	일반	일반	1117.9732864246178	1117.9732864246178	32.85815520158611	32.85815520158611	N	N	-73.17432667827951	-35.70959636196842	-11.30853089688001										3년				1.195814648729447	-2.1905828732002446	-1.0503870805130577	-0.3077688380893157	1564.4878741822959	2.3385468971334764	3년	-1.0503870805130577	불리(<1)	3년	-35.70959636196842		판정불가	Y	통과	보류	배당감안점수 또는 린치PER배수 미산출	76211850.0	1년 점수 과열 가능; 배당감안점수<1; fs=2025:OFS,2024:OFS,2022:OFS,2020:OFS
"=""058610"""	에스피지	직접추가	메인	108900.0		412.0	42023986997.0	4202172079.0	0.0	54058574990.0						판정불가	일반	일반	2084.3851150903442	-353.17169915625664	259.2612011769652	265.1776012115443	N	Y	-30.28764805414551	-22.958604350341737	-9.267164625100499										3년					-0.11682291031843181	-0.08855395348828447	-0.035744510104213256	1052.1212452248599	0.9661352114094213	3년	-0.08855395348828447	불리(<1)	3년	-22.958604350341737		판정불가	Y	통과	보류	배당감안점수 또는 린치PER배수 미산출	22177360.0	주당순현금 음수(보수형); 단기위험부채 존재; 1년 점수 과열 가능; 배당감안점수<1; fs=2025:CFS,2024:CFS,2022:CFS,2020:CFS
"=""059090"""	미코	직접추가	메인	16320.0		937.0	308049235584.0	150141976308.0	613882940873.0	418677409064.0						판정불가	일반	일반	-4659.088586607601	-17188.04661673247	22.38963563138485	35.76098891860456	Y	Y	151.88172043010755		19.845043171093412	312.2634408602151		48.190086342186824	292590.84408602153		45154.11090262905	1692.8360544486611		176.67960111905057	5년	48.190086342186824	45154.11090262905	176.67960111905057		6.783572673116938		0.8863495368042286	-8988.877721155523	-55.07890760511962	5년	0.8863495368042286	불리(<1)	5년	19.845043171093412	1.1282230750698456	보통	N	주당순현금<=0 / 주당FCF<=0	제외	하드필터 미통과	33416778.0	주당순현금 음수(린치식); 주당순현금 음수(보수형); 단기위험부채 존재; 주당FCF 음수; 배당감안점수<1; fs=2025:CFS,2024:CFS,2022:CFS,2020:CFS
"=""060250"""	NHN KCP	직접추가	메인	13270.0	250.0	1195.0	374983454305.0	42744455032.0	1106182931.0							판정불가	일반	일반	10373.889142423655	10373.889142423655	2.4235237301894097	2.4235237301894097	N	N	2.224123182207016	9.78930899024495	-2.781281006491565	12.948246364414032	28.0786179804899	2.93743798701687	15473.154405474768	33553.948486685425	3510.23839448516	16.602520011113555	152.85567812121647	-73.54756296544718	3년	28.0786179804899	33553.948486685425	152.85567812121647	1.8839487565938209	1.6950822010229591	4.81664676991896	-0.3702593206411944	4859.738255028043	36.62199137172602	3년	4.81664676991896	안심(>=2)	3년	9.78930899024495	0.2475684169949536	매우 유망	Y	통과	매우 유망	배당감안점수>=2 & 린치PER배수<=0.5	40160611.0	fs=2025:CFS,2024:CFS,2022:CFS,2020:CFS
"=""060280"""	큐렉소	직접추가	메인	9060.0		67.0	18688000180.0									판정불가	일반	일반	454.8066373342997	454.8066373342997	128.43572183083137	128.43572183083137	N	N	-131.45539906103286		41.05182554589231			90.60365109178461			6070.444623149569			-32.997299965236536	5년	90.60365109178461	6070.444623149569	-32.997299965236536		-1.0235111944493047		0.3196293442408769	-335.1639164672466	-3.6993809764596755	5년	0.3196293442408769	불리(<1)	5년	41.05182554589231	3.128623882688277	매우 불리	N	주당FCF<=0	제외	하드필터 미통과	41089990.0	주당FCF 음수; 배당감안점수<1; PER>연성장률의 2배; fs=2025:CFS,2024:OFS,2022:OFS,2020:OFS
"=""060370"""	LS마린솔루션	직접추가	메인	31400.0	160.0	215.0	73563614656.0	401270740051.0	34931968525.0							판정불가	일반	일반	8420.98079299366	8420.98079299366	106.87915910235508	106.87915910235508	N	N	-56.032719836400815		29.95772295224761			68.41544590449521			14709.320869466472			-53.15502907813225	5년	68.41544590449521	14709.320869466472	-53.15502907813225	0.5095541401273885	-0.5194947842273019		0.28506284432119616	-1082.6513705871112	-3.4479343012328383	5년	0.28506284432119616	불리(<1)	5년	29.95772295224761	3.5676663167197207	매우 불리	N	주당FCF<=0	제외	하드필터 미통과	52238854.0	주당FCF 음수; 배당감안점수<1; PER>연성장률의 2배; fs=2025:CFS,2024:CFS,2022:OFS,2020:OFS
"=""064760"""	티씨케이	직접추가	메인	183500.0	1430.0	6138.0		241389914654.0	398463656.0							판정불가	일반	일반	21556.71199622592	21556.71199622592	26.38372238575661	26.38372238575661	N	N	-0.470244851629642	-8.665299530826331	3.4401484284882766	7.559510296740716		15.380296856976553	46400.27420139452		94404.26210812209	-74.7137470292128		-48.55353563590077	3년				0.779291553133515	0.011713536740013358	-0.2988967160278384	0.15992587853712706	4430.712212963539	2.4145570642853076	3년	-0.2988967160278384	불리(<1)	3년	-8.665299530826331		판정불가	Y	통과	보류	배당감안점수 또는 린치PER배수 미산출	11179416.0	1년 점수 과열 가능; 배당감안점수<1; fs=2025:OFS,2024:OFS,2022:OFS,2020:OFS
"=""065350"""	신성델타테크	직접추가	메인	31850.0	120.0	778.0	70602467437.0	14235723297.0	26783722267.0	310392918122.0						판정불가	일반	일반	2112.3045519879456	-9181.30283374863	38.223258930606754	52.73946379659207	N	Y	-2202.702702702703	7.457653300092337	18.00492575746233		23.415306600184675	44.50985151492466		18217.108534943676	34628.66447861139		-42.80342689185659	8.724221282924294	3년	23.415306600184675	18217.108534943676	-42.80342689185659	0.3767660910518053	-57.61742975945384	0.2049647154725166	0.4809033128725517	-2916.1518951716835	-9.155892920476242	3년	0.2049647154725166	불리(<1)	3년	7.457653300092337	5.125373544803094	매우 불리	N	주당FCF<=0	제외	하드필터 미통과	27483948.0	주당순현금 음수(보수형); 단기위험부채 존재; 주당FCF 음수; 배당감안점수<1; PER>연성장률의 2배; fs=2025:CFS,2024:CFS,2022:CFS,2020:CFS
"=""067160"""	SOOP	직접추가	메인	42700.0	3380.0	9556.0	134011835737.0	116354281889.0	5107094014.0	341000000.0						판정불가	일반	일반	21336.580690326304	21306.915017242194	2.2356026904221116	2.238707093214505	N	N	0.7060807250500512	20.62187794636918	22.171262636843704	9.912161450100102	49.74375589273836	52.84252527368741	94720.61481715657	475351.3313110078	504963.17151535687	121.82813774509738	1013.2349679414701	1082.583539848611	3년	49.74375589273836	475351.3313110078	1013.2349679414701	7.9156908665105385	3.8565759598064737	12.765044940740989	13.458095050723626	8736.18659282089	20.45945337897164	3년	12.765044940740989	안심(>=2)	3년	20.62187794636918	0.10840926787735769	매우 유망	Y	통과	매우 유망	배당감안점수>=2 & 린치PER배수<=0.5	11494767.0	단기위험부채 존재; fs=2025:CFS,2024:CFS,2022:CFS,2020:CFS
"=""067310"""	하나마이크론	직접추가	메인	31900.0	70.0	637.0	95587857414.0	13423479284.0	526063263829.0	282083074730.0						판정불가	일반	일반	-6282.96993586037	-10532.607361434337	59.941868031177975	66.61319836959863	Y	Y	-248.83177570093457	112.91119569846622			234.32239139693243			149263.36331984596			367.91022984277726		3년	234.32239139693243	149263.36331984596	367.91022984277726	0.219435736677116	-4.147557427388566	1.8873391028838127		365.9283093769816	1.1471106877021366	3년	1.8873391028838127	양호(>=1.5)	3년	112.91119569846622	0.5308762134735965	헐값	N	주당순현금<=0	제외	하드필터 미통과	66378151.0	주당순현금 음수(린치식); 주당순현금 음수(보수형); 단기위험부채 존재; fs=2025:CFS,2024:CFS,2022:CFS,2020:CFS
"=""068760"""	셀트리온제약	직접추가	메인	42000.0	200.0	892.0	49871871397.0	67056726028.0	16559995254.0	142000000000.0						판정불가	일반	일반	2297.7149853074225	-953.057874493612	44.50928813306343	48.15365232566548	N	Y	67.984934086629	8.88354924631798	8.803232347597788	144.469868173258	26.26709849263596	26.106464695195577	128867.12241054613	23430.251855431277	23286.966508114456	206.82648192987173	-44.21368605849696	-44.554841647346535	3년	26.26709849263596	23430.251855431277	-44.21368605849696	0.4761904761904762	1.5381311954069108	0.21028733810630496	0.20848284061625122	1568.3314891607329	3.73412259323984	3년	0.21028733810630496	불리(<1)	3년	8.88354924631798	5.010304654022318	매우 불리	Y	통과	제외	배당감안점수<1	43681920.0	주당순현금 음수(보수형); 단기위험부채 존재; 1년 점수 과열 가능; 배당감안점수<1; PER>연성장률의 2배; fs=2025:OFS,2024:OFS,2022:OFS,2020:CFS
"=""069080"""	웹젠	직접추가	메인	11830.0	700.0	824.0	76341719302.0	213754694539.0	2319695757.0							판정불가	일반	일반	8317.033694399253	8317.033694399253	4.263308623301877	4.263308623301877	N	N	-57.34989648033127	-30.371590084613665	-21.712609701138675										3년				5.9171597633136095	-12.064042569168656	-5.7360215930979015	-3.7049745475831153	252.97191620884598	2.1383932054847508	3년	-5.7360215930979015	불리(<1)	3년	-30.371590084613665		판정불가	Y	통과	보류	배당감안점수 또는 린치PER배수 미산출	34600884.0	1년 점수 과열 가능; 배당감안점수<1; fs=2025:CFS,2024:CFS,2022:CFS,2020:CFS
"=""074600"""	원익QnC	직접추가	메인	27900.0	130.0	856.0	60554080902.0		563442812278.0	193450864716.0						판정불가	일반	일반	-19129.973043822276	-26488.876905508216	54.9415572941849	63.53840759989278	Y	Y	-55.73940020682524	-25.232199628488928	-2.709047471928838			3.0819050561423236			2638.110728057829			-90.54440599262426	3년				0.46594982078853053	-1.0060408388148643	-0.4507744415595896	-0.04082697618361321	-169.76250703743153	-0.6084677671592529	3년	-0.4507744415595896	불리(<1)	3년	-25.232199628488928		판정불가	N	주당순현금<=0 / 주당FCF<=0	제외	하드필터 미통과	26288000.0	주당순현금 음수(린치식); 주당순현금 음수(보수형); 단기위험부채 존재; 주당FCF 음수; 1년 점수 과열 가능; 배당감안점수<1; fs=2025:CFS,2024:CFS,2022:CFS,2020:CFS
"=""078340"""	컴투스	직접추가	메인	30950.0	1300.0	3192.0	108935942067.0	773963846697.0	700607322.0	202088628300.0						판정불가	일반	일반	69258.60808611878	53393.2826578938	-12.001443636002124	-7.031103589565726	N	N	-133.82072472981562	4.377483829565754	-13.665781011212907		17.25496765913151			55077.85676794778			77.95753398367617		3년	17.25496765913151	55077.85676794778	77.95753398367617	4.20032310177706	10.800400815048716	-0.7147312599636738	0.7886932769522172	-4371.490479523275	-14.12436342333853	3년	-0.7147312599636738	불리(<1)	3년	4.377483829565754		판정불가	N	주당FCF<=0 / 순현금차감PER<=0	제외	하드필터 미통과	12737755.0	단기위험부채 존재; 주당FCF 음수; 1년 점수 과열 가능; 배당감안점수<1; fs=2025:CFS,2024:CFS,2022:CFS,2020:CFS
"=""078600"""	대주전자재료	직접추가	메인	85400.0	100.0	1377.0	87095348554.0	15651970912.0	158800187034.0	175574260916.0						판정불가	일반	일반	-3620.8475714076326	-14962.419623330967	64.64840056020888	72.88483632776395	Y	Y	-39.28571428571429	173.91745789192484	31.893371216078826		356.3349157838497	72.28674243215765		490673.17903436103	99538.84432908108		474.55875765147664	16.556023804544594	3년	356.3349157838497	490673.17903436103	474.55875765147664	0.117096018735363	-0.6058714202913665	2.692016390236552	0.4951470872817949	-829.2141970272069	-0.9709768115072679	3년	2.692016390236552	안심(>=2)	3년	173.91745789192484	0.37171886792631514	매우 유망	N	주당순현금<=0 / 주당FCF<=0	제외	하드필터 미통과	15480593.0	주당순현금 음수(린치식); 주당순현금 음수(보수형); 단기위험부채 존재; 주당FCF 음수; fs=2025:CFS,2024:CFS,2022:CFS,2020:CFS
"=""079370"""	제우스	직접추가	메인	9120.0	50.0	-192.0	51037898024.0	65791769419.0	8302109795.0	32588150000.0						판정불가	일반	일반	3498.9712943776944	2448.316475841144			N	N	-114.13843888070691												1년				0.5482456140350876				480.0699799690428	5.263925218958803	판정불가		판정불가	1년	-114.13843888070691		판정불가	N	순현금차감PER<=0	제외	하드필터 미통과	31016990.0	단기위험부채 존재; fs=2025:CFS,2024:CFS,2022:CFS,2020:CFS
"=""080220"""	제주반도체	직접추가	메인	75500.0		1173.0	77229831529.0		56955110913.0	52000000000.0						판정불가	일반	일반	588.6484603632924	-921.099590849568	63.86304479082414	65.150127528431	N	Y	101.89328743545612	18.439828634196754	28.179821594920938	212.28657487091223	45.37965726839351	64.85964318984188	249012.15232358006	53230.33797582558	76080.36146168452	229.81742029613255	-29.496241091621744	0.7686906777278457	3년	45.37965726839351	53230.33797582558	-29.496241091621744		1.5954968600259436	0.28874020483355023	0.4412539628703989	662.8416875870809	0.8779360100491138	3년	0.28874020483355023	불리(<1)	3년	18.439828634196754	3.463320948242968	매우 불리	Y	통과	제외	배당감안점수<1	34442833.0	주당순현금 음수(보수형); 단기위험부채 존재; 1년 점수 과열 가능; 배당감안점수<1; PER>연성장률의 2배; fs=2025:CFS,2024:CFS,2022:CFS,2020:CFS
"=""082270"""	젬백스	직접추가	메인	11530.0		-275.0	17577870390.0	7201968045.0	70254205068.0	28370000000.0						판정불가	일반	일반	-1065.4627968128407	-1730.170890265316			Y	Y	-87.51135331516802												1년								-23.58019853099277	-0.2045116958455574	판정불가		판정불가	1년	-87.51135331516802		판정불가	N	주당순현금<=0 / 주당FCF<=0 / 순현금차감PER<=0	제외	하드필터 미통과	42680389.0	주당순현금 음수(린치식); 주당순현금 음수(보수형); 단기위험부채 존재; 주당FCF 음수; fs=2025:CFS,2024:CFS,2022:CFS,2020:CFS
"=""083650"""	비에이치아이	직접추가	메인	50500.0		2107.0	59951352513.0	53304037268.0	622700352.0	144462567432.0						판정불가	일반	일반	3639.8437334410537	-1028.6159601866252	22.240226040132388	24.455916450017384	N	Y	232.85939968404423		64.67325023520193	474.21879936808847		137.84650047040387	999179.0102685624		290442.57649114094	1878.5722975615097		475.1338148339425	5년	137.84650047040387	290442.57649114094	475.1338148339425		10.47019033277137		2.9079403293158688	3031.7588454121305	6.003482862202239	5년	2.9079403293158688	안심(>=2)	5년	64.67325023520193	0.3438860109743941	매우 유망	Y	통과	매우 유망	배당감안점수>=2 & 린치PER배수<=0.5	30944375.0	주당순현금 음수(보수형); 단기위험부채 존재; fs=2025:CFS,2024:CFS,2022:CFS,2020:CFS
"=""084370"""	유진테크	직접추가	메인	123300.0	230.0	1906.0	54924701691.0	234822263434.0	6336490405.0							판정불가	일반	일반	12367.339644429	12367.339644429	58.20181550659549	58.20181550659549	N	N	-33.00527240773287	3.947412856408672	65.18029584829917		16.394825712817344	138.86059169659833		31248.53780862986	264668.28777371644		-74.6564981276319	114.65392357965646	3년	16.394825712817344	31248.53780862986	-74.6564981276319	0.186536901865369	-0.5638782092999908	0.07102784891315939	1.1231064217018643	1973.6983229477412	1.6007285668675924	3년	0.07102784891315939	불리(<1)	3년	3.947412856408672	14.744293952456518	매우 불리	Y	통과	제외	배당감안점수<1	22916042.0	배당감안점수<1; PER>연성장률의 2배; fs=2025:CFS,2024:CFS,2022:CFS,2020:CFS
"=""085660"""	차바이오텍	직접추가	메인	9110.0		-1637.0	237558379314.0	99903314337.0	180527446040.0	452876679529.0						판정불가	일반	일반	1978.9350269900492	-3731.823062272725			N	Y	1036.8055555555554			2082.111111111111									1년	2082.111111111111							-2832.0564640718517	-31.087337695629547	판정불가		판정불가	1년	1036.8055555555554		판정불가	N	주당FCF<=0 / 순현금차감PER<=0	제외	하드필터 미통과	79302375.0	주당순현금 음수(보수형); 단기위험부채 존재; 주당FCF 음수; fs=2025:CFS,2024:CFS,2022:CFS,2020:CFS
"=""086450"""	동국제약	직접추가	메인	18320.0	200.0	1487.0	56178706285.0	62418400000.0								판정불가	일반	일반	2622.0651120418515	2622.0651120418515	10.556782036286583	10.556782036286583	N	N	7.59768451519538	7.320275876340965	3.1564796792116656	23.695369030390758	23.14055175268193	14.812959358423331	35235.01374819106	34410.00045623803	22026.870565975492	92.33086107091188	87.82751340741282	20.234009639604224	3년	23.14055175268193	34410.00045623803	87.82751340741282	1.0917030567685588	0.8231094989075372	0.7968317337797847	0.4024126595943768	503.2892639290106	2.7472121393504945	3년	0.7968317337797847	불리(<1)	3년	7.320275876340965	1.4421289872975913	보통	Y	통과	제외	배당감안점수<1	45230420.0	배당감안점수<1; fs=2025:CFS,2024:CFS,2022:CFS,2020:CFS
"=""086520"""	에코프로	직접추가	메인	82300.0	150.0		1186767418765.0	423610001201.0	485092134487.0							판정불가	일반	일반	8287.79773843495	8287.79773843495			N	N													판정불가				0.18226002430133656				-3483.5949425198028	-4.2328006591978165	판정불가		판정불가	판정불가			판정불가	N	주당FCF<=0 / 순현금차감PER<=0	제외	하드필터 미통과	135776152.0	주당FCF 음수; EPS 미추출; fs=2025:CFS,2024:CFS,2022:CFS,2020:CFS
"=""086900"""	메디톡스	직접추가	메인	76800.0	1200.0	2371.0	48894962765.0	50000000.0	21494864245.0	56620000000.0						판정불가	일반	일반	3546.9221251168738	-3769.143810959679	30.89543562837753	33.98108132052285	N	Y	-0.25241901556584123	-25.637787081100825		7.9951619688683175			18956.529028186782			-75.31701949454846			3년				1.5625	0.04240370649542958	-0.7792506106949862		3512.714172726347	4.573846579070764	3년	-0.7792506106949862	불리(<1)	3년	-25.637787081100825		판정불가	Y	통과	보류	배당감안점수 또는 린치PER배수 미산출	7739132.0	주당순현금 음수(보수형); 단기위험부채 존재; 1년 점수 과열 가능; 배당감안점수<1; fs=2025:CFS,2024:CFS,2022:CFS,2020:CFS
"=""087010"""	펩트론	직접추가	메인	171500.0		-595.0	4377757821.0	133067915184.0	20034400151.0	3490000000.0						판정불가	일반	일반	5035.360915970296	4885.686960739536			N	N	-43.92082940622055												1년								-1011.3816438403163	-0.589726906029339	판정불가		판정불가	1년	-43.92082940622055		판정불가	N	주당FCF<=0 / 순현금차감PER<=0	제외	하드필터 미통과	23317350.0	단기위험부채 존재; 주당FCF 음수; fs=2025:OFS,2024:OFS,2022:OFS,2020:OFS
"=""089030"""	테크윙	직접추가	메인	47900.0	130.0	263.0	42167522083.0	66570576964.0	254064566865.0	85500000000.0						판정불가	일반	일반	-3922.0559223795663	-6229.521220327987	197.04203772767895	205.81567003926992	Y	Y	-145.03424657534248	-33.29260076378455	-31.24719875603965										3년				0.27139874739039666	-0.7346800180173781	-0.167584554023091	-0.15720401781197177	-1267.0496624825978	-2.64519762522463	3년	-0.167584554023091	불리(<1)	3년	-33.29260076378455		판정불가	N	주당순현금<=0 / 주당FCF<=0	제외	하드필터 미통과	37053645.0	주당순현금 음수(린치식); 주당순현금 음수(보수형); 단기위험부채 존재; 주당FCF 음수; 배당감안점수<1; fs=2025:CFS,2024:CFS,2022:CFS,2020:CFS
"=""095340"""	ISC	반도체소부장	메인	136300.0	850.0	2743.0	79871448500.0	262260000000.0	20000000000.0	0.0						판정불가	일반	일반	15196.988586812378	15196.988586812378	44.149840106885755	44.149840106885755	N	N	2.6956196181205483	2.7852556628800373		13.891239236241097	14.070511325760075		38103.669225009326	38595.412566559884		-72.04426322449793	-71.68348307662518		3년	14.070511325760075	38595.412566559884	-71.68348307662518	0.623624358033749	0.07518133628838708	0.07721160513064068		1668.9997838851034	1.2245046103338983	3년	0.07721160513064068	불리(<1)	3년	2.7852556628800373	15.851270206640027	매우 불리	Y	통과	제외	배당감안점수<1	21197058.0	배당감안점수<1; PER>연성장률의 2배; fs=2025:CFS,2024:CFS,2022:CFS,2020:CFS
"=""095610"""	테스	직접추가	메인	136000.0	850.0	3244.0	12143208427.0	19422130000.0	45890019125.0	6000000000.0						판정불가	일반	일반	-739.9111930785124	-1049.8285484504133	42.15163723584418	42.24717279545327	Y	Y	33.388157894736835	7.932866974470154	15.47414404638392	75.27631578947367	24.36573394894031	39.44828809276784	244196.36842105258	79042.44093036237	127970.24657293886	79.55615325077396	-41.88055813943944	-5.904230461074366	3년	24.36573394894031	79042.44093036237	-41.88055813943944	0.625	0.8069237667905653	0.20302573128032295	0.38193401495431856	2545.6724063016527	1.8718179458100388	3년	0.20302573128032295	불리(<1)	3년	7.932866974470154	5.313543939599408	매우 불리	N	주당순현금<=0	제외	하드필터 미통과	19360000.0	주당순현금 음수(린치식); 주당순현금 음수(보수형); 단기위험부채 존재; 1년 점수 과열 가능; 배당감안점수<1; PER>연성장률의 2배; fs=2025:CFS,2024:CFS,2022:CFS,2020:CFS
"=""096530"""	씨젠	직접추가	메인	28050.0	1000.0	1047.0	225571649515.0	360333985428.0	622000000.0	35000000000.0						판정불가	일반	일반	11206.749553546075	10536.585190566215	16.087154199096393	16.72723477500839	N	N	-337.4149659863946	-33.6594910792955	-44.18255789740394										3년				3.5650623885918007	-20.75257683652681	-1.8707117690457697	-2.5248403170707223	2084.5609410899865	7.4315898078074385	3년	-1.8707117690457697	불리(<1)	3년	-33.6594910792955		판정불가	Y	통과	보류	배당감안점수 또는 린치PER배수 미산출	52225994.0	단기위험부채 존재; 배당감안점수<1; fs=2025:CFS,2024:CFS,2022:CFS,2020:CFS
"=""095660"""	네오위즈	직접추가	메인	18780.0	303.0	2522.0	71506938430.0									판정불가	일반	일반	3271.6081990167277	3271.6081990167277	6.149243378661091	6.149243378661091	N	N	2037.2881355932204	59.20438360697895	-2.0836107187727326	4083.076271186441	126.9087672139579	4.332778562454535	10297518.355932204	320063.9109136018	10927.267534510336	54732.36611252505	1604.2806757912767	-41.81433687694177	3년	126.9087672139579	320063.9109136018	1604.2806757912767	1.6134185303514377	331.5695002736277	9.890290299515286	-0.07646342150856168	3260.7172211176594	17.362711507548774	3년	9.890290299515286	안심(>=2)	3년	59.20438360697895	0.10386466345941696	매우 유망	Y	통과	매우 유망	배당감안점수>=2 & 린치PER배수<=0.5	21856816.0	1년 점수 과열 가능; fs=2025:CFS,2024:CFS,2022:CFS,2020:CFS
"=""098460"""	고영	직접추가	메인	31000.0	140.0	224.0	38350539836.0	108302448348.0	130000000.0							판정불가	일반	일반	2134.20014657397	2134.20014657397	128.8651779170805	128.8651779170805	N	N	-29.780564263322884	-27.342844665373022	-19.8684275951016										3년				0.4516129032258065	-0.22759407804464493	-0.20867725631396425	-0.15067541911415142	67.09347125337494	0.21643055243024176	3년	-0.20867725631396425	불리(<1)	3년	-27.342844665373022		판정불가	Y	통과	보류	배당감안점수 또는 린치PER배수 미산출	68654755.0	1년 점수 과열 가능; 배당감안점수<1; fs=2025:CFS,2024:CFS,2022:CFS,2020:CFS
"=""101490"""	에스앤에스텍	직접추가	메인	44150.0	200.0	2797.0	80010035302.0	5017410958.0	26284266393.0							판정불가	일반	일반	2753.387064768448	2753.387064768448	14.800362150601199	14.800362150601199	N	N	92.63085399449037	49.44549088724932	38.14129881462278	193.76170798898073	107.39098177449864	84.78259762924556	541951.4972451791	300372.5760232727	237136.92556899984	1127.523210068356	580.3455855566765	437.1164792049827	3년	107.39098177449864	300372.5760232727	580.3455855566765	0.4530011325028313	6.289295773969428	3.3714372332250835	2.6076591609319433	-824.5298757963427	-1.8675648375908103	3년	3.3714372332250835	안심(>=2)	3년	49.44549088724932	0.2993268321342082	매우 유망	N	주당FCF<=0	제외	하드필터 미통과	21334879.0	주당FCF 음수; fs=2025:CFS,2024:CFS,2022:CFS,2020:CFS
"=""101730"""	위메이드맥스	직접추가	메인	3315.0		-428.0	87314200557.0	1089498400.0	47187676.0							판정불가	일반	일반	1054.3323000604057	1054.3323000604057			N	N	57.933579335793354			124.36715867158671									1년	124.36715867158671							-361.51561182219035	-10.905448320428066	판정불가		판정불가	1년	57.933579335793354		판정불가	N	주당FCF<=0 / 순현금차감PER<=0	제외	하드필터 미통과	83803286.0	주당FCF 음수; fs=2025:CFS,2024:CFS,2022:CFS,2020:CFS
"=""108860"""	셀바스AI	직접추가	메인	10940.0		-223.0	44225022689.0	3028278620.0	1233866983.0	11020289931.0						판정불가	일반	일반	1709.8195574254898	1300.3684738019506			N	N	3.240740740740744			14.981481481481488									1년	14.981481481481488							268.77394321114895	2.4568002121677237	판정불가		판정불가	1년	3.240740740740744		판정불가	N	순현금차감PER<=0	제외	하드필터 미통과	26914790.0	단기위험부채 존재; fs=2025:CFS,2024:CFS,2022:CFS,2020:CFS
"=""112040"""	위메이드	직접추가	메인	15810.0	295.0		296472812229.0	313121139570.0	4174361195.0							판정불가	일반	일반	17833.479940885725	17833.479940885725			N	N													판정불가				1.865907653383934				1630.3323190317517	10.312032378442453	판정불가		판정불가	판정불가			판정불가	N	순현금차감PER<=0	제외	하드필터 미통과	33948483.0	EPS 미추출; fs=2025:CFS,2024:CFS,2022:CFS,2020:CFS
"=""121600"""	나노신소재	직접추가	메인	44100.0	250.0	136.0	55326376541.0	186859366032.0	162519871152.0							판정불가	일반	일반	6524.005023015364	6524.005023015364	276.2940807131223	276.2940807131223	N	N	-187.74193548387098	-57.81026287933078	-2.7067161445867516			3.086567710826497			419.7732086724036			-99.04813331366802	3년				0.5668934240362812	-0.6774486140880434	-0.20718275725468985	-0.007744728786905357	380.8349060300506	0.8635712154876432	3년	-0.20718275725468985	불리(<1)	3년	-57.81026287933078		판정불가	Y	통과	보류	배당감안점수 또는 린치PER배수 미산출	12211191.0	배당감안점수<1; fs=2025:CFS,2024:CFS,2022:CFS,2020:CFS
"=""122870"""	와이지엔터테인먼트	직접추가	메인	40100.0	300.0	1990.0	168219905571.0	18417244062.0	7408282828.0							판정불가	일반	일반	9589.02129061884	9589.02129061884	15.332150105216664	15.332150105216664	N	N	99.1991991991992	2.8708421054929767	22.411692325937338	206.8983983983984	14.241684210985953	53.323384651874676	411727.8128128128	28340.95157986205	106113.53545723061	926.752650406017	-29.324310274658227	164.6222829357372	3년	14.241684210985953	28340.95157986205	-29.324310274658227	0.7481296758104738	6.518807094185912	0.23603811314579545	1.5105397379241567	4456.78787193806	11.114184219296906	3년	0.23603811314579545	불리(<1)	3년	2.8708421054929767	5.3406455464341365	매우 불리	Y	통과	제외	배당감안점수<1	18691049.0	1년 점수 과열 가능; 배당감안점수<1; PER>연성장률의 2배; fs=2025:CFS,2024:CFS,2022:CFS,2020:CFS
"=""131290"""	티에스이	직접추가	메인	200500.0	450.0	3526.0	75817114809.0	24192525681.0								판정불가	일반	일반	9041.29479925243	9041.29479925243	54.29912229176051	54.29912229176051	N	N	-10.869565217391308	-8.574311564657378	6.33162898184505			21.1632579636901			74621.6475799713			-62.78222065836842	3년				0.22443890274314215	-0.19604601078908204	-0.15377546283434618	0.1207398500727336	-202.5541856300845	-0.10102453148632642	3년	-0.15377546283434618	불리(<1)	3년	-8.574311564657378		판정불가	N	주당FCF<=0	제외	하드필터 미통과	11061429.0	주당FCF 음수; 1년 점수 과열 가능; 배당감안점수<1; fs=2025:CFS,2024:CFS,2022:CFS,2020:CFS
"=""131970"""	두산테스나	직접추가	메인	69100.0	160.0	78.0	109546970000.0	5000000.0	173189735000.0	164500000000.0						판정불가	일반	일반	-3292.6466264864125	-11803.950724878538	928.1108541857233	1037.230137498443	Y	Y	-95.92050209205021	-70.63378581277699	-48.99682259345528										3년				0.23154848046309695	-0.1031007806664859	-0.07585541857936916	-0.052542510297195394	6334.127307792246	9.166609707369386	3년	-0.07585541857936916	불리(<1)	3년	-70.63378581277699		판정불가	N	주당순현금<=0	제외	하드필터 미통과	19327238.0	주당순현금 음수(린치식); 주당순현금 음수(보수형); 단기위험부채 존재; 1년 점수 과열 가능; 배당감안점수<1; fs=2025:OFS,2024:CFS,2022:OFS,2020:OFS
"=""137400"""	피엔티	직접추가	메인	31050.0	200.0	3215.0	48614784915.0	2883423500.0	147061731360.0	118697154998.0						판정불가	일반	일반	-4033.7942736500117	-9044.073189435125	10.91253321108865	12.470940338860071	Y	Y	-48.40314556251003	5.939543368649525	13.365820704844978		20.379086737299048	35.231641409689956		65518.76386041644	113269.7271321532		111.01051162775022	264.79783295379457	3년	20.379086737299048	65518.76386041644	111.01051162775022	0.644122383252818	-4.376529468952947	0.6033123221299729	1.2838396747202332	-5203.342672542608	-16.75794741559616	3년	0.6033123221299729	불리(<1)	3년	5.939543368649525	1.837268041292177	보통	N	주당순현금<=0 / 주당FCF<=0	제외	하드필터 미통과	23690728.0	주당순현금 음수(린치식); 주당순현금 음수(보수형); 단기위험부채 존재; 주당FCF 음수; 배당감안점수<1; fs=2025:CFS,2024:CFS,2022:CFS,2020:CFS
"=""140860"""	파크시스템스	직접추가	메인	253000.0	500.0	4963.0	75059752464.0	4013999311.0	81434883898.0	32966292992.0						판정불가	일반	일반	-337.4744350621034	-5049.316265171743	51.045229585948434	51.99462346668784	Y	Y	-19.62753036437247	6.914619637756436	27.071013078978922		22.329239275512872	62.642026157957844		110820.01452437039	310892.3758219448		-56.19762271764016	22.88236198495841	3년	22.329239275512872	110820.01452437039	-56.19762271764016	0.1976284584980237	-0.3806408956033581	0.13933227754963995	0.5342054832286104	-4263.863715695771	-1.6853216267572217	3년	0.13933227754963995	불리(<1)	3년	6.914619637756436	7.3822180047651775	매우 불리	N	주당순현금<=0 / 주당FCF<=0	제외	하드필터 미통과	6996477.0	주당순현금 음수(린치식); 주당순현금 음수(보수형); 단기위험부채 존재; 주당FCF 음수; 배당감안점수<1; PER>연성장률의 2배; fs=2025:CFS,2024:CFS,2022:CFS,2020:CFS
"=""141080"""	리가켐바이오	직접추가	메인	109500.0		-2042.0	98649999024.0	4839923273.0	59784887707.0	0.0						판정불가	일반	일반	1193.789431553459	1193.789431553459			N	N	-999.5594713656387												1년								-3566.5843945499764	-3.2571546982191566	판정불가		판정불가	1년	-999.5594713656387		판정불가	N	주당FCF<=0 / 순현금차감PER<=0	제외	하드필터 미통과	36610338.0	주당FCF 음수; fs=2025:CFS,2024:CFS,2022:CFS,2020:OFS
"=""145020"""	휴젤	직접추가	메인	260000.0		13061.0	209698099582.0	329970257844.0	26913106215.0							판정불가	일반	일반	41673.754549504214	41673.754549504214	16.715890471671067	16.715890471671067	N	N	4.321086261980822	39.501975429687434	31.2527994792986	17.142172523961644	87.50395085937487	71.0055989585972	223893.91533546304	1142889.102174295	927404.1279982381	-13.886955640206523	339.5727316054981	256.69389538393773	3년	87.50395085937487	1142889.102174295	339.5727316054981		0.25850170945447987	2.363139163697719	1.8696461030457026	9796.458970973175	3.7678688349896827	3년	2.363139163697719	안심(>=2)	3년	39.501975429687434	0.4231659376484842	매우 유망	Y	통과	매우 유망	배당감안점수>=2 & 린치PER배수<=0.5	12304033.0	fs=2025:CFS,2024:CFS,2022:CFS,2020:CFS
"=""194480"""	데브시스터즈	직접추가	메인	20150.0		953.0	12035223609.0	112681173019.0	79632914264.0							판정불가	일반	일반	3716.953155332402	3716.953155332402	17.243490917804404	17.243490917804404	N	N	-63.275529865125236												1년					-3.6695313128150526			367.56073533594684	1.8241227560096618	1년	-3.6695313128150526	불리(<1)	1년	-63.275529865125236		판정불가	Y	통과	보류	배당감안점수 또는 린치PER배수 미산출	12129150.0	배당감안점수<1; fs=2025:CFS,2024:CFS,2022:CFS,2020:CFS
"=""196170"""	알테오젠	직접추가	메인	277000.0	371.0	2653.0	66380706542.0	363641391678.0	6204706421.0	0.0						판정불가	일반	일반	7920.963462850038	7920.963462850038	101.42443895105541	101.42443895105541	N	N	126.3651877133106			261.2303754266212			693044.1860068261			150.19645704217547			1년	261.2303754266212	693044.1860068261	150.19645704217547	0.1339350180505415	1.2472252648339133			1695.3263015208747	0.6120311557837094	1년	1.2472252648339133	보통(1~1.5)	1년	126.3651877133106	0.8026295911589258	헐값	Y	통과	보류	중간구간(보류)	53505788.0	fs=2025:CFS,2024:CFS,2022:CFS,2020:CFS
"=""200130"""	콜마비앤에이치	직접추가	메인	8590.0	75.0	-800.0	83107448913.0	1401160966.0	97587149400.0	86424320000.0						판정불가	일반	일반	-444.6130010860239	-3382.6609551652905			Y	Y	-228.8244766505636												1년				0.8731082654249126				529.9576345959509	6.169471881210139	판정불가		판정불가	1년	-228.8244766505636		판정불가	N	주당순현금<=0 / 순현금차감PER<=0	제외	하드필터 미통과	29415558.0	주당순현금 음수(린치식); 주당순현금 음수(보수형); 단기위험부채 존재; fs=2025:CFS,2024:CFS,2022:CFS,2020:CFS
"=""213420"""	덕산네오룩스	직접추가	메인	31700.0		2165.0	126289412183.0	23523118181.0	73316735293.0	0.0						판정불가	일반	일반	3080.6348369926372	3080.6348369926372	13.219106310857903	13.219106310857903	N	N	16.21041331186259	11.211848026446525	9.282628183044572	40.92082662372518	30.92369605289305	27.065256366089145	88593.58964036503	66949.80195451346	58596.280032582996	179.4750461841168	111.19811342117809	84.84630925105046	3년	30.92369605289305	66949.80195451346	111.19811342117809		1.2262866286617038	0.8481547665016766	0.7022129911626486	1872.3304627621587	5.906405245306495	3년	0.8481547665016766	불리(<1)	3년	11.211848026446525	1.17903010098573	보통	Y	통과	제외	배당감안점수<1	24831179.0	배당감안점수<1; fs=2025:CFS,2024:CFS,2022:CFS,2020:OFS
"=""214150"""	클래시스	직접추가	메인	44900.0	1000.0	2017.0	37521303951.0	180409959460.0	65234627334.0	21324811600.0						판정불가	일반	일반	2331.044957154007	2005.5034401989606	21.105084304831923	21.26648317293061	N	N	32.959789057350044	20.077044785232843	27.870621881389045	74.41957811470009	48.654089570465686	64.24124376277808	150104.28905735008	98135.29866362929	129574.5886695234	234.307993446214	118.56413956264875	188.58482999893852	3년	48.654089570465686	98135.29866362929	118.56413956264875	2.2271714922048997	1.667226723254502	1.05681720836961	1.4260920704639486	2208.700745152415	4.919155334415178	3년	1.05681720836961	보통(1~1.5)	3년	20.077044785232843	1.0512047231351114	보통	Y	통과	보류	중간구간(보류)	65505659.0	단기위험부채 존재; fs=2025:CFS,2024:CFS,2022:CFS,2020:CFS
"=""214370"""	케어젠	직접추가	메인	63600.0	437.0	411.0	8858967118.0	20193560836.0								판정불가	일반	일반	540.864338713581	540.864338713581	153.4285539204049	153.4285539204049	N	N	-37.537993920972646	-47.1104514333951	-33.636607256804616										3년				0.6871069182389937	-0.24018271736987767	-0.3025730434716828	-0.21475468220641014	254.4480822302895	0.4000756009910212	3년	-0.3025730434716828	불리(<1)	3년	-47.1104514333951		판정불가	Y	통과	보류	배당감안점수 또는 린치PER배수 미산출	53715000.0	1년 점수 과열 가능; 배당감안점수<1; fs=2025:CFS,2024:CFS,2022:CFS,2020:CFS
"=""214430"""	아이쓰리시스템	직접추가	메인	66500.0	400.0	2657.0	9957436148.0	48991860345.0	8260246938.0							판정불가	일반	일반	6936.849340685883	6936.849340685883	22.417444734405013	22.417444734405013	N	N	23.237476808905377	43.93661447574133	43.74102307298442	54.974953617810755	96.37322895148266	95.98204614596884	146068.45176252318	256063.66932408942	255024.2966098392	119.65180716168899	285.05814935953293	283.4951828719386	3년	96.37322895148266	256063.66932408942	285.05814935953293	0.6015037593984963	1.0634120369533986	1.986761594053816	1.9780366298540948	539.5952980718372	0.8114215008599055	3년	1.986761594053816	양호(>=1.5)	3년	43.93661447574133	0.5102223965568018	헐값	Y	통과	양호	배당감안점수>=1.5 & 린치PER배수<1	7307215.0	fs=2025:OFS,2024:OFS,2022:OFS,2020:OFS
"=""214450"""	파마리서치	직접추가	메인	378000.0	3700.0	14933.0	175663243434.0		859864326.0	0.0						판정불가	일반	일반	16824.76433349811	16824.76433349811	24.186381548684253	24.186381548684253	N	N	67.01711217984565	54.27336919294326	34.07294725066401	142.5342243596913	117.04673838588651	76.64589450132802	2128463.5723632704	1747858.9443164433	1144553.1425883314	463.08560115430436	362.39654611546115	202.79183666357974	3년	117.04673838588651	1747858.9443164433	362.39654611546115	0.9788359788359788	2.8113319895253466	2.284434530256758	1.4492363464516178	14185.294456944066	3.7527234013079536	3년	2.284434530256758	안심(>=2)	3년	54.27336919294326	0.44563995028023834	매우 유망	Y	통과	매우 유망	배당감안점수>=2 & 린치PER배수<=0.5	10389648.0	fs=2025:CFS,2024:CFS,2022:CFS,2020:CFS
"=""215000"""	골프존	직접추가	메인	37050.0	4000.0	4269.0	90091026465.0	73299594130.0	56440641971.0	1554856235.0						판정불가	일반	일반	17042.69416827413	16794.92470043814	4.686649292978653	4.744688521799452	N	N	-47.87545787545787	-38.43313022210878	-6.892422764340401										3년				10.796221322537113	-7.91167297464979	-5.896944100548798	0.8329615284090542	10188.638934795548	27.499700228867873	3년	-5.896944100548798	불리(<1)	3년	-38.43313022210878		판정불가	Y	통과	보류	배당감안점수 또는 린치PER배수 미산출	6275415.0	단기위험부채 존재; 1년 점수 과열 가능; 배당감안점수<1; fs=2025:CFS,2024:CFS,2022:CFS,2020:CFS
"=""215200"""	메가스터디교육	직접추가	메인	41450.0	3000.0	8072.0	66298633028.0		36685724461.0	13667071299.0						판정불가	일반	일반	2856.9504549639873	1538.3989362112666	4.781101281595145	4.94445008223349	N	N	92.23624672541082	-2.8115416132021287	34.54221143364424	192.97249345082164	2.8769167735957426	77.58442286728848	1557673.9671350324	23222.472196464834	626261.4613847526	3657.95890744278	-43.97473535231644	1410.8841046676782	3년	2.8769167735957426	23222.472196464834	-43.97473535231644	7.237635705669482	20.80564216742388	0.9257478208013723	8.738540490690982	10570.647660791632	25.502165647265702	3년	0.9257478208013723	불리(<1)	3년	-2.8115416132021287		판정불가	Y	통과	보류	배당감안점수 또는 린치PER배수 미산출	10365216.0	단기위험부채 존재; 1년 점수 과열 가능; 배당감안점수<1; fs=2025:CFS,2024:CFS,2022:CFS,2020:CFS
"=""218410"""	RFHIC	직접추가	메인	52300.0	400.0	1131.0	109923743273.0		50413553988.0	7000000000.0						판정불가	일반	일반	2245.375875518357	1981.2592373850914	44.25696209061153	44.49048696959762	N	N	13.66834170854272	120.15011325715346	67.80648322593032	35.83668341708544	248.80022651430693	144.11296645186064	40531.28894472363	281393.05618768116	162991.76505705438	-22.502315593262658	438.0364363053177	211.64773433471203	3년	248.80022651430693	281393.05618768116	438.0364363053177	0.7648183556405354	0.32612179829769744	2.732110969687283	1.5493901601555533	916.5035427473911	1.752396831256962	3년	2.732110969687283	안심(>=2)	3년	120.15011325715346	0.36834723572744177	매우 유망	Y	통과	매우 유망	배당감안점수>=2 & 린치PER배수<=0.5	26503442.0	단기위험부채 존재; fs=2025:CFS,2024:CFS,2022:CFS,2020:CFS
"=""222080"""	SFA넥셀	직접추가	메인	7480.0		371.0	209198215167.0	3000000000.0	3998891229.0							판정불가	일반	일반	2690.8927928932903	2690.8927928932903	12.908644763090862	12.908644763090862	N	N	-52.61813537675606	24.989472797659506			58.47894559531901			21695.688815863352			190.0493157200983		3년	58.47894559531901	21695.688815863352	190.0493157200983		-4.076193616173004	1.9358711356834948		1242.7502619525433	16.614308314873576	3년	1.9358711356834948	양호(>=1.5)	3년	24.989472797659506	0.5165633091827322	헐값	Y	통과	양호	배당감안점수>=1.5 & 린치PER배수<1	77371839.0	fs=2025:CFS,2024:CFS,2022:CFS,2020:OFS
"=""222800"""	심텍	직접추가	메인	103000.0	100.0		53984334079.0		139875618759.0	442095713229.0						판정불가	일반	일반	-2300.112025482793	-14139.144008773126			Y	Y													판정불가				0.0970873786407767				-6828.888249112573	-6.62998859137143	판정불가		판정불가	판정불가			판정불가	N	주당순현금<=0 / 주당FCF<=0 / 순현금차감PER<=0	제외	하드필터 미통과	37342218.0	주당순현금 음수(린치식); 주당순현금 음수(보수형); 단기위험부채 존재; 주당FCF 음수; EPS 미추출; fs=2025:CFS,2024:CFS,2022:CFS,2020:CFS
"=""225570"""	넥슨게임즈	직접추가	메인	9000.0		-974.0	56164399094.0	121000000000.0								판정불가	일반	일반	2690.0080630518833	2690.0080630518833			N	N	-297.9674796747967												1년								-712.3309354451447	-7.914788171612718	판정불가		판정불가	1년	-297.9674796747967		판정불가	N	주당FCF<=0 / 순현금차감PER<=0	제외	하드필터 미통과	65860174.0	주당FCF 음수; fs=2025:CFS,2024:CFS,2022:CFS,2020:OFS
"=""232140"""	와이씨	직접추가	메인	9590.0		239.0	98230426967.0	77544881215.0	55770820557.0	36000000000.0						판정불가	일반	일반	1462.6604387085922	1023.8787161612449	34.00560485895987	35.8415116478609	N	N	74.45255474452554	-9.552105918335052	-1.8208377671248166	157.40510948905109		4.858324465750367	37619.82116788321		1161.1395473143377	292.2817640029532		-87.89218407388594	3년					2.189420098637317	-0.2808979860218026	-0.05354522510853261	299.2052095944499	3.1199709029661093	3년	-0.2808979860218026	불리(<1)	3년	-9.552105918335052		판정불가	Y	통과	보류	배당감안점수 또는 린치PER배수 미산출	82045350.0	단기위험부채 존재; 1년 점수 과열 가능; 배당감안점수<1; fs=2025:CFS,2024:CFS,2022:CFS,2020:CFS
"=""240810"""	원익IPS	반도체소부장	메인	92600.0	200.0		107273747142.0	111279303585.0	3970410406.0							판정불가	일반	일반	4371.751958366145	4371.751958366145			N	N													판정불가				0.21598272138228944				2538.585459599065	2.74145298012858	판정불가		판정불가	판정불가			판정불가	N	순현금차감PER<=0	제외	하드필터 미통과	49083901.0	EPS 미추출; fs=2025:CFS,2024:CFS,2022:CFS,2020:CFS
"=""237690"""	에스티팜	직접추가	메인	100800.0	500.0	2706.0	30546031679.0	66183186618.0	0.0	31042096562.0						판정불가	일반	일반	4672.528973826477	3173.032770425826	35.523825212924436	36.07796276037479	N	N	52.02247191011236	41.40733955062637		112.54494382022472	91.31467910125274		304546.6179775281	247097.5216479899		202.12958132691278	145.13643020633918		3년	91.31467910125274	247097.5216479899	145.13643020633918	0.496031746031746	1.4784022649969741	1.1795849981103004		-1608.3636028354022	-1.5955988123367084	3년	1.1795849981103004	보통(1~1.5)	3년	41.40733955062637	0.8579113171347679	헐값	N	주당FCF<=0	제외	하드필터 미통과	20701684.0	단기위험부채 존재; 주당FCF 음수; fs=2025:CFS,2024:CFS,2022:CFS,2020:CFS
"=""032820"""	우리기술	직접추가	메인	11730.0		4.8	9476066958.0	25753635244.0	86490875127.0	33818571027.0						판정불가	일반	일반	-307.40081363403556	-510.20257677063705	2507.7918361737575	2550.042203493883	Y	Y	-121.06186924089512	-40.54591323324753											3년					-0.048274289554113975	-0.016167974011395667		-393.338631932169	-3.353270519455831	3년	-0.016167974011395667	불리(<1)	3년	-40.54591323324753		판정불가	N	주당순현금<=0 / 주당FCF<=0	제외	하드필터 미통과	166756790.0	주당순현금 음수(린치식); 주당순현금 음수(보수형); 단기위험부채 존재; 주당FCF 음수; 1년 점수 과열 가능; 배당감안점수<1; fs=2025:CFS,2024:CFS,2022:CFS,2020:CFS
"=""189300"""	인텔리안테크	직접추가	메인	70200.0	200.0	724.0	32845847951.0	48243824430.0	60518508468.0	64253742340.0						판정불가	일반	일반	1916.567947387084	-4069.8051907263857	94.31413266935486	102.58260385459445	N	Y	-351.38888888888886	-26.087239007011586	55.747934193089876			119.99586838617975			86877.00871159414			23.75642266608853	3년				0.2849002849002849	-3.7227081315043624	-0.2735787096995184	0.594108569862263	-4643.386088236889	-6.614510097203545	3년	-0.2735787096995184	불리(<1)	3년	-26.087239007011586		판정불가	N	주당FCF<=0	제외	하드필터 미통과	10733334.0	주당순현금 음수(보수형); 단기위험부채 존재; 주당FCF 음수; 배당감안점수<1; fs=2025:CFS,2024:CFS,2022:CFS,2020:CFS
"=""241710"""	코스메카코리아	직접추가	메인	86600.0		4255.0	68851763088.0	12751654971.0	29565810529.0	131690603832.0						판정불가	일반	일반	4872.435161985019	-7458.145721161049	19.20741829330552	22.10532214363362	N	Y	6.189168954329927	157.5728435064407	76.98917138395909	20.87833790865985	323.6456870128814	162.47834276791818	88837.32780134767	1377112.3982398105	691345.3484774919	2.583519401094314	1490.1990741799198	698.320263830822	3년	323.6456870128814	1377112.3982398105	1490.1990741799198		0.3222280506322433	8.203749254597144	4.008303990067869	-600.7903399812734	-0.6937532794241033	3년	8.203749254597144	안심(>=2)	3년	157.5728435064407	0.12189548570607871	매우 유망	N	주당FCF<=0	제외	하드필터 미통과	10680000.0	주당순현금 음수(보수형); 단기위험부채 존재; 주당FCF 음수; fs=2025:CFS,2024:CFS,2022:CFS,2020:CFS
"=""178320"""	서진시스템	직접추가	메인	37500.0		-1801.0	32068809373.0									판정불가	일반	일반	573.9561011445203	573.9561011445203			N	N	-206.19103773584902												1년										판정불가		판정불가	1년	-206.19103773584902		판정불가	N	주당FCF<=0 / 순현금차감PER<=0	제외	하드필터 미통과	55873279.0	fs=2025:CFS,2024:CFS,2022:CFS,2020:CFS
"=""183300"""	코미코	직접추가	메인	54400.0	1400.0	4650.0	99119203383.0	3100000000.0	340995618653.0	192679909879.0						판정불가	일반	일반	-22826.080519208877	-41245.51751577621	16.60775925144277	20.56892849801639	Y	Y	-13.920770085153645	3.344451500460721	13.460780641712699		15.188903000921442	35.4215612834254		70628.39895428471	164710.2599679281		29.831615724788072	202.77621317633842	3년	15.188903000921442	70628.39895428471	29.831615724788072	2.5735294117647056	-0.6832493475845134	0.35633831287091383	0.9654710072994618	-17350.753968382945	-31.894768324233358	3년	0.35633831287091383	불리(<1)	3년	3.344451500460721	4.965764714828406	매우 불리	N	주당순현금<=0 / 주당FCF<=0	제외	하드필터 미통과	10460684.0	주당순현금 음수(린치식); 주당순현금 음수(보수형); 단기위험부채 존재; 주당FCF 음수; 배당감안점수<1; PER>연성장률의 2배; fs=2025:CFS,2024:CFS,2022:CFS,2020:CFS
"=""101360"""	에코앤드림	직접추가	메인	6980.0		-490.0	13450789287.0	11500000000.0	143311084220.0	85000000000.0						판정불가	일반	일반	-6654.6461432216165	-11433.655206134403			Y	Y	-155.36723163841808												1년								-4143.34335060486	-59.360219922705724	판정불가		판정불가	1년	-155.36723163841808		판정불가	N	주당순현금<=0 / 주당FCF<=0 / 순현금차감PER<=0	제외	하드필터 미통과	17786114.0	주당순현금 음수(린치식); 주당순현금 음수(보수형); 단기위험부채 존재; 주당FCF 음수; fs=2025:CFS,2024:CFS,2022:CFS,2020:OFS
"=""161580"""	필옵틱스	직접추가	메인	26750.0	2502.0	-736.0	113873986608.0	3435227770.0	20183174677.0	69000000000.0						판정불가	일반	일반	4150.198252410283	1201.826422385372			N	N	-178.1316348195329												1년				9.353271028037383				-202.71466379566468	-0.7578118272735128	판정불가		판정불가	1년	-178.1316348195329		판정불가	N	주당FCF<=0 / 순현금차감PER<=0	제외	하드필터 미통과	23402747.0	단기위험부채 존재; 주당FCF 음수; fs=2025:CFS,2024:CFS,2022:CFS,2020:CFS
"=""003380"""	하림지주	직접추가	메인	10870.0	120.0	2360.0	1459340000000.0	470089000000.0	220013000000.0							판정불가	일반	일반	15261.876901695854	15261.876901695854	-1.8609647888541754	-1.8609647888541754	N	N													판정불가				1.1039558417663293				6075.150460529119	55.88914867092106	판정불가		판정불가	판정불가			판정불가	N	순현금차감PER<=0	제외	하드필터 미통과	112005621.0	fs=2025:CFS,2024:CFS,2022:CFS,2020:CFS
"=""272290"""	이녹스첨단소재	직접추가	메인	20800.0	350.0	3080.0	209218704252.0	106950000.0	281909031752.0	277877019555.0						판정불가	일반	일반	-3642.343596021168	-17586.632461024772	7.935825842864015	12.463192357475574	Y	Y	-15.19823788546255	-10.637270210739235	2.0780661777052734			12.656132355410547			38980.88765466448			87.40811372434847	3년				1.6826923076923077	-1.7031051141228828	-1.1283737925144848	0.4738962976083072	-8357.984391793556	-40.18261726823825	3년	-1.1283737925144848	불리(<1)	3년	-10.637270210739235		판정불가	N	주당순현금<=0 / 주당FCF<=0	제외	하드필터 미통과	19927658.0	주당순현금 음수(린치식); 주당순현금 음수(보수형); 단기위험부채 존재; 주당FCF 음수; 1년 점수 과열 가능; 배당감안점수<1; fs=2025:CFS,2024:CFS,2022:CFS,2020:CFS
"=""263750"""	펄어비스	직접추가	메인	34650.0		-137.0	133874628885.0	233908957944.0	13323877549.0							판정불가	일반	일반	5517.066823164758	5517.066823164758			N	N	-113.95112016293278												1년								302.9620397443619	0.8743493210515495	판정불가		판정불가	1년	-113.95112016293278		판정불가	N	순현금차감PER<=0	제외	하드필터 미통과	64247855.0	fs=2025:CFS,2024:CFS,2022:CFS,2020:CFS
"=""171090"""	선익시스템	직접추가	메인	66100.0	1000.0	10959.0	149747229475.0	1000000000.0	41619580773.0	37350000000.0						판정불가	일반	일반	11413.23046060536	7506.941240834078	4.990124056884263	5.346569829287884	N	N	-441.2955465587045		108.97178221983204			226.44356443966407			2481595.0226942785			3654.3041190533713	5년	226.44356443966407	2481595.0226942785	3654.3041190533713	1.5128593040847202	-88.13061203316286		22.140660285087424	7500.184985855782	11.346724638208444	5년	22.140660285087424	안심(>=2)	5년	108.97178221983204	0.045792809434074745	매우 유망	Y	통과	매우 유망	배당감안점수>=2 & 린치PER배수<=0.5	9561504.0	단기위험부채 존재; fs=2025:CFS,2024:CFS,2022:CFS,2020:CFS
"=""253450"""	스튜디오드래곤	직접추가	메인	22200.0		343.0	62972674448.0	6628164657.0	6213298151.0	22800000000.0						판정불가	일반	일반	2108.8060006857295	1350.2850659404205	58.57490961899204	60.786340915625594	N	N	-69.21005385996409	-41.162978736310784	-19.957853937370917										3년					-1.1815648425264282	-0.7027407981345702	-0.34072359764939153	-360.95876723447725	-1.6259403929480956	3년	-0.7027407981345702	불리(<1)	3년	-41.162978736310784		판정불가	N	주당FCF<=0	제외	하드필터 미통과	30058498.0	단기위험부채 존재; 주당FCF 음수; 1년 점수 과열 가능; 배당감안점수<1; fs=2025:CFS,2024:CFS,2022:CFS,2020:CFS
"=""281740"""	레이크머티리얼즈	직접추가	메인	12250.0	30.0	117.0	20647038915.0	3286586226.0	90035420000.0	95092000000.0						판정불가	일반	일반	-1005.6480110130833	-2452.342172151067	113.29613684626567	125.66104420641938	Y	Y	-63.09148264984228	-34.216847834954876	30.426197716815206			69.35239543363042			8114.230265734759			-33.761385585838696	3년				0.24489795918367346	-0.5547107468980755	-0.29985091126159563	0.27071616499702233	27.58486840852141	0.225182599253236	3년	-0.29985091126159563	불리(<1)	3년	-34.216847834954876		판정불가	N	주당순현금<=0	제외	하드필터 미통과	65730548.0	주당순현금 음수(린치식); 주당순현금 음수(보수형); 단기위험부채 존재; 1년 점수 과열 가능; 배당감안점수<1; fs=2025:CFS,2024:CFS,2022:CFS,2020:CFS
"=""166090"""	하나머티리얼즈	직접추가	메인	55900.0	300.0	1984.0	39497059469.0	55344267.0	56151879176.0	134988900000.0						판정불가	일반	일반	-839.3037239869562	-7664.6209984045645	28.598439377009555	32.03861945484101	Y	Y	21.94222495390288	-21.522919973241073	0.24370719678912245	52.38444990780576		8.987414393578245	103930.74861708663		17831.030156859237	85.92262722197968		-68.10191385177238	3년				0.5366726296958855	0.7860183308348524	-0.7338249149502944	0.027287496922379605	2438.2221598454903	4.3617569943568695	3년	-0.7338249149502944	불리(<1)	3년	-21.522919973241073		판정불가	N	주당순현금<=0	제외	하드필터 미통과	19777674.0	주당순현금 음수(린치식); 주당순현금 음수(보수형); 단기위험부채 존재; 1년 점수 과열 가능; 배당감안점수<1; fs=2025:CFS,2024:CFS,2022:OFS,2020:OFS
"=""042000"""	카페24	직접추가	메인	17870.0		1642.0	49522683230.0	127627894802.0								판정불가	일반	일반	7304.258590773764	7304.258590773764	6.434678081136563	6.434678081136563	N	N	51.05795768169272			110.61591536338544			181631.33302667888			916.4036543182925			1년	110.61591536338544	181631.33302667888	916.4036543182925		7.934811506945551			2841.1426224507645	15.898951440686988	1년	7.934811506945551	안심(>=2)	1년	51.05795768169272	0.12602693827379183	매우 유망	Y	통과	매우 유망	배당감안점수>=2 & 린치PER배수<=0.5	24253054.0	fs=2025:CFS,2024:CFS,2022:CFS,2020:CFS
"=""253590"""	네오셈	직접추가	메인	9290.0	100.0	126.0	20350778893.0	50006325842.0	135000000.0							판정불가	일반	일반	1600.7167297512212	1600.7167297512212	61.026057700387135	61.026057700387135	N	N	-72.18543046357617	-22.719611022557274	-10.629198197224387										3년				1.0764262648008611	-1.1652236254206572	-0.3546548076891277	-0.15653595025462252	-294.4086373061497	-3.169091897805702	3년	-0.3546548076891277	불리(<1)	3년	-22.719611022557274		판정불가	N	주당FCF<=0	제외	하드필터 미통과	43869164.0	주당FCF 음수; 배당감안점수<1; fs=2025:CFS,2024:CFS,2022:CFS,2020:CFS
"=""226950"""	올릭스	직접추가	메인	121500.0		-800.0	6358594526.0	126605341764.0	18752923680.0	644000000.0						판정불가	일반	일반	5656.843707811481	5624.94654426675			N	N	-66.85998342999171												1년								-792.9445396488925	-0.6526292507398292	판정불가		판정불가	1년	-66.85998342999171		판정불가	N	주당FCF<=0 / 순현금차감PER<=0	제외	하드필터 미통과	20189883.0	단기위험부채 존재; 주당FCF 음수; fs=2025:CFS,2024:CFS,2022:CFS,2020:CFS
"=""108490"""	로보티즈	직접추가	메인	242000.0		385.0	31037776879.0	141412477725.0	19661443.0							판정불가	일반	일반	11834.560859275523	11834.560859275523	597.8323094564272	597.8323094564272	N	N	-257.78688524590166												1년					-0.4312026653097617			318.09461082184265	0.13144405405861267	1년	-0.4312026653097617	불리(<1)	1년	-257.78688524590166		판정불가	Y	통과	보류	배당감안점수 또는 린치PER배수 미산출	14570088.0	배당감안점수<1; fs=2025:CFS,2024:CFS,2022:CFS,2020:CFS
"=""247540"""	에코프로비엠	2차전지	메인	102500.0	100.0	403.0	518548123832.0	17217642963.0	908362087372.0	863305167008.0						판정불가	일반	일반	-3809.7259744917205	-12636.85586554925	263.7958460905502	285.6993942073182	Y	Y	-140.78947368421052	-48.08965332121203	-29.141298397230276										3년				0.0975609756097561	-0.5333363462452212	-0.18192891607978007	-0.11009929781703616	-2285.196699076037	-2.2294601942205237	3년	-0.18192891607978007	불리(<1)	3년	-48.08965332121203		판정불가	N	주당순현금<=0 / 주당FCF<=0	제외	하드필터 미통과	97801344.0	주당순현금 음수(린치식); 주당순현금 음수(보수형); 단기위험부채 존재; 주당FCF 음수; 1년 점수 과열 가능; 배당감안점수<1; fs=2025:CFS,2024:CFS,2022:CFS,2020:CFS
"=""251970"""	펌텍코리아	직접추가	메인	46750.0	450.0	2778.0	43866593506.0	655032377.0	18066150000.0	29278370740.0						판정불가	일반	일반	2133.506119596774	-227.6528110483871	16.060652944709584	16.910602163804313	N	Y	5.267146646456999	20.695677848492622	11.238636290610703	19.034293292914	49.891355696985244	30.977272581221406	52877.2667677151	138598.18612622502	86054.86323063307	13.106452979069715	196.4667082913904	84.07457375536484	3년	49.891355696985244	138598.18612622502	196.4667082913904	0.9625668449197862	0.3878866888428012	1.3485282801373701	0.7596953360199215	929.867031048387	1.989020387269277	3년	1.3485282801373701	보통(1~1.5)	3년	20.695677848492622	0.7760389904735286	헐값	Y	통과	보류	중간구간(보류)	12400000.0	주당순현금 음수(보수형); 단기위험부채 존재; fs=2025:CFS,2024:CFS,2022:CFS,2020:CFS
"=""278280"""	천보	직접추가	메인	34000.0		-5752.0	15491196283.0		35247636.0							판정불가	일반	일반	1322.0990451018959	1322.0990451018959			N	N	108.48133381660023			225.46266763320045									1년	225.46266763320045							-1160.9677872439943	-3.414611138952924	판정불가		판정불가	1년	108.48133381660023		판정불가	N	주당FCF<=0 / 순현금차감PER<=0	제외	하드필터 미통과	11690462.0	주당FCF 음수; fs=2025:CFS,2024:CFS,2022:CFS,2020:CFS
"=""290650"""	엘앤씨바이오	직접추가	메인	57800.0	50.0		30887981159.0	8735922384.0	4020104109.0	18500000000.0						판정불가	일반	일반	1446.200754056343	694.7440450711548			N	N													판정불가				0.08650519031141869				-181.60032637592738	-0.3141874158753069	판정불가		판정불가	판정불가			판정불가	N	주당FCF<=0 / 순현금차감PER<=0	제외	하드필터 미통과	24618850.0	단기위험부채 존재; 주당FCF 음수; EPS 미추출; fs=2025:CFS,2024:CFS,2022:CFS,2020:CFS
"=""298380"""	에이비엘바이오	직접추가	메인	80200.0			111981944913.0	2960414950.0								판정불가	일반	일반	2085.11593322215	2085.11593322215			N	N													판정불가								-760.1785326175441	-0.9478535319420748	판정불가		판정불가	판정불가			판정불가	N	주당FCF<=0 / 순현금차감PER<=0	제외	하드필터 미통과	55125165.0	주당FCF 음수; EPS 미추출; fs=2025:CFS,2024:CFS,2022:CFS,2020:OFS
"=""319660"""	피에스케이	직접추가	메인	127700.0	680.0	2712.0	119421667338.0	115144176211.0								판정불가	일반	일반	8097.771930533784	8097.771930533784	44.101116544788425	44.101116544788425	N	N		-19.083916873719463	11.552165792511992			31.604331585023985			85710.94725858505			-32.88101232687154	3년				0.5324980422866092		-0.42065644330325097	0.27402172057311974	1491.2849040799035	1.1678033704619448	3년	-0.42065644330325097	불리(<1)	3년	-19.083916873719463		판정불가	Y	통과	보류	배당감안점수 또는 린치PER배수 미산출	28966714.0	배당감안점수<1; fs=2025:CFS,2024:CFS,2022:CFS,2020:CFS
"=""323280"""	태성	직접추가	메인	44800.0		-85.0	49118598846.0	536777902.0	58264134.0							판정불가	일반	일반	1626.0959201304363	1626.0959201304363			N	N	-136.48068669527896												1년								-1634.008834673793	-3.647341148825431	판정불가		판정불가	1년	-136.48068669527896		판정불가	N	주당FCF<=0 / 순현금차감PER<=0	제외	하드필터 미통과	30500730.0	주당FCF 음수; fs=2025:CFS,2024:CFS,2022:CFS,2020:NA
"=""336570"""	원텍	직접추가	메인	5230.0	50.0	393.0	32498476963.0	75232106675.0	487294320.0							판정불가	일반	일반	1192.004046887448	1192.004046887448	10.274798862881811	10.274798862881811	N	N	20.1834862385321	35.49142835356642		48.8669724770642	79.48285670713284		19204.72018348623	31236.762685903206		267.2030627817635	497.26123682415306		3년	79.48285670713284	31236.762685903206	497.26123682415306	0.9560229445506693	2.057413431171897	3.5472666457525706		553.7079332649815	10.58714977562106	3년	3.5472666457525706	안심(>=2)	3년	35.49142835356642	0.289500855263531	매우 유망	Y	통과	매우 유망	배당감안점수>=2 & 린치PER배수<=0.5	89968897.0	fs=2025:CFS,2024:CFS,2022:CFS,2020:NA
"=""204270"""	제이앤티씨	직접추가	메인	15190.0		-1604.0	36367710528.0	0.0	10064372195.0	84614800000.0						판정불가	일반	일반	454.69379141358735	-1008.0035945464829			N	Y	174.18803418803418			356.87606837606836									1년	356.87606837606836							-648.8926231336886	-4.271840836956475	판정불가		판정불가	1년	174.18803418803418		판정불가	N	주당FCF<=0 / 순현금차감PER<=0	제외	하드필터 미통과	57848466.0	주당순현금 음수(보수형); 단기위험부채 존재; 주당FCF 음수; fs=2025:CFS,2024:CFS,2022:CFS,2020:CFS
"=""304100"""	솔트룩스	직접추가	메인	18600.0		-885.0	31694366404.0	6755700000.0	4483957880.0	1640000000.0						판정불가	일반	일반	2697.038239998793	2566.8160006606395			N	N	125.19083969465647			258.8816793893129									1년	258.8816793893129							-422.7671696235982	-2.2729417721698826	판정불가		판정불가	1년	125.19083969465647		판정불가	N	주당FCF<=0 / 순현금차감PER<=0	제외	하드필터 미통과	12593855.0	단기위험부채 존재; 주당FCF 음수; fs=2025:CFS,2024:CFS,2022:CFS,2020:CFS
"=""357780"""	솔브레인	반도체소부장	메인	297500.0	2350.0	10285.0	247656558659.0		99650539681.0	1560306430.0						판정불가	일반	일반	19027.41700436816	18826.826506068086	27.075603597047337	27.0951068054382	N	N	-32.76019874476987	-21.134087314054618	4.778772474637316			18.057544949274632			185721.8498032896			-37.57248746107913	3년				0.7899159663865547	-1.1807782110486267	-0.7513838528012223	0.20567181156512243	3455.404304083812	1.1614804383474997	3년	-0.7513838528012223	불리(<1)	3년	-21.134087314054618		판정불가	Y	통과	보류	배당감안점수 또는 린치PER배수 미산출	7778566.0	단기위험부채 존재; 1년 점수 과열 가능; 배당감안점수<1; fs=2025:CFS,2024:CFS,2022:CFS,2020:CFS
"=""293490"""	카카오게임즈	직접추가	메인	7770.0			492159413083.0	415963677118.0	716847138862.0	305479052047.0						판정불가	일반	일반	2130.3322411771132	-1271.9348448015992			N	Y													판정불가								-617.2075731171997	-7.9434694094877685	판정불가		판정불가	판정불가			판정불가	N	주당FCF<=0 / 순현금차감PER<=0	제외	하드필터 미통과	89786911.0	주당순현금 음수(보수형); 단기위험부채 존재; 주당FCF 음수; EPS 미추출; fs=2025:CFS,2024:CFS,2022:CFS,2020:CFS
"=""348210"""	넥스틴	직접추가	메인	32400.0	510.0	-240.0	14641052596.0	5227616000.0	22007025911.0	30419684926.0						판정불가	일반	일반	-204.1000567433155	-3107.571509319696			Y	Y	-106.4034151547492												1년				1.574074074074074						판정불가		판정불가	1년	-106.4034151547492		판정불가	N	주당순현금<=0 / 주당FCF<=0 / 순현금차감PER<=0	제외	하드필터 미통과	10477005.0	주당순현금 음수(린치식); 주당순현금 음수(보수형); 단기위험부채 존재; fs=2025:CFS,2024:CFS,2022:CFS,2020:CFS
"=""277810"""	레인보우로보틱스	직접추가	메인	484000.0		73.0	10110272543.0	59000000000.0	96954300.0							판정불가	일반	일반	3557.413577099379	3557.413577099379	6581.405293464392	6581.405293464392	N	N	-33.63636363636363	-41.03092880510747											3년					-0.005110817847635965	-0.0062343719882823325		-1415.7857261635627	-0.292517712017265	3년	-0.0062343719882823325	불리(<1)	3년	-41.03092880510747		판정불가	N	주당FCF<=0	제외	하드필터 미통과	19399858.0	주당FCF 음수; 1년 점수 과열 가능; 배당감안점수<1; fs=2025:CFS,2024:CFS,2022:CFS,2020:CFS
"=""352480"""	씨앤씨인터내셔널	직접추가	메인	19400.0	1000.0	1329.0	164641270468.0	25760036032.0	18966369281.0	11979980000.0						판정불가	일반	일반	12577.856377606851	11698.907953843538	5.133290912259706	5.794651652487932	N	N	-59.04468412942989	-6.882412289189677											3년				5.154639175257731	-10.498147460426985	-0.33658195950000613		590.1386574267855	3.0419518424061107	3년	-0.33658195950000613	불리(<1)	3년	-6.882412289189677		판정불가	Y	통과	보류	배당감안점수 또는 린치PER배수 미산출	13629901.0	단기위험부채 존재; 배당감안점수<1; fs=2025:CFS,2024:CFS,2022:CFS,2020:NA
"=""383310"""	에코프로에이치엔	직접추가	메인	23750.0	200.0	631.0	153375117206.0	9492190090.0	49142967004.0	61000000000.0						판정불가	일반	일반	5421.9169955831085	2513.683490940519	29.0460903398049	33.65501823939696	N	N	-54.506128334534964	-33.190549672222645											3년				0.8421052631578947	-1.8475472066488632	-1.1136935825312877		-1922.0391766705131	-8.09279653334953	3년	-1.1136935825312877	불리(<1)	3년	-33.190549672222645		판정불가	N	주당FCF<=0	제외	하드필터 미통과	20974932.0	단기위험부채 존재; 주당FCF 음수; 1년 점수 과열 가능; 배당감안점수<1; fs=2025:CFS,2024:CFS,2022:CFS,2020:NA
"=""195940"""	HK이노엔	직접추가	메인	40500.0	410.0	2672.0	91406200858.0	85585939125.0	146112552372.0	310000000000.0						판정불가	일반	일반	1090.0002266510662	-9852.505694038851	14.749251412181488	18.844500633996578	N	Y	22.907083716651332	25.80405679211104		54.314167433302664	60.10811358422208		145127.4553817847	160608.8794970414		258.3393960044067	296.56513456059605		3년	60.10811358422208	160608.8794970414	296.56513456059605	1.0123456790123457	1.6217385362289294	1.8181534588918575		2671.284955420407	6.595765322025697	3년	1.8181534588918575	양호(>=1.5)	3년	25.80405679211104	0.5715865350556317	헐값	Y	통과	양호	배당감안점수>=1.5 & 린치PER배수<1	28329891.0	주당순현금 음수(보수형); 단기위험부채 존재; fs=2025:OFS,2024:OFS,2022:OFS,2020:NA
"=""058970"""	엠로	직접추가	메인	15800.0		238.0	26061920308.0	852629378.0	1417484745.0							판정불가	일반	일반	2062.946441930111	2062.946441930111	57.71871242886508	57.71871242886508	N	N	-85.23573200992556	-25.6039793649093	-24.559666428577522										3년					-1.4767434757830675	-0.4435992815408815	-0.4255061382189678	264.6115030351458	1.6747563483237076	3년	-0.4435992815408815	불리(<1)	3년	-25.6039793649093		판정불가	Y	통과	보류	배당감안점수 또는 린치PER배수 미산출	12359538.0	배당감안점수<1; fs=2025:CFS,2024:CFS,2022:CFS,2020:CFS
"=""257720"""	실리콘투	직접추가	메인	37100.0	306.0	2756.0	77322804082.0	702044561.0	13804276303.0	41523500000.0						판정불가	일반	일반	979.3266675259208	346.1172550697164	13.106194968241683	13.335951649103876	N	N	38.49246231155779	145.61530361348161		85.48492462311557	299.73060722696323		235596.45226130652	826057.5535175106		535.0308686288586	2126.570225114584		3년	299.73060722696323	826057.5535175106	2126.570225114584	0.8247978436657681	2.999898921883529	11.17334984043761		-89.94114448626921	-0.24242896087943183	3년	11.17334984043761	안심(>=2)	3년	145.61530361348161	0.0900056150899531	매우 유망	N	주당FCF<=0	제외	하드필터 미통과	65576252.0	단기위험부채 존재; 주당FCF 음수; fs=2025:CFS,2024:CFS,2022:CFS,2020:NA
"=""348370"""	엔켐	직접추가	메인	21150.0		-3154.0	12134632154.0	0.0	32868533981.0	162465223096.0						판정불가	일반	일반	-948.9140857979099	-8384.34712365177			Y	Y	-88.85748604536141												1년								-895.310607494617	-4.233147080352799	판정불가		판정불가	1년	-88.85748604536141		판정불가	N	주당순현금<=0 / 주당FCF<=0 / 순현금차감PER<=0	제외	하드필터 미통과	21850136.0	주당순현금 음수(린치식); 주당순현금 음수(보수형); 단기위험부채 존재; 주당FCF 음수; fs=2025:CFS,2024:CFS,2022:CFS,2020:NA
"=""376300"""	디어유	직접추가	메인	20000.0	316.0	785.0	127699499351.0	42744910159.0	3733290182.0							판정불가	일반	일반	7022.843881261446	7022.843881261446	16.531409068456757	16.531409068456757	N	N	-23.563777994157743	2.3574658676792426			13.214931735358485			10373.721412256411			-48.131392938717944		3년	13.214931735358485	10373.721412256411	-48.131392938717944	1.58	-1.3298187651834554	0.2381808986381107		1461.7061584505716	7.308530792252858	3년	0.2381808986381107	불리(<1)	3년	2.3574658676792426	7.012364121619607	매우 불리	Y	통과	제외	배당감안점수<1	23738406.0	배당감안점수<1; PER>연성장률의 2배; fs=2025:CFS,2024:CFS,2022:OFS,2020:NA
"=""211050"""	인카금융서비스	직접추가	메인	10360.0	370.0	1480.0	42636817000.0	61085764000.0	7387057000.0	31528770000.0						판정불가	일반	일반	1955.508987081491	1315.5083878567928	5.6787101438638565	6.111142981177842	N	N	17.460317460317466	-10.320167936402525		43.42063492063493			64262.5396825397			520.2947845804989			3년				3.571428571428571	3.7036132323943214	-1.1884282159156019		1093.8184714951226	10.558093354200025	3년	-1.1884282159156019	불리(<1)	3년	-10.320167936402525		판정불가	Y	통과	보류	배당감안점수 또는 린치PER배수 미산출	49263657.0	단기위험부채 존재; 1년 점수 과열 가능; 배당감안점수<1; fs=2025:CFS,2024:CFS,2022:CFS,2020:NA
"=""388720"""	유일로보틱스	직접추가	메인	73300.0		-2138.0	2811865063.0	12337000000.0	593697673.0	0.0						판정불가	일반	일반	1244.3722737724308	1244.3722737724308			N	N	142.95454545454547			294.40909090909093									1년	294.40909090909093							-1673.8565548938834	-2.2835696519698274	판정불가		판정불가	1년	142.95454545454547		판정불가	N	주당FCF<=0 / 순현금차감PER<=0	제외	하드필터 미통과	11696795.0	주당FCF 음수; fs=2025:OFS,2024:OFS,2022:CFS,2020:NA
"=""399720"""	가온칩스	직접추가	메인	48100.0		-1239.0	52725781806.0	5180811694.0	26099135222.0							판정불가	일반	일반	2741.9229888228183	2741.9229888228183			N	N	-289.1603053435114												1년								-791.2634315826496	-1.6450383192986477	판정불가		판정불가	1년	-289.1603053435114		판정불가	N	주당FCF<=0 / 순현금차감PER<=0	제외	하드필터 미통과	11600420.0	주당FCF 음수; fs=2025:CFS,2024:CFS,2022:CFS,2020:NA
"=""310210"""	보로노이	직접추가	메인	147500.0		-2374.0	35736727801.0	51779224010.0	38819475206.0							판정불가	일반	일반	2647.4798710371983	2647.4798710371983			N	N	27.63440860215054			63.76881720430108									1년	63.76881720430108							-4011.027894061175	-2.7193409451262203	판정불가		판정불가	1년	27.63440860215054		판정불가	N	주당FCF<=0 / 순현금차감PER<=0	제외	하드필터 미통과	18393521.0	주당FCF 음수; fs=2025:CFS,2024:CFS,2022:CFS,2020:NA
"=""403870"""	HPSP	직접추가	메인	36600.0	500.0	901.0	93941091316.0	147470398393.0								판정불가	일반	일반	2887.332253370172	2887.332253370172	37.41694533477229	37.41694533477229	N	N	-14.678030303030297	-37.06790883569025											3년				1.366120218579235	-0.35577223007779973	-0.9541609636405208		1169.4210399934132	3.1951394535339155	3년	-0.9541609636405208	불리(<1)	3년	-37.06790883569025		판정불가	Y	통과	보류	배당감안점수 또는 린치PER배수 미산출	83610568.0	1년 점수 과열 가능; 배당감안점수<1; fs=2025:OFS,2024:OFS,2022:OFS,2020:NA
"=""328130"""	루닛	직접추가	메인	10760.0		-1627.0	14110597196.0	7880560759.0	74459326891.0	18910194575.0						판정불가	일반	일반	-1793.3699440122289	-2439.7232525790805			Y	Y	-43.072078376487056												1년								-2215.168681814444	-20.58706953359149	판정불가		판정불가	1년	-43.072078376487056		판정불가	N	주당순현금<=0 / 주당FCF<=0 / 순현금차감PER<=0	제외	하드필터 미통과	29256746.0	주당순현금 음수(린치식); 주당순현금 음수(보수형); 단기위험부채 존재; 주당FCF 음수; fs=2025:CFS,2024:CFS,2022:CFS,2020:NA
"=""365340"""	성일하이텍	직접추가	메인	31550.0		-6364.0	24711198330.0	2817327690.0	228283330907.0	204339994880.0						판정불가	일반	일반	-16407.640954567574	-33108.29860774997			Y	Y	-29.95817741580453												1년								-4817.302336424843	-15.268787120205523	판정불가		판정불가	1년	-29.95817741580453		판정불가	N	주당순현금<=0 / 주당FCF<=0 / 순현금차감PER<=0	제외	하드필터 미통과	12235446.0	주당순현금 음수(린치식); 주당순현금 음수(보수형); 단기위험부채 존재; 주당FCF 음수; fs=2025:CFS,2024:CFS,2022:CFS,2020:NA
"=""358570"""	지아이이노베이션	직접추가	메인	8190.0		-604.0	39659957808.0	57298808526.0	0.0							판정불가	일반	일반	1517.9932052031195	1517.9932052031195			N	N	-54.58646616541354												1년								-623.7227005542921	-7.615661789429697	판정불가		판정불가	1년	-54.58646616541354		판정불가	N	주당FCF<=0 / 순현금차감PER<=0	제외	하드필터 미통과	63872991.0	주당FCF 음수; fs=2025:OFS,2024:OFS,2022:OFS,2020:NA
"=""445680"""	큐리옥스바이오시스템즈	직접추가	메인	42050.0		-1645.0	14785429134.0	3000000000.0	309456371.0							판정불가	일반	일반	1020.8027591741111	1020.8027591741111			N	N	227.03777335984094			462.5755467196819									1년	462.5755467196819							-656.8578475619476	-1.5620876279713378	판정불가		판정불가	1년	227.03777335984094		판정불가	N	주당FCF<=0 / 순현금차감PER<=0	제외	하드필터 미통과	17119833.0	주당FCF 음수; fs=2025:CFS,2024:CFS,2022:NA,2020:NA
"=""417200"""	LS머트리얼즈	직접추가	메인	12000.0	22.0	6.0	57427106565.0	1409761182.0	35664779013.0	12052000000.0						판정불가	일반	일반	342.51556519012803	164.37031298355916	1942.914072468312	1972.6049478360735	N	N	-92.85714285714286												1년				0.18333333333333332	-0.0476983572444226			-267.29396056701927	-2.2274496713918275	1년	-0.0476983572444226	불리(<1)	1년	-92.85714285714286		판정불가	N	주당FCF<=0	제외	하드필터 미통과	67652659.0	단기위험부채 존재; 주당FCF 음수; 배당감안점수<1; fs=2025:CFS,2024:CFS,2022:NA,2020:NA
"=""460930"""	현대힘스	직접추가	메인	14620.0	130.0	604.0	33438640391.0	6651960400.0	15620500661.0	25123269204.0						판정불가	일반	일반	689.0914601416572	-18.39359988438405	23.06441811234825	24.235750993186066	N	Y	26.890756302521			62.281512605042			37618.03361344537			157.30529147363455			1년	62.281512605042	37618.03361344537	157.30529147363455	0.8891928864569083	1.2044504679745227			719.6960654446659	4.922681706187865	1년	1.2044504679745227	보통(1~1.5)	1년	26.890756302521	0.8577080485529508	헐값	Y	통과	보류	중간구간(보류)	35510671.0	주당순현금 음수(보수형); 단기위험부채 존재; fs=2025:CFS,2024:CFS,2022:NA,2020:NA
"=""347850"""	디앤디파마텍	직접추가	메인	53100.0		-547.0	32883741893.0		4322566382.0							판정불가	일반	일반	656.044410518054	656.044410518054			N	N	-80.6234502302515												1년								-487.03695764576116	-0.9172070765456894	판정불가		판정불가	1년	-80.6234502302515		판정불가	N	주당FCF<=0 / 순현금차감PER<=0	제외	하드필터 미통과	43535430.0	주당FCF 음수; fs=2025:CFS,2024:CFS,2022:NA,2020:NA
"=""466100"""	클로봇	직접추가	메인	31450.0		-87.0	13177362003.0	36087959658.0	1115132801.0							판정불가	일반	일반	1926.613358704511	1926.613358704511			N	N	-72.20447284345049												1년								-146.81091406381822	-0.4668073579135714	판정불가		판정불가	1년	-72.20447284345049		판정불가	N	주당FCF<=0 / 순현금차감PER<=0	제외	하드필터 미통과	24992139.0	주당FCF 음수; fs=2025:CFS,2024:CFS,2022:NA,2020:NA
"=""091990"""	셀트리온헬스케어	직접추가	메인													판정불가	일반	일반					판정불가	판정불가													판정불가										판정불가		판정불가	판정불가			판정불가	N	주당순현금<=0 / 주당FCF<=0 / 순현금차감PER<=0	제외	하드필터 미통과		현재가 미수집; EPS 미추출; fs=2025:NA,2024:NA,2022:CFS,2020:CFS
