순위	종목코드	종목명	그룹	판정구분	현재가	현금배당금(FY2025 DPS)	EPS(FY2025)	현금및현금성자산	유가증권성자산	장기부채	단기위험부채	주주지분	총부채	주주지분비중	부채비중	주주대부채배수	주주대부채판정	업종보정유형	업종보정판정	주당순현금(린치식)	주당순현금(보수형)	순현금차감PER(린치식)	순현금차감PER(보수형)	현금보다부채많음(린치형)	현금보다부채많음(보수형)	연간이익증가율(1년,%)	연간이익증가율(3년CAGR,%)	연간이익증가율(5년CAGR,%)	그레이엄적정PER(1년)	그레이엄적정PER(3년)	그레이엄적정PER(5년)	그레이엄내재가치(1년)	그레이엄내재가치(3년)	그레이엄내재가치(5년)	그레이엄괴리율(1년,%)	그레이엄괴리율(3년,%)	그레이엄괴리율(5년,%)	그레이엄사용기준	그레이엄적정PER(선택)	그레이엄내재가치(선택)	그레이엄괴리율(선택,%)	배당수익률(%)	배당감안이익성장률(1년)	배당감안이익성장률(3년)	배당감안이익성장률(5년)	주당잉여현금흐름	잉여현금흐름수익률(%)	배당감안점수기준	배당감안점수	배당감안점수판정	사용연성장률기준	사용연성장률(%)	린치PER배수	린치PER판정	하드필터통과	하드필터사유	종합판정	종합판정사유	발행주식수	비고
1	039200	오스코텍	직접추가	메인	31050.0		1368.0	15192017092.0		7091325790.0	6000000000.0						판정불가	일반	일반	211.7375198964007	54.90829730094817	22.542589532239475	22.65723077682679	N	N	5847.826086956522			11704.152173913044			16011280.173913045			51466.11972274733			1년	11704.152173913044	16011280.173913045	51466.11972274733		259.4123482838209					1년	259.4123482838209	안심(>=2)	1년	5847.826086956522	0.0038548666114610252	매우 유망	N	주당FCF<=0	제외	하드필터 미통과	38258176.0	단기위험부채 존재; fs=2025:CFS,2024:CFS,2022:CFS,2020:CFS
2	171090	선익시스템	직접추가	메인	58400.0	1000.0	10959.0	149747229475.0	1000000000.0	41619580773.0	37350000000.0						판정불가	일반	일반	11413.23046060536	7506.941240834078	4.287505204799219	4.64395097720284	N	N	-441.2955465587045		108.97178221983204			226.44356443966407			2481595.0226942785			4149.306545709382	5년	226.44356443966407	2481595.0226942785	4149.306545709382	1.7123287671232876	-102.52657356532973		25.815504751588655	7500.184985855782	12.842782510027023	5년	25.815504751588655	안심(>=2)	5년	108.97178221983204	0.039345095743684416	매우 유망	Y	통과	매우 유망	배당감안점수>=2 & 린치PER배수<=0.5	9561504.0	단기위험부채 존재; fs=2025:CFS,2024:CFS,2022:CFS,2020:CFS
3	041510	에스엠	직접추가	메인	69800.0	1620.0	15166.0	364611980599.0	229637014667.0	71674775222.0	5166699000.0						판정불가	일반	일반	22825.127575171362	22599.45520310605	3.0973804842957033	3.1122606354275324	N	N	1807.6729559748428	64.77467023251435		3623.8459119496856	138.0493404650287		54959247.100628935	2093656.2974926254		78638.17636193258	2899.507589530982		3년	138.0493404650287	2093656.2974926254	2899.507589530982	2.3209169054441263	584.3627807617738	21.662042321938042				3년	21.662042321938042	안심(>=2)	3년	64.77467023251435	0.047817773107564805	매우 유망	N	주당FCF<=0	제외	하드필터 미통과	22894690.0	단기위험부채 존재; 1년 점수 과열 가능; fs=2025:CFS,2024:CFS,2022:CFS,2020:CFS
4	018290	브이티	직접추가	메인	11580.0		1728.0	84220398087.0	525529750.0	0.0	35176445000.0						판정불가	일반	일반	2425.342588933072	1418.6283743001727	5.29783414992299	5.880423394502214	N	N	-37.41398044186889	71.59549321993607	119.38804809293298		151.69098643987215	247.27609618586595		262122.02456809906	427293.0942091764		2163.575341693429	3589.923093343492	3년	151.69098643987215	262122.02456809906	2163.575341693429		-7.0621275379888475	13.514106178838533	22.535255863883243	1286.287521709648	11.107836975040138	3년	13.514106178838533	안심(>=2)	3년	71.59549321993607	0.07399675470700977	매우 유망	Y	통과	매우 유망	배당감안점수>=2 & 린치PER배수<=0.5	34941838.0	단기위험부채 존재; fs=2025:CFS,2024:CFS,2022:CFS,2020:CFS
5	033500	동성화인텍	직접추가	메인	17160.0	400.0	1869.0	80845872158.0	216438728.0		7174500000.0						판정불가	일반	일반	2703.023628408002	2463.7898487383613	7.735139845688603	7.863140797892798	N	N	37.933579335793354	85.03864028854527	18.260466581831338	84.36715867158671	178.57728057709053	45.020933163662676	157682.21955719555	333760.93739858223	84144.12408288554	818.8940533636105	1844.9938076840458	390.35037344338895	3년	178.57728057709053	333760.93739858223	1844.9938076840458	2.331002331002331	5.20541095184443	11.295160056898714	2.6620680845622853	2286.215405268258	13.322933597134371	3년	11.295160056898714	안심(>=2)	3년	85.03864028854527	0.09096029545442448	매우 유망	Y	통과	매우 유망	배당감안점수>=2 & 린치PER배수<=0.5	29989494.0	단기위험부채 존재; fs=2025:CFS,2024:CFS,2022:CFS,2020:CFS
6	095660	네오위즈	직접추가	메인	17830.0	303.0	2522.0	71506938430.0									판정불가	일반	일반	3271.6081990167277	3271.6081990167277	5.772558208161488	5.772558208161488	N	N	2037.2881355932204	59.20438360697895	-2.0836107187727326	4083.076271186441	126.9087672139579	4.332778562454535	10297518.355932204	320063.9109136018	10927.267534510336	57653.88870405049	1695.0864324935606	-38.71414731065431	3년	126.9087672139579	320063.9109136018	1695.0864324935606	1.6993830622546269	353.2207810001236	10.550567785202277	-0.06656107096068228	3260.7172211176594	18.287813915410318	3년	10.550567785202277	안심(>=2)	3년	59.20438360697895	0.09750220940533574	매우 유망	Y	통과	매우 유망	배당감안점수>=2 & 린치PER배수<=0.5	21856816.0	1년 점수 과열 가능; fs=2025:CFS,2024:CFS,2022:CFS,2020:CFS
7	053800	안랩	직접추가	메인	54000.0	1400.0	5714.0	67126196416.0	212621651635.0	1087944763.0	210000000.0						판정불가	일반	일반	25044.690874925156	25025.817025398628	5.067432468511523	5.070735557333107	N	N	51.84693064044645	51.8781942609736	21.726884580572147	112.1938612808929	112.2563885219472	51.953769161144294	641075.723359022	641433.0040144064	296863.8369867785	1087.1772654796705	1087.8388963229747	449.74784627181197	3년	112.2563885219472	641433.0040144064	1087.8388963229747	2.5925925925925926	10.743018988673327	10.749188507600598	4.79917143924134	5241.269111345467	9.706053909899012	3년	10.749188507600598	안심(>=2)	3년	51.8781942609736	0.09767943045626781	매우 유망	Y	통과	매우 유망	배당감안점수>=2 & 린치PER배수<=0.5	11126506.0	단기위험부채 존재; fs=2025:CFS,2024:CFS,2022:CFS,2020:CFS
8	042000	카페24	직접추가	메인	16570.0		1642.0	49522683230.0	127627894802.0								판정불가	일반	일반	7304.258590773764	7304.258590773764	5.642960663353372	5.642960663353372	N	N	51.05795768169272			110.61591536338544			181631.33302667888			996.1456428888285			1년	110.61591536338544	181631.33302667888	996.1456428888285		9.048079674429477			2841.1426224507645	17.146304299642516	1년	9.048079674429477	안심(>=2)	1년	51.05795768169272	0.1105206890282003	매우 유망	Y	통과	매우 유망	배당감안점수>=2 & 린치PER배수<=0.5	24253054.0	fs=2025:CFS,2024:CFS,2022:CFS,2020:CFS
9	241710	코스메카코리아	직접추가	메인	80700.0		4255.0	68851763088.0	12751654971.0	29565810529.0	131690603832.0						판정불가	일반	일반	4872.435161985019	-7458.145721161049	17.82081429800587	20.718718148333974	N	Y	6.189168954329927	157.5728435064407	76.98917138395909	20.87833790865985	323.6456870128814	162.47834276791818	88837.32780134767	1377112.3982398105	691345.3484774919	10.083429741446913	1606.4589817098024	756.6856858457148	3년	323.6456870128814	1377112.3982398105	1606.4589817098024		0.347300008340387	8.842067532462472	4.32018257395646	-600.7903399812734	-0.7444737794067824	3년	8.842067532462472	안심(>=2)	3년	157.5728435064407	0.11309572069299781	매우 유망	N	주당FCF<=0	제외	하드필터 미통과	10680000.0	주당순현금 음수(보수형); 단기위험부채 존재; 주당FCF 음수; fs=2025:CFS,2024:CFS,2022:CFS,2020:CFS
10	052400	코나아이	직접추가	메인	40050.0	1200.0	5176.0	241128404564.0	58021158699.0		39569006603.0						판정불가	일반	일반	20541.34352345222	17824.30610361353	3.7690603702758465	4.293990320012842	N	N	144.84389782403028	27.53848072272529	32.30025281189095	298.18779564806056	63.57696144545058	73.1005056237819	1543420.0302743614	329074.3524416522	378368.2171086951	3753.7329095489677	721.6588075946372	844.7396182489266	3년	63.57696144545058	329074.3524416522	721.6588075946372	2.9962546816479403	39.22467086799627	8.101418498143738	9.364802902044161	8756.869650891409	21.86484307338679	3년	8.101418498143738	안심(>=2)	3년	27.53848072272529	0.13686522536319676	매우 유망	Y	통과	매우 유망	배당감안점수>=2 & 린치PER배수<=0.5	14563291.0	단기위험부채 존재; 1년 점수 과열 가능; fs=2025:CFS,2024:CFS,2022:CFS,2020:CFS
11	006730	서부T&D	직접추가	메인	10040.0	100.0	1242.0	101942784570.0	72912659293.0	486846300963.0	177008800000.0						판정불가	일반	일반	-4805.261710923834	-7531.539067391196	11.952706691565083	14.147777026885022	Y	Y	133.0206378986867	62.959581135890886		274.5412757973734	134.41916227178177		340980.2645403377	166948.59954155295		3296.2177743061525	1562.834656788376		3년	134.41916227178177	166948.59954155295	1562.834656788376	0.9960159362549801	11.212243159075928	5.350720863691799		1627.4085488696269	16.2092484947174	3년	5.350720863691799	안심(>=2)	3년	62.959581135890886	0.18984730323676335	매우 유망	N	주당순현금<=0	제외	하드필터 미통과	64926923.0	주당순현금 음수(린치식); 주당순현금 음수(보수형); 단기위험부채 존재; fs=2025:CFS,2024:CFS,2022:CFS,2020:CFS
12	035900	JYP Ent.	직접추가	메인	44850.0	877.0	4846.0	294471835825.0	24871949033.0	7018179911.0							판정불가	일반	일반	8789.859291236877	8789.859291236877	7.4412176452255725	7.4412176452255725	N	N	64.21552016265673	33.4510703273257	40.282569178136505	136.93104032531346	75.4021406546514	89.06513835627301	663567.821416469	365398.7736124407	431609.660474499	1379.5269150868876	714.712984643123	862.3403800992173	3년	75.4021406546514	365398.7736124407	714.712984643123	1.9554069119286512	8.892486449048015	4.758156383447784	5.676218342728605	2865.683088481382	6.389482917461276	3년	4.758156383447784	안심(>=2)	3년	33.4510703273257	0.22245080867104416	매우 유망	Y	통과	매우 유망	배당감안점수>=2 & 린치PER배수<=0.5	35532492.0	fs=2025:CFS,2024:CFS,2022:CFS,2020:CFS
13	101490	에스앤에스텍	직접추가	메인	38500.0	200.0	2797.0	80010035302.0	5017410958.0	26284266393.0							판정불가	일반	일반	2753.387064768448	2753.387064768448	12.780340699045961	12.780340699045961	N	N	92.63085399449037	49.44549088724932	38.14129881462278	193.76170798898073	107.39098177449864	84.78259762924556	541951.4972451791	300372.5760232727	237136.92556899984	1307.666226610855	680.1885091513577	515.9400664129865	3년	107.39098177449864	300372.5760232727	680.1885091513577	0.5194805194805194	7.2885642650296845	3.909517952871137	3.025019461100069	-824.5298757963427	-2.1416360410294617	3년	3.909517952871137	안심(>=2)	3년	49.44549088724932	0.25847333032225334	매우 유망	N	주당FCF<=0	제외	하드필터 미통과	21334879.0	주당FCF 음수; fs=2025:CFS,2024:CFS,2022:CFS,2020:CFS
14	336570	원텍	직접추가	메인	4995.0	50.0	393.0	32498476963.0	75232106675.0	487294320.0							판정불가	일반	일반	1192.004046887448	1192.004046887448	9.676834486291481	9.676834486291481	N	N	20.1834862385321	35.49142835356642		48.8669724770642	79.48285670713284		19204.72018348623	31236.762685903206		284.4788825522769	525.3606143323966		3년	79.48285670713284	31236.762685903206	525.3606143323966	1.001001001001001	2.189195988579089	3.7711122791511813		553.7079332649815	11.085243909208838	3년	3.7711122791511813	안심(>=2)	3년	35.49142835356642	0.2726527202537648	매우 유망	Y	통과	매우 유망	배당감안점수>=2 & 린치PER배수<=0.5	89968897.0	fs=2025:CFS,2024:CFS,2022:CFS,2020:NA
15	083650	비에이치아이	직접추가	메인	44800.0		2107.0	59951352513.0	53304037268.0	622700352.0	144462567432.0						판정불가	일반	일반	3639.8437334410537	-1028.6159601866252	19.53495788635925	21.750648296244243	N	Y	232.85939968404423		64.67325023520193	474.21879936808847		137.84650047040387	999179.0102685624		290442.57649114094	2130.310290778041		548.3093225248681	5년	137.84650047040387	290442.57649114094	548.3093225248681		11.920138299691132		3.310641907263162	3031.7588454121305	6.767318851366364	5년	3.310641907263162	안심(>=2)	5년	64.67325023520193	0.3020562259560953	매우 유망	Y	통과	매우 유망	배당감안점수>=2 & 린치PER배수<=0.5	30944375.0	주당순현금 음수(보수형); 단기위험부채 존재; fs=2025:CFS,2024:CFS,2022:CFS,2020:CFS
16	078600	대주전자재료	직접추가	메인	75300.0	100.0	1377.0	87095348554.0	15651970912.0	158800187034.0	175574260916.0						판정불가	일반	일반	-3620.8475714076326	-14962.419623330967	57.31361479405057	65.55005056160564	Y	Y	-39.28571428571429	173.91745789192484	31.893371216078826		356.3349157838497	72.28674243215765		490673.17903436103	99538.84432908108		551.6244077481554	32.189700304224544	3년	356.3349157838497	490673.17903436103	551.6244077481554	0.13280212483399734	-0.683134579830141	3.0368047913604306	0.5587882295680519	-829.2141970272069	-1.1012140730773	3년	3.0368047913604306	안심(>=2)	3년	173.91745789192484	0.32954492026709703	매우 유망	N	주당순현금<=0 / 주당FCF<=0	제외	하드필터 미통과	15480593.0	주당순현금 음수(린치식); 주당순현금 음수(보수형); 단기위험부채 존재; 주당FCF 음수; fs=2025:CFS,2024:CFS,2022:CFS,2020:CFS
17	036620	감성코퍼레이션	직접추가	메인	4210.0		387.0	32602954268.0		0.0	10000000000.0						판정불가	일반	일반	360.23862771419766	249.74599420835182	9.947703804356077	10.233214485249736	N	N	20.560747663551403	29.066288067403256		49.62149532710281	66.63257613480651		19203.518691588786	25786.806964170122		356.140586498546	512.5132295527345		3년	66.63257613480651	25786.806964170122	512.5132295527345		2.066883782219963	2.921909280679949				3년	2.921909280679949	안심(>=2)	3년	29.066288067403256	0.34224197397644496	매우 유망	N	주당FCF<=0	제외	하드필터 미통과	90503771.0	단기위험부채 존재; fs=2025:OFS,2024:OFS,2022:OFS,2020:CFS
18	145020	휴젤	직접추가	메인	234500.0		13061.0	209698099582.0	329970257844.0	26913106215.0							판정불가	일반	일반	41673.754549504214	41673.754549504214	14.763513165186112	14.763513165186112	N	N	4.321086261980822	39.501975429687434	31.2527994792986	17.142172523961644	87.50395085937487	71.0055989585972	223893.91533546304	1142889.102174295	927404.1279982381	-4.5228506032140565	387.3727514602538	295.48150447686055	3년	87.50395085937487	1142889.102174295	387.3727514602538		0.29268685668736283	2.6756487421189945	2.1168944769186733	9796.458970973175	4.1775944439118025	3년	2.6756487421189945	안심(>=2)	3년	39.501975429687434	0.37374113584432783	매우 유망	Y	통과	매우 유망	배당감안점수>=2 & 린치PER배수<=0.5	12304033.0	fs=2025:CFS,2024:CFS,2022:CFS,2020:CFS
19	222080	SFA넥셀	직접추가	메인	6940.0		371.0	209198215167.0	3000000000.0	3998891229.0							판정불가	일반	일반	2690.8927928932903	2690.8927928932903	11.45311915662186	11.45311915662186	N	N	-52.61813537675606	24.989472797659506			58.47894559531901			21695.688815863352			212.6179944648898		3년	58.47894559531901	21695.688815863352	212.6179944648898		-4.594218802511435	2.181892326092785		1242.7502619525433	17.907064293264312	3년	2.181892326092785	안심(>=2)	3년	24.989472797659506	0.4583177584160379	매우 유망	Y	통과	매우 유망	배당감안점수>=2 & 린치PER배수<=0.5	77371839.0	fs=2025:CFS,2024:CFS,2022:CFS,2020:OFS
20	214430	아이쓰리시스템	직접추가	메인	64900.0	400.0	2657.0	9957436148.0	48991860345.0	8260246938.0							판정불가	일반	일반	6936.849340685883	6936.849340685883	21.81526182134517	21.81526182134517	N	N	23.237476808905377	43.93661447574133	43.74102307298442	54.974953617810755	96.37322895148266	95.98204614596884	146068.45176252318	256063.66932408942	255024.2966098392	125.06695186829458	294.5511083576108	292.94960956831926	3년	96.37322895148266	256063.66932408942	294.5511083576108	0.6163328197226503	1.093445947336201	2.042283409675656	2.033317603793577	539.5952980718372	0.8314257289242485	3년	2.042283409675656	안심(>=2)	3년	43.93661447574133	0.4965166770732871	매우 유망	Y	통과	매우 유망	배당감안점수>=2 & 린치PER배수<=0.5	7307215.0	fs=2025:OFS,2024:OFS,2022:OFS,2020:OFS
21	195940	HK이노엔	직접추가	메인	38900.0	410.0	2672.0	91406200858.0	85585939125.0	146112552372.0	310000000000.0						판정불가	일반	일반	1090.0002266510662	-9852.505694038851	14.150449016971907	18.245698238786996	N	Y	22.907083716651332	25.80405679211104		54.314167433302664	60.10811358422208		145127.4553817847	160608.8794970414		273.07829146988354	312.8762969075614		3년	60.10811358422208	160608.8794970414	312.8762969075614	1.0539845758354756	1.6933079836369958	1.89803456665815		2671.284955420407	6.867056440669428	3년	1.89803456665815	양호(>=1.5)	3년	25.80405679211104	0.5483807887641163	헐값	Y	통과	양호	배당감안점수>=1.5 & 린치PER배수<1	28329891.0	주당순현금 음수(보수형); 단기위험부채 존재; fs=2025:OFS,2024:OFS,2022:OFS,2020:NA
22	067310	하나마이크론	직접추가	메인	33200.0	70.0	637.0	95587857414.0	13423479284.0	526063263829.0	282083074730.0						판정불가	일반	일반	-6282.96993586037	-10532.607361434337	61.982684357708585	68.65401469612925	Y	Y	-248.83177570093457	112.91119569846622			234.32239139693243			149263.36331984596			349.5884437344758		3년	234.32239139693243	149263.36331984596	349.5884437344758	0.21084337349397592	-4.011135285664994	1.8250587280008883		365.9283093769816	1.1021937029427156	3년	1.8250587280008883	양호(>=1.5)	3년	112.91119569846622	0.5489507393335535	헐값	N	주당순현금<=0	제외	하드필터 미통과	66378151.0	주당순현금 음수(린치식); 주당순현금 음수(보수형); 단기위험부채 존재; fs=2025:CFS,2024:CFS,2022:CFS,2020:CFS
23	251970	펌텍코리아	직접추가	메인	44000.0	450.0	2778.0	43866593506.0	655032377.0	18066150000.0	29278370740.0						판정불가	일반	일반	2133.506119596774	-227.6528110483871	15.070732138374092	15.92068135746882	N	Y	5.267146646456999	20.695677848492622	11.238636290610703	19.034293292914	49.891355696985244	30.977272581221406	52877.2667677151	138598.18612622502	86054.86323063307	20.175606290261584	214.99587755960232	95.57923461507517	3년	49.891355696985244	138598.18612622502	214.99587755960232	1.0227272727272727	0.41735689158515266	1.441098210877165	0.8135877839748266	929.867031048387	2.113334161473607	3년	1.441098210877165	보통(1~1.5)	3년	20.695677848492622	0.7282067419440323	헐값	Y	통과	보류	중간구간(보류)	12400000.0	주당순현금 음수(보수형); 단기위험부채 존재; fs=2025:CFS,2024:CFS,2022:CFS,2020:CFS
24	031980	피에스케이홀딩스	직접추가	메인	105900.0	1080.0	4252.0	182779167734.0		10979267182.0							판정불가	일반	일반	7967.570418406675	7967.570418406675	23.032085978737847	23.032085978737847	N	N		28.972326855053065	6.696365809169258		66.44465371010614	21.892731618338516		282522.6675753713	93087.89484117537		166.7825000711721	-12.098305154697487	3년	66.44465371010614	282522.6675753713	166.7825000711721	1.019830028328612		1.3021902102601148	0.3350194092111806	3674.3812093229903	3.4696706414759118	3년	1.3021902102601148	보통(1~1.5)	3년	28.972326855053065	0.7949684571061927	헐값	Y	통과	보류	중간구간(보류)	21562395.0	fs=2025:CFS,2024:CFS,2022:CFS,2020:CFS
25	196170	알테오젠	직접추가	메인	300500.0	371.0	2653.0	66380706542.0	363641391678.0	6204706421.0	0.0						판정불가	일반	일반	7920.963462850038	7920.963462850038	110.28233567174895	110.28233567174895	N	N	126.3651877133106			261.2303754266212			693044.1860068261			130.63034476100702			1년	261.2303754266212	693044.1860068261	130.63034476100702	0.12346089850249584	1.1469529353123387			1695.3263015208747	0.5641684863630199	1년	1.1469529353123387	보통(1~1.5)	1년	126.3651877133106	0.8727271938372029	헐값	Y	통과	보류	중간구간(보류)	53505788.0	fs=2025:CFS,2024:CFS,2022:CFS,2020:CFS
26	460930	현대힘스	직접추가	메인	15950.0	130.0	604.0	33438640391.0	6651960400.0	15620500661.0	25123269204.0						판정불가	일반	일반	689.0914601416572	-18.39359988438405	25.26640486731514	26.437737748152955	N	Y	26.890756302521			62.281512605042			37618.03361344537			135.84974052316846			1년	62.281512605042	37618.03361344537	135.84974052316846	0.8150470219435737	1.0965471134480658			719.6960654446659	4.512201037270633	1년	1.0965471134480658	보통(1~1.5)	1년	26.890756302521	0.939594431003282	헐값	Y	통과	보류	중간구간(보류)	35510671.0	주당순현금 음수(보수형); 단기위험부채 존재; fs=2025:CFS,2024:CFS,2022:NA,2020:NA
27	237690	에스티팜	직접추가	메인	116700.0	500.0	2706.0	30546031679.0	66183186618.0	0.0	31042096562.0						판정불가	일반	일반	4672.528973826477	3173.032770425826	41.39965669851202	41.95379424596237	N	N	52.02247191011236	41.40733955062637		112.54494382022472	91.31467910125274		304546.6179775281	247097.5216479899		160.96539672453133	111.73737930419011		3년	91.31467910125274	247097.5216479899	111.73737930419011	0.42844901456726653	1.2669409629806134	1.010534673508471		-1608.3636028354022	-1.3782036014013728	3년	1.010534673508471	보통(1~1.5)	3년	41.40733955062637	0.9998144567557895	헐값	N	주당FCF<=0	제외	하드필터 미통과	20701684.0	단기위험부채 존재; 주당FCF 음수; fs=2025:CFS,2024:CFS,2022:CFS,2020:CFS
28	059090	미코	직접추가	메인	14630.0		937.0	308049235584.0	150141976308.0	613882940873.0	418677409064.0						판정불가	일반	일반	-4659.088586607601	-17188.04661673247	20.586007029463822	33.957360316683534	Y	Y	151.88172043010755		19.845043171093412	312.2634408602151		48.190086342186824	292590.84408602153		45154.11090262905	1899.937416855923		208.64053932077275	5년	48.190086342186824	45154.11090262905	208.64053932077275		7.37791064642726		0.9640064312953016	-8988.877721155523	-61.441406159641296	5년	0.9640064312953016	불리(<1)	5년	19.845043171093412	1.0373374777762998	보통	N	주당순현금<=0 / 주당FCF<=0	제외	하드필터 미통과	33416778.0	주당순현금 음수(린치식); 주당순현금 음수(보수형); 단기위험부채 존재; 주당FCF 음수; 배당감안점수<1; fs=2025:CFS,2024:CFS,2022:CFS,2020:CFS
29	214150	클래시스	직접추가	메인	44450.0	1000.0	2017.0	37521303951.0	180409959460.0	65234627334.0	21324811600.0						판정불가	일반	일반	2331.044957154007	2005.5034401989606	20.881980685595433	21.04337955369412	N	N	32.959789057350044	20.077044785232843	27.870621881389045	74.41957811470009	48.654089570465686	64.24124376277808	150104.28905735008	98135.29866362929	129574.5886695234	237.69243882418465	120.77682489005466	191.50638620815164	3년	48.654089570465686	98135.29866362929	120.77682489005466	2.249718785151856	1.6861191652566614	1.069188019400185	1.4424082236278557	2208.700745152415	4.96895555714829	3년	1.069188019400185	보통(1~1.5)	3년	20.077044785232843	1.0400923496945447	보통	Y	통과	보류	중간구간(보류)	65505659.0	단기위험부채 존재; fs=2025:CFS,2024:CFS,2022:CFS,2020:CFS
30	213420	덕산네오룩스	직접추가	메인	29500.0		2165.0	126289412183.0	23523118181.0	73316735293.0	0.0						판정불가	일반	일반	3080.6348369926372	3080.6348369926372	12.202940029102708	12.202940029102708	N	N	16.21041331186259	11.211848026446525	9.282628183044572	40.92082662372518	30.92369605289305	27.065256366089145	88593.58964036503	66949.80195451346	58596.280032582996	200.31725301818653	126.94848120174056	98.63145773756948	3년	30.92369605289305	66949.80195451346	126.94848120174056		1.3284022762713321	0.9187825228762466	0.7606878474291029	1872.3304627621587	6.346882924617487	3년	0.9187825228762466	불리(<1)	3년	11.211848026446525	1.0883968459364053	보통	Y	통과	제외	배당감안점수<1	24831179.0	배당감안점수<1; fs=2025:CFS,2024:CFS,2022:CFS,2020:OFS
31	050890	쏠리드	직접추가	메인	9100.0	50.0	610.0	90077709858.0	56384251006.0		99023500000.0						판정불가	일반	일반	2410.63719770453	780.7960352708731	10.96616852835323	13.638039286441193	N	N	-19.736842105263154	7.574974463597406			23.649948927194814			14426.468845588835			58.53262467680038		3년	23.649948927194814	14426.468845588835	58.53262467680038	0.5494505494505495	-1.7496896483218594	0.7408626807113265		264.100396082502	2.9022021547527697	3년	0.7408626807113265	불리(<1)	3년	7.574974463597406	1.44768389399234	보통	Y	통과	제외	배당감안점수<1	60756534.0	단기위험부채 존재; 배당감안점수<1; fs=2025:CFS,2024:CFS,2022:CFS,2020:CFS
32	137400	피엔티	직접추가	메인	29350.0	200.0	3215.0	48614784915.0	2883423500.0	147061731360.0	118697154998.0						판정불가	일반	일반	-4033.7942736500117	-9044.073189435125	10.383761826951792	11.942168954723211	Y	Y	-48.40314556251003	5.939543368649525	13.365820704844978		20.379086737299048	35.231641409689956		65518.76386041644	113269.7271321532		123.23258555508154	285.92752004140783	3년	20.379086737299048	65518.76386041644	123.23258555508154	0.6814310051107325	-4.595802114175442	0.6376277195202077	1.352809506232613	-5203.342672542608	-17.728595136431373	3년	0.6376277195202077	불리(<1)	3년	5.939543368649525	1.7482424460035133	보통	N	주당순현금<=0 / 주당FCF<=0	제외	하드필터 미통과	23690728.0	주당순현금 음수(린치식); 주당순현금 음수(보수형); 단기위험부채 존재; 주당FCF 음수; 배당감안점수<1; fs=2025:CFS,2024:CFS,2022:CFS,2020:CFS
33	060280	큐렉소	직접추가	메인	8100.0		67.0	18688000180.0									판정불가	일반	일반	454.8066373342997	454.8066373342997	114.10736362187612	114.10736362187612	N	N	-131.45539906103286		41.05182554589231			90.60365109178461			6070.444623149569			-25.056239220375687	5년	90.60365109178461	6070.444623149569	-25.056239220375687		-1.152032567299021		0.35976491124558807	-335.1639164672466	-4.1378261292252665	5년	0.35976491124558807	불리(<1)	5년	41.05182554589231	2.7795929195478575	매우 불리	N	주당FCF<=0	제외	하드필터 미통과	41089990.0	주당FCF 음수; 배당감안점수<1; PER>연성장률의 2배; fs=2025:CFS,2024:OFS,2022:OFS,2020:OFS
34	080220	제주반도체	직접추가	메인	70300.0		1173.0	77229831529.0		56955110913.0	52000000000.0						판정불가	일반	일반	588.6484603632924	-921.099590849568	59.429967211966506	60.71704994957337	N	Y	101.89328743545612	18.439828634196754	28.179821594920938	212.28657487091223	45.37965726839351	64.85964318984188	249012.15232358006	53230.33797582558	76080.36146168452	254.21358794250364	-24.2811693089252	8.222420286891197	3년	45.37965726839351	53230.33797582558	-24.2811693089252		1.7145102414752706	0.31027829055378997	0.4741685536257001	662.8416875870809	0.942875800266118	3년	0.31027829055378997	불리(<1)	3년	18.439828634196754	3.222913205481386	매우 불리	Y	통과	제외	배당감안점수<1	34442833.0	주당순현금 음수(보수형); 단기위험부채 존재; 1년 점수 과열 가능; 배당감안점수<1; PER>연성장률의 2배; fs=2025:CFS,2024:CFS,2022:CFS,2020:CFS
35	060370	LS마린솔루션	직접추가	메인	30650.0	160.0	215.0	73563614656.0	401270740051.0	34931968525.0							판정불가	일반	일반	8420.98079299366	8420.98079299366	103.39078700933183	103.39078700933183	N	N	-56.032719836400815		29.95772295224761			68.41544590449521			14709.320869466472			-52.00874104578639	5년	68.41544590449521	14709.320869466472	-52.00874104578639	0.5220228384991843	-0.5369017743611078		0.2948013713058955	-1082.6513705871112	-3.5323046348682254	5년	0.2948013713058955	불리(<1)	5년	29.95772295224761	3.451223151176609	매우 불리	N	주당FCF<=0	제외	하드필터 미통과	52238854.0	주당FCF 음수; 배당감안점수<1; PER>연성장률의 2배; fs=2025:CFS,2024:CFS,2022:OFS,2020:OFS
36	065350	신성델타테크	직접추가	메인	27500.0	120.0	778.0	70602467437.0	14235723297.0	26783722267.0	310392918122.0						판정불가	일반	일반	2112.3045519879456	-9181.30283374863	32.63199929050393	47.14820415648924	N	Y	-2202.702702702703	7.457653300092337	18.00492575746233		23.415306600184675	44.50985151492466		18217.108534943676	34628.66447861139		-33.75596896384118	25.922416285859605	3년	23.415306600184675	18217.108534943676	-33.75596896384118	0.4363636363636364	-67.48793782019999	0.2419103060826914	0.5651290081754958	-2916.1518951716835	-10.604188709715212	3년	0.2419103060826914	불리(<1)	3년	7.457653300092337	4.375639088786802	매우 불리	N	주당FCF<=0	제외	하드필터 미통과	27483948.0	주당순현금 음수(보수형); 단기위험부채 존재; 주당FCF 음수; 배당감안점수<1; PER>연성장률의 2배; fs=2025:CFS,2024:CFS,2022:CFS,2020:CFS
37	068760	셀트리온제약	직접추가	메인	40400.0	200.0	892.0	49871871397.0	67056726028.0	16559995254.0	142000000000.0						판정불가	일반	일반	2297.7149853074225	-953.057874493612	42.715566159969256	46.35993035257132	N	Y	67.984934086629	8.88354924631798	8.803232347597788	144.469868173258	26.26709849263596	26.106464695195577	128867.12241054613	23430.251855431277	23286.966508114456	218.97802576867855	-42.00432709051663	-42.35899379179591	3년	26.26709849263596	23430.251855431277	-42.00432709051663	0.49504950495049505	1.6031622602196778	0.2195592753270726	0.2176790029593974	1568.3314891607329	3.8820086365364674	3년	0.2195592753270726	불리(<1)	3년	8.88354924631798	4.808389639723543	매우 불리	Y	통과	제외	배당감안점수<1	43681920.0	주당순현금 음수(보수형); 단기위험부채 존재; 1년 점수 과열 가능; 배당감안점수<1; PER>연성장률의 2배; fs=2025:OFS,2024:OFS,2022:OFS,2020:CFS
38	122870	와이지엔터테인먼트	직접추가	메인	39800.0	300.0	1990.0	168219905571.0	18417244062.0	7408282828.0							판정불가	일반	일반	9589.02129061884	9589.02129061884	15.181396336372442	15.181396336372442	N	N	99.1991991991992	2.8708421054929767	22.411692325937338	206.8983983983984	14.241684210985953	53.323384651874676	411727.8128128128	28340.95157986205	106113.53545723061	934.4919919919919	-28.791578945070228	166.6169232593734	3년	14.241684210985953	28340.95157986205	-28.791578945070228	0.7537688442211055	6.583911376053556	0.23875346308099707	1.5259110991429248	4456.78787193806	11.197959477231306	3년	0.23875346308099707	불리(<1)	3년	2.8708421054929767	5.288133508744646	매우 불리	Y	통과	제외	배당감안점수<1	18691049.0	1년 점수 과열 가능; 배당감안점수<1; PER>연성장률의 2배; fs=2025:CFS,2024:CFS,2022:CFS,2020:CFS
39	183300	코미코	직접추가	메인	61400.0	1400.0	4650.0	99119203383.0	3100000000.0	340995618653.0	192679909879.0						판정불가	일반	일반	-22826.080519208877	-41245.51751577621	18.11313559552879	22.07430484210241	Y	Y	-13.920770085153645	3.344451500460721	13.460780641712699		15.188903000921442	35.4215612834254		70628.39895428471	164710.2599679281		15.029965723590744	168.25775239076242	3년	15.188903000921442	70628.39895428471	15.029965723590744	2.2801302931596092	-0.6426628747188046	0.31052502003069826	0.8690329099483988	-17350.753968382945	-28.25855695176375	3년	0.31052502003069826	불리(<1)	3년	3.344451500460721	5.415876293327495	매우 불리	N	주당순현금<=0 / 주당FCF<=0	제외	하드필터 미통과	10460684.0	주당순현금 음수(린치식); 주당순현금 음수(보수형); 단기위험부채 존재; 주당FCF 음수; 배당감안점수<1; PER>연성장률의 2배; fs=2025:CFS,2024:CFS,2022:CFS,2020:CFS
40	376300	디어유	직접추가	메인	20050.0	316.0	785.0	127699499351.0	42744910159.0	3733290182.0							판정불가	일반	일반	7022.843881261446	7022.843881261446	16.59510333597268	16.59510333597268	N	N	-23.563777994157743	2.3574658676792426			13.214931735358485			10373.721412256411			-48.26074108600294		3년	13.214931735358485	10373.721412256411	-48.26074108600294	1.5760598503740648	-1.3249521680363143	0.23702929945164777		1461.7061584505716	7.2903050296786605	3년	0.23702929945164777	불리(<1)	3년	2.3574658676792426	7.039382229660606	매우 불리	Y	통과	제외	배당감안점수<1	23738406.0	배당감안점수<1; PER>연성장률의 2배; fs=2025:CFS,2024:CFS,2022:OFS,2020:NA
41	140860	파크시스템스	직접추가	메인	249500.0	500.0	4963.0	75059752464.0	4013999311.0	81434883898.0	32966292992.0						판정불가	일반	일반	-337.4744350621034	-5049.316265171743	50.34001096817693	51.28940484891633	Y	Y	-19.62753036437247	6.914619637756436	27.071013078978922		22.329239275512872	62.642026157957844		110820.01452437039	310892.3758219448		-55.583160511274386	24.606162654086084	3년	22.329239275512872	110820.01452437039	-55.583160511274386	0.2004008016032064	-0.38591826241457056	0.1413392707414683	0.5417442975493608	-4263.863715695771	-1.7089634131045175	3년	0.1413392707414683	불리(<1)	3년	6.914619637756436	7.280228502129234	매우 불리	N	주당순현금<=0 / 주당FCF<=0	제외	하드필터 미통과	6996477.0	주당순현금 음수(린치식); 주당순현금 음수(보수형); 단기위험부채 존재; 주당FCF 음수; 배당감안점수<1; PER>연성장률의 2배; fs=2025:CFS,2024:CFS,2022:CFS,2020:CFS
42	084370	유진테크	직접추가	메인	109200.0	230.0	1906.0	54924701691.0	234822263434.0	6336490405.0							판정불가	일반	일반	12367.339644429	12367.339644429	50.80412400607083	50.80412400607083	N	N	-33.00527240773287	3.947412856408672	65.18029584829917		16.394825712817344	138.86059169659833		31248.53780862986	264668.28777371644		-71.3841228858701	142.37022689900775	3년	16.394825712817344	31248.53780862986	-71.3841228858701	0.21062271062271062	-0.6455115669978163	0.08184444960677836	1.287118316440374	1973.6983229477412	1.8074160466554405	3년	0.08184444960677836	불리(<1)	3년	3.947412856408672	12.870233201877966	매우 불리	Y	통과	제외	배당감안점수<1	22916042.0	배당감안점수<1; PER>연성장률의 2배; fs=2025:CFS,2024:CFS,2022:CFS,2020:CFS
43	095340	ISC	반도체소부장	메인	137000.0	850.0	2743.0	79871448500.0	262260000000.0	20000000000.0	0.0						판정불가	일반	일반	15196.988586812378	15196.988586812378	44.405035148810654	44.405035148810654	N	N	2.6956196181205483	2.7852556628800373		13.891239236241097	14.070511325760075		38103.669225009326	38595.412566559884		-72.18710275546765	-71.8281660098103		3년	14.070511325760075	38595.412566559884	-71.8281660098103	0.6204379562043796	0.07467751265621383	0.07669611357521097		1668.9997838851034	1.218248017434382	3년	0.07669611357521097	불리(<1)	3년	2.7852556628800373	15.942893767566932	매우 불리	Y	통과	제외	배당감안점수<1	21197058.0	배당감안점수<1; PER>연성장률의 2배; fs=2025:CFS,2024:CFS,2022:CFS,2020:CFS
44	041190	우리기술투자	직접추가	메인	4475.0		1420.0	8196474528.0	918336858104.0								판정불가	일반	일반	11030.158721809525	11030.158721809525	-4.616308959020792	-4.616308959020792	N	N	-25.14496573537164												1년					5.44698501737747					1년	5.44698501737747	안심(>=2)	1년	-25.14496573537164		판정불가	N	주당FCF<=0 / 순현금차감PER<=0	제외	하드필터 미통과	84000000.0	fs=2025:CFS,2024:CFS,2022:NA,2020:NA
45	215200	메가스터디교육	직접추가	메인	39750.0	3000.0	8072.0	66298633028.0		36685724461.0	13667071299.0						판정불가	일반	일반	2856.9504549639873	1538.3989362112666	4.570496722625869	4.733845523264213	N	N	92.23624672541082	-2.8115416132021287	34.54221143364424	192.97249345082164	2.8769167735957426	77.58442286728848	1557673.9671350324	23222.472196464834	626261.4613847526	3818.676646880585	-41.578686298201674	1475.5005317855412	3년	2.8769167735957426	23222.472196464834	-41.578686298201674	7.547169811320755	21.83207265914052	1.0361298750473416	9.208929313219933	10570.647660791632	26.59282430387832	3년	1.0361298750473416	보통(1~1.5)	3년	-2.8115416132021287		판정불가	Y	통과	보류	배당감안점수 또는 린치PER배수 미산출	10365216.0	단기위험부채 존재; 1년 점수 과열 가능; fs=2025:CFS,2024:CFS,2022:CFS,2020:CFS
46	277810	레인보우로보틱스	직접추가	메인	418500.0		73.0	10110272543.0	59000000000.0	96954300.0							판정불가	일반	일반	3557.413577099379	3557.413577099379	5684.145019491789	5684.145019491789	N	N	-33.63636363636363	-41.03092880510747											3년					-0.005917576613724576	-0.007218487330004115		-1415.7857261635627	-0.33830005404147256	3년	-0.007218487330004115	불리(<1)	3년	-41.03092880510747		판정불가	N	주당FCF<=0	제외	하드필터 미통과	19399858.0	주당FCF 음수; 1년 점수 과열 가능; 배당감안점수<1; fs=2025:CFS,2024:CFS,2022:CFS,2020:CFS
47	000250	삼천당제약	직접추가	메인	148800.0	50.0	226.0	95943976392.0	13034373599.0	23423415405.0	44784077259.0						판정불가	일반	일반	3647.2359249112606	1738.075497947946	642.2688675888883	650.7164800975754	N	N	-147.67932489451476	-5.168157543831642											3년				0.03360215053763441	-0.22988148763655178	-0.007994401803359088		-2122.772468832106	-1.4265944010968454	3년	-0.007994401803359088	불리(<1)	3년	-5.168157543831642		판정불가	N	주당FCF<=0	제외	하드필터 미통과	23457472.0	단기위험부채 존재; 주당FCF 음수; 배당감안점수<1; fs=2025:CFS,2024:CFS,2022:CFS,2020:CFS
48	032190	다우데이타	직접추가	메인	18440.0	550.0	5713.0	2733751140623.0	21532549329917.0	4101128995368.0	32263292614335.0						판정불가	일반	일반	526505.7826415666	-315877.836531671	-88.93152155462394	58.51878812036951	N	Y	33.17016317016317	2.41056085619491		74.84032634032634	13.32112171238982		427562.7843822844	76103.56834288304		2218.6701973008917	312.70915587246765		3년	13.32112171238982	76103.56834288304	312.70915587246765	2.9826464208242953	-0.4065241318150788	-0.06064449570568253		-174621.89534033943	-946.9734020625783	3년	-0.06064449570568253	불리(<1)	3년	2.41056085619491		판정불가	N	주당FCF<=0 / 순현금차감PER<=0	제외	하드필터 미통과	38300000.0	주당순현금 음수(보수형); 단기위험부채 존재; 주당FCF 음수; 배당감안점수<1; fs=2025:CFS,2024:CFS,2022:CFS,2020:CFS
49	131970	두산테스나	직접추가	메인	76400.0	160.0	78.0	109546970000.0	5000000.0	173189735000.0	164500000000.0						판정불가	일반	일반	-3292.6466264864125	-11803.950724878538	1021.7005977754668	1130.8198810881863	Y	Y	-95.92050209205021	-70.63378581277699	-48.99682259345528										3년				0.20942408376963353	-0.09367820496207094	-0.06892857054438575	-0.04775116958520892	6334.127307792246	8.290742549466291	3년	-0.06892857054438575	불리(<1)	3년	-70.63378581277699		판정불가	N	주당순현금<=0	제외	하드필터 미통과	19327238.0	주당순현금 음수(린치식); 주당순현금 음수(보수형); 단기위험부채 존재; 1년 점수 과열 가능; 배당감안점수<1; fs=2025:OFS,2024:CFS,2022:OFS,2020:OFS
50	014620	성광벤드	직접추가	메인	28200.0	200.0	1297.0	55816213450.0			2000000000.0						판정불가	일반	일반	2101.7226502600183	2026.413971281186	20.122033423084027	20.18009716940541	N	N	-13.186077643908966	-2.6308862076953488			3.2382275846093025			4199.981177238265			-85.10644972610544		3년	3.2382275846093025	4199.981177238265	-85.10644972610544	0.7092198581560284	-0.6200594901825115	-0.09550060419513973		1220.9355149855987	4.329558563778719	3년	-0.09550060419513973	불리(<1)	3년	-2.6308862076953488		판정불가	Y	통과	보류	배당감안점수 또는 린치PER배수 미산출	26557364.0	단기위험부채 존재; 배당감안점수<1; fs=2025:CFS,2024:CFS,2022:CFS,2020:CFS
51	009520	포스코엠텍	직접추가	메인	10490.0	10.0	34.0	23489287481.0									판정불가	일반	일반	564.0673104481234	564.0673104481234	291.9391967515258	291.9391967515258	N	N	142.85714285714283	-33.573662263718816	-31.534135605250093	294.21428571428567			10003.285714285712			-4.639793000136205			3년				0.09532888465204957	0.4896652225273609	-0.11467570559756222	-0.10768957053531981	21.005404932528034	0.2002421823882558	3년	-0.11467570559756222	불리(<1)	3년	-33.573662263718816		판정불가	Y	통과	보류	배당감안점수 또는 린치PER배수 미산출	41642703.0	1년 점수 과열 가능; 배당감안점수<1; fs=2025:OFS,2024:OFS,2022:OFS,2020:OFS
52	058610	에스피지	직접추가	메인	71600.0		412.0	42023986997.0	4202172079.0	0.0	54058574990.0						판정불가	일반	일반	2084.3851150903442	-353.17169915625664	168.7272205944409	174.64362062902003	N	Y	-30.28764805414551	-22.958604350341737	-9.267164625100499										3년					-0.1795065902670562	-0.13606935661866856	-0.05492394524399477	1052.1212452248599	1.4694430799229887	3년	-0.13606935661866856	불리(<1)	3년	-22.958604350341737		판정불가	Y	통과	보류	배당감안점수 또는 린치PER배수 미산출	22177360.0	주당순현금 음수(보수형); 단기위험부채 존재; 1년 점수 과열 가능; 배당감안점수<1; fs=2025:CFS,2024:CFS,2022:CFS,2020:CFS
53	131290	티에스이	직접추가	메인	202500.0	450.0	3526.0	75817114809.0	24192525681.0								판정불가	일반	일반	9041.29479925243	9041.29479925243	54.86633726623584	54.86633726623584	N	N	-10.869565217391308	-8.574311564657378	6.33162898184505			21.1632579636901			74621.6475799713			-63.1498036642117	3년				0.2222222222222222	-0.19405966437131478	-0.152226114564694	0.11945122511577683	-202.5541856300845	-0.10002675833584421	3년	-0.152226114564694	불리(<1)	3년	-8.574311564657378		판정불가	N	주당FCF<=0	제외	하드필터 미통과	11061429.0	주당FCF 음수; 1년 점수 과열 가능; 배당감안점수<1; fs=2025:CFS,2024:CFS,2022:CFS,2020:CFS
54	036930	주성엔지니어링	반도체소부장	메인	149900.0	53.0	781.0	164383610031.0	0.0	104241855386.0	45000000000.0						판정불가	일반	일반	1272.3480202522953	320.33620667423327	190.30429190748745	191.52325709772828	N	N	-65.625	-29.310632286282456											3년				0.03535690460306871	-0.34465666768714814	-0.153834025960439				3년	-0.153834025960439	불리(<1)	3년	-29.310632286282456		판정불가	N	주당FCF<=0	제외	하드필터 미통과	47268321.0	단기위험부채 존재; 1년 점수 과열 가능; 배당감안점수<1; fs=2025:CFS,2024:CFS,2022:CFS,2020:CFS
55	039030	이오테크닉스	직접추가	메인	298500.0	500.0	4689.0	236305275966.0	99448229801.0		7000000000.0						판정불가	일반	일반	27253.715092434384	26685.512520100165	57.84736295746761	57.96854072934524	N	N	21.162790697674417	-9.341714757581144	21.872789158097493	50.825581395348834		52.24557831619499	238321.1511627907		244979.5167246383	-20.160418370924393		-17.929810142499736	3년				0.16750418760469013	0.36873409252833617	-0.15859341032921087	0.38100774553729194	7809.347047497677	2.616196665828367	3년	-0.15859341032921087	불리(<1)	3년	-9.341714757581144		판정불가	Y	통과	보류	배당감안점수 또는 린치PER배수 미산출	12319550.0	단기위험부채 존재; 1년 점수 과열 가능; 배당감안점수<1; fs=2025:CFS,2024:CFS,2022:CFS,2020:CFS
56	247540	에코프로비엠	2차전지	메인	110500.0	100.0	403.0	518548123832.0	17217642963.0	908362087372.0	863305167008.0						판정불가	일반	일반	-3809.7259744917205	-12636.85586554925	283.64696271586035	305.5505108326284	Y	Y	-140.78947368421052	-48.08965332121203	-29.141298397230276										3년				0.09049773755656108	-0.49603554573435465	-0.16922146856103656	-0.10241886738894848	-2285.196699076037	-2.068051311381029	3년	-0.16922146856103656	불리(<1)	3년	-48.08965332121203		판정불가	N	주당순현금<=0 / 주당FCF<=0	제외	하드필터 미통과	97801344.0	주당순현금 음수(린치식); 주당순현금 음수(보수형); 단기위험부채 존재; 주당FCF 음수; 1년 점수 과열 가능; 배당감안점수<1; fs=2025:CFS,2024:CFS,2022:CFS,2020:CFS
57	089030	테크윙	직접추가	메인	45050.0	130.0	263.0	42167522083.0	66570576964.0	254064566865.0	85500000000.0						판정불가	일반	일반	-3922.0559223795663	-6229.521220327987	186.20553582653827	194.97916813812924	Y	Y	-145.03424657534248	-33.29260076378455	-31.24719875603965										3년				0.2885682574916759	-0.7773435825919277	-0.17724517351105032	-0.16626052690177706	-1267.0496624825978	-2.8125408712155333	3년	-0.17724517351105032	불리(<1)	3년	-33.29260076378455		판정불가	N	주당순현금<=0 / 주당FCF<=0	제외	하드필터 미통과	37053645.0	주당순현금 음수(린치식); 주당순현금 음수(보수형); 단기위험부채 존재; 주당FCF 음수; 배당감안점수<1; fs=2025:CFS,2024:CFS,2022:CFS,2020:CFS
58	121600	나노신소재	직접추가	메인	41050.0	250.0	136.0	55326376541.0	186859366032.0	162519871152.0							판정불가	일반	일반	6524.005023015364	6524.005023015364	253.86761012488702	253.86761012488702	N	N	-187.74193548387098	-57.81026287933078	-2.7067161445867516			3.086567710826497			419.7732086724036			-98.9774099666933	3년				0.6090133982947624	-0.7371279935771188	-0.22531921048493178	-0.008262979059282317	380.8349060300506	0.9277342412425106	3년	-0.22531921048493178	불리(<1)	3년	-57.81026287933078		판정불가	Y	통과	보류	배당감안점수 또는 린치PER배수 미산출	12211191.0	배당감안점수<1; fs=2025:CFS,2024:CFS,2022:CFS,2020:CFS
59	035760	CJ ENM	직접추가	메인	30300.0		1422.0	782050698548.0	81389268242.0	1910894083697.0	762511078000.0						판정불가	일반	일반	-47765.368281284354	-82536.93666919389	54.89828993057971	79.35086966891272	Y	Y	-105.85594860602068		-13.10324877931166										5년					-1.9282194170324474		-0.2386822758209965	9453.190478574777	31.19864844414118	5년	-0.2386822758209965	불리(<1)	5년	-13.10324877931166		판정불가	N	주당순현금<=0	제외	하드필터 미통과	21929154.0	주당순현금 음수(린치식); 주당순현금 음수(보수형); 단기위험부채 존재; 배당감안점수<1; fs=2025:CFS,2024:CFS,2022:CFS,2020:CFS
60	098460	고영	직접추가	메인	25800.0	140.0	224.0	38350539836.0	108302448348.0	130000000.0							판정불가	일반	일반	2134.20014657397	2134.20014657397	105.65089220279478	105.65089220279478	N	N	-29.780564263322884	-27.342844665373022	-19.8684275951016										3년				0.5426356589147286	-0.2767409531032311	-0.25366760703748553	-0.1829212374192865	67.09347125337494	0.260052214160368	3년	-0.25366760703748553	불리(<1)	3년	-27.342844665373022		판정불가	Y	통과	보류	배당감안점수 또는 린치PER배수 미산출	68654755.0	1년 점수 과열 가능; 배당감안점수<1; fs=2025:CFS,2024:CFS,2022:CFS,2020:CFS
61	064760	티씨케이	직접추가	메인	184200.0	1430.0	6138.0		241389914654.0	398463656.0							판정불가	일반	일반	21556.71199622592	21556.71199622592	26.49776604818737	26.49776604818737	N	N	-0.470244851629642	-8.665299530826331	3.4401484284882766	7.559510296740716		15.380296856976553	46400.27420139452		94404.26210812209	-74.80984028154478		-48.749043372355004	3년				0.7763300760043431	0.01155135960586532	-0.29772205854922057	0.15912581071267537	4430.712212963539	2.4053812231072413	3년	-0.29772205854922057	불리(<1)	3년	-8.665299530826331		판정불가	Y	통과	보류	배당감안점수 또는 린치PER배수 미산출	11179416.0	1년 점수 과열 가능; 배당감안점수<1; fs=2025:OFS,2024:OFS,2022:OFS,2020:OFS
62	232140	와이씨	직접추가	메인	9080.0		239.0	98230426967.0	77544881215.0	55770820557.0	36000000000.0						판정불가	일반	일반	1462.6604387085922	1023.8787161612449	31.871713645570747	33.70762043447178	N	N	74.45255474452554	-9.552105918335052	-1.8208377671248166	157.40510948905109		4.858324465750367	37619.82116788321		1161.1395473143377	314.31521110003536		-87.21211952296986	3년					2.3360072687799236	-0.29970481112371944	-0.057130212305915994	299.2052095944499	3.295211559410241	3년	-0.29970481112371944	불리(<1)	3년	-9.552105918335052		판정불가	Y	통과	보류	배당감안점수 또는 린치PER배수 미산출	82045350.0	단기위험부채 존재; 1년 점수 과열 가능; 배당감안점수<1; fs=2025:CFS,2024:CFS,2022:CFS,2020:CFS
63	281740	레이크머티리얼즈	직접추가	메인	11720.0	30.0	117.0	20647038915.0	3286586226.0	90035420000.0	95092000000.0						판정불가	일반	일반	-1005.6480110130833	-2452.342172151067	108.76622231635113	121.13112967650486	Y	Y	-63.09148264984228	-34.216847834954876	30.426197716815206			69.35239543363042			8114.230265734759			-30.76595336403789	3년				0.25597269624573377	-0.5777116150162577	-0.31223733265215836	0.2820928203594362	27.58486840852141	0.2353657714037663	3년	-0.31223733265215836	불리(<1)	3년	-34.216847834954876		판정불가	N	주당순현금<=0	제외	하드필터 미통과	65730548.0	주당순현금 음수(린치식); 주당순현금 음수(보수형); 단기위험부채 존재; 1년 점수 과열 가능; 배당감안점수<1; fs=2025:CFS,2024:CFS,2022:CFS,2020:CFS
64	189300	인텔리안테크	직접추가	메인	60900.0	200.0	724.0	32845847951.0	48243824430.0	60518508468.0	64253742340.0						판정불가	일반	일반	1916.567947387084	-4069.8051907263857	81.46882880195155	89.73729998719114	N	Y	-351.38888888888886	-26.087239007011586	55.747934193089876			119.99586838617975			86877.00871159414			42.65518671854538	3년				0.3284072249589491	-4.309138683180879	-0.3161802147011545	0.6883165284524815	-4643.386088236889	-7.624607698254334	3년	-0.3161802147011545	불리(<1)	3년	-26.087239007011586		판정불가	N	주당FCF<=0	제외	하드필터 미통과	10733334.0	주당순현금 음수(보수형); 단기위험부채 존재; 주당FCF 음수; 배당감안점수<1; fs=2025:CFS,2024:CFS,2022:CFS,2020:CFS
65	025320	시노펙스	직접추가	메인	3545.0		80.0	51153755987.0	873251756.0	4835094728.0	39766351933.0						판정불가	일반	일반	537.9004402147384	84.63764911542502	37.58874449731577	43.254529386057186	N	N	-75.0778816199377	-11.901595799169328											3년					-1.9973500744431365	-0.31662658485492184		35.1831998104807	0.992473901565041	3년	-0.31662658485492184	불리(<1)	3년	-11.901595799169328		판정불가	Y	통과	보류	배당감안점수 또는 린치PER배수 미산출	87733546.0	단기위험부채 존재; 배당감안점수<1; fs=2025:CFS,2024:CFS,2022:CFS,2020:CFS
66	352480	씨앤씨인터내셔널	직접추가	메인	18130.0	1000.0	1329.0	164641270468.0	25760036032.0	18966369281.0	11979980000.0						판정불가	일반	일반	12577.856377606851	11698.907953843538	4.177685193674303	4.83904593390253	N	N	-59.04468412942989	-6.882412289189677											3년				5.515719801434087	-12.813067966214254	-0.32714108995694213		590.1386574267855	3.255039478360648	3년	-0.32714108995694213	불리(<1)	3년	-6.882412289189677		판정불가	Y	통과	보류	배당감안점수 또는 린치PER배수 미산출	13629901.0	단기위험부채 존재; 배당감안점수<1; fs=2025:CFS,2024:CFS,2022:CFS,2020:NA
67	214370	케어젠	직접추가	메인	56700.0	437.0	411.0	8858967118.0	20193560836.0								판정불가	일반	일반	540.864338713581	540.864338713581	136.6402327525217	136.6402327525217	N	N	-37.537993920972646	-47.1104514333951	-33.636607256804616										3년				0.7707231040564374	-0.2690808561743881	-0.33913677835478845	-0.24052860194020445	254.4480822302895	0.44876204978887035	3년	-0.33913677835478845	불리(<1)	3년	-47.1104514333951		판정불가	Y	통과	보류	배당감안점수 또는 린치PER배수 미산출	53715000.0	1년 점수 과열 가능; 배당감안점수<1; fs=2025:CFS,2024:CFS,2022:CFS,2020:CFS
68	253590	네오셈	직접추가	메인	9040.0	100.0	126.0	20350778893.0	50006325842.0	135000000.0							판정불가	일반	일반	1600.7167297512212	1600.7167297512212	59.04193071626015	59.04193071626015	N	N	-72.18543046357617	-22.719611022557274	-10.629198197224387										3년				1.1061946902654867	-1.2038772260835886	-0.36606892881196806	-0.16129221032293015	-294.4086373061497	-3.256732713563603	3년	-0.36606892881196806	불리(<1)	3년	-22.719611022557274		판정불가	N	주당FCF<=0	제외	하드필터 미통과	43869164.0	주당FCF 음수; 배당감안점수<1; fs=2025:CFS,2024:CFS,2022:CFS,2020:CFS
69	319660	피에스케이	직접추가	메인	143900.0	680.0	2712.0	119421667338.0	115144176211.0								판정불가	일반	일반	8097.771930533784	8097.771930533784	50.074567872222055	50.074567872222055	N	N		-19.083916873719463	11.552165792511992			31.604331585023985			85710.94725858505			-40.43714575497912	3년				0.472550382209868		-0.37167303248629546	0.24013619459295124	1491.2849040799035	1.0363341932452423	3년	-0.37167303248629546	불리(<1)	3년	-19.083916873719463		판정불가	Y	통과	보류	배당감안점수 또는 린치PER배수 미산출	28966714.0	배당감안점수<1; fs=2025:CFS,2024:CFS,2022:CFS,2020:CFS
70	074600	원익QnC	직접추가	메인	25850.0	130.0	856.0	60554080902.0		563442812278.0	193450864716.0						판정불가	일반	일반	-19129.973043822276	-26488.876905508216	52.54669748110079	61.14354778680866	Y	Y	-55.73940020682524	-25.232199628488928	-2.709047471928838			3.0819050561423236			2638.110728057829			-89.79454263807416	3년				0.5029013539651838	-1.0511887806598443	-0.47061565160052177	-0.04198448663224036	-169.76250703743153	-0.6567214972434489	3년	-0.47061565160052177	불리(<1)	3년	-25.232199628488928		판정불가	N	주당순현금<=0 / 주당FCF<=0	제외	하드필터 미통과	26288000.0	주당순현금 음수(린치식); 주당순현금 음수(보수형); 단기위험부채 존재; 주당FCF 음수; 1년 점수 과열 가능; 배당감안점수<1; fs=2025:CFS,2024:CFS,2022:CFS,2020:CFS
71	108490	로보티즈	직접추가	메인	191400.0		385.0	31037776879.0	141412477725.0	19661443.0							판정불가	일반	일반	11834.560859275523	11834.560859275523	466.4037380278558	466.4037380278558	N	N	-257.78688524590166												1년					-0.552711876486945			318.09461082184265	0.16619363156836084	1년	-0.552711876486945	불리(<1)	1년	-257.78688524590166		판정불가	Y	통과	보류	배당감안점수 또는 린치PER배수 미산출	14570088.0	배당감안점수<1; fs=2025:CFS,2024:CFS,2022:CFS,2020:CFS
72	078340	컴투스	직접추가	메인	26000.0	1300.0	3192.0	108935942067.0	773963846697.0	700607322.0	202088628300.0						판정불가	일반	일반	69258.60808611878	53393.2826578938	-13.552195515701372	-8.581855469264974	N	N	-133.82072472981562	4.377483829565754	-13.665781011212907		17.25496765913151			55077.85676794778			111.837910645953		3년	17.25496765913151	55077.85676794778	111.837910645953	5.0	9.50552436913752	-0.6919531096419869	0.6394374255575683	-4371.490479523275	-16.813424921243367	3년	-0.6919531096419869	불리(<1)	3년	4.377483829565754		판정불가	N	주당FCF<=0 / 순현금차감PER<=0	제외	하드필터 미통과	12737755.0	단기위험부채 존재; 주당FCF 음수; 1년 점수 과열 가능; 배당감안점수<1; fs=2025:CFS,2024:CFS,2022:CFS,2020:CFS
73	036830	솔브레인홀딩스	직접추가	메인	30950.0	500.0	2086.0	217639195435.0		217106724708.0	12282000000.0						판정불가	일반	일반	25.399222698126735	-560.4606891433605	14.824832587393036	15.105685852897105	N	Y	-26.704146170063247	-12.436250420496087	-12.844437276389565										3년				1.615508885298869	-1.6923386579150734	-0.7299064911126971	-0.7574404854082278	577.2028107060962	1.8649525386303594	3년	-0.7299064911126971	불리(<1)	3년	-12.436250420496087		판정불가	Y	통과	보류	배당감안점수 또는 린치PER배수 미산출	20964056.0	주당순현금 음수(보수형); 단기위험부채 존재; 1년 점수 과열 가능; 배당감안점수<1; fs=2025:CFS,2024:CFS,2022:CFS,2020:CFS
74	166090	하나머티리얼즈	직접추가	메인	54700.0	300.0	1984.0	39497059469.0	55344267.0	56151879176.0	134988900000.0						판정불가	일반	일반	-839.3037239869562	-7664.6209984045645	27.993600667332135	31.43378074516359	Y	Y	21.94222495390288	-21.522919973241073	0.24370719678912245	52.38444990780576		8.987414393578245	103930.74861708663		17831.030156859237	90.00136858699568		-67.40213865290816	3년				0.5484460694698354	0.8034218709713464	-0.7492595951848362	0.028297655441780374	2438.2221598454903	4.457444533538373	3년	-0.7492595951848362	불리(<1)	3년	-21.522919973241073		판정불가	N	주당순현금<=0	제외	하드필터 미통과	19777674.0	주당순현금 음수(린치식); 주당순현금 음수(보수형); 단기위험부채 존재; 1년 점수 과열 가능; 배당감안점수<1; fs=2025:CFS,2024:CFS,2022:OFS,2020:OFS
75	253450	스튜디오드래곤	직접추가	메인	20550.0		343.0	62972674448.0	6628164657.0	6213298151.0	22800000000.0						판정불가	일반	일반	2108.8060006857295	1350.2850659404205	53.764413992169885	55.975845288803434	N	N	-69.21005385996409	-41.162978736310784	-19.957853937370917										3년					-1.2872837016328993	-0.7656175466230444	-0.37120936425118534	-360.95876723447725	-1.756490351505972	3년	-0.7656175466230444	불리(<1)	3년	-41.162978736310784		판정불가	N	주당FCF<=0	제외	하드필터 미통과	30058498.0	단기위험부채 존재; 주당FCF 음수; 1년 점수 과열 가능; 배당감안점수<1; fs=2025:CFS,2024:CFS,2022:CFS,2020:CFS
76	357780	솔브레인	반도체소부장	메인	277500.0	2350.0	10285.0	247656558659.0		99650539681.0	1560306430.0						판정불가	일반	일반	19027.41700436816	18826.826506068086	25.131024112360898	25.150527320751767	N	N	-32.76019874476987	-21.134087314054618	4.778772474637316			18.057544949274632			185721.8498032896			-33.07320727809384	3년				0.8468468468468469	-1.269878686807124	-0.8072588039589412	0.22385157470431763	3455.404304083812	1.2451907402103826	3년	-0.8072588039589412	불리(<1)	3년	-21.134087314054618		판정불가	Y	통과	보류	배당감안점수 또는 린치PER배수 미산출	7778566.0	단기위험부채 존재; 1년 점수 과열 가능; 배당감안점수<1; fs=2025:CFS,2024:CFS,2022:CFS,2020:CFS
77	086900	메디톡스	직접추가	메인	71000.0	1200.0	2371.0	48894962765.0	50000000.0	21494864245.0	56620000000.0						판정불가	일반	일반	3546.9221251168738	-3769.143810959679	28.44921040695197	31.53485609909729	N	Y	-0.25241901556584123	-25.637787081100825		7.9951619688683175			18956.529028186782			-73.30066334058199			3년				1.6901408450704223	0.05053644051763395	-0.8417683968542921		3512.714172726347	4.947484750318798	3년	-0.8417683968542921	불리(<1)	3년	-25.637787081100825		판정불가	Y	통과	보류	배당감안점수 또는 린치PER배수 미산출	7739132.0	주당순현금 음수(보수형); 단기위험부채 존재; 1년 점수 과열 가능; 배당감안점수<1; fs=2025:CFS,2024:CFS,2022:CFS,2020:CFS
78	030520	한컴	직접추가	메인	16440.0	400.0	1427.0	132320127435.0	31305706152.0	47868725738.0	2260000000.0						판정불가	일반	일반	4787.35870193663	4693.892038269719	8.16583132309977	8.231330036251073	N	N	147.31369150779895	-10.175925258509299	-2.2136541917331276	303.1273830155979		4.072691616533745	432562.7755632582		5811.730936793654	2531.160435299624		-64.64883858398021	3년				2.4330900243309004	18.338216356309157	-0.9481992619998425	0.026872442488130453	2217.696290291576	13.489636802260197	3년	-0.9481992619998425	불리(<1)	3년	-10.175925258509299		판정불가	Y	통과	보류	배당감안점수 또는 린치PER배수 미산출	24179744.0	단기위험부채 존재; 1년 점수 과열 가능; 배당감안점수<1; fs=2025:CFS,2024:CFS,2022:CFS,2020:CFS
79	403870	HPSP	직접추가	메인	35650.0	500.0	901.0	93941091316.0	147470398393.0								판정불가	일반	일반	2887.332253370172	2887.332253370172	36.36256131701424	36.36256131701424	N	N	-14.678030303030297	-37.06790883569025											3년				1.402524544179523	-0.36508720172687875	-0.9808270649741799		1169.4210399934132	3.2802834221414114	3년	-0.9808270649741799	불리(<1)	3년	-37.06790883569025		판정불가	Y	통과	보류	배당감안점수 또는 린치PER배수 미산출	83610568.0	1년 점수 과열 가능; 배당감안점수<1; fs=2025:OFS,2024:OFS,2022:OFS,2020:NA
80	058470	리노공업	반도체소부장	메인	69800.0	800.0	2002.0	85202812409.0									판정불가	일반	일반	1117.9732864246178	1117.9732864246178	34.306706650137556	34.306706650137556	N	N	-73.17432667827951	-35.70959636196842	-11.30853089688001										3년				1.146131805157593	-2.099536851720307	-1.0074841898784312	-0.296221936875473	1564.4878741822959	2.24138663922965	3년	-1.0074841898784312	불리(<1)	3년	-35.70959636196842		판정불가	Y	통과	보류	배당감안점수 또는 린치PER배수 미산출	76211850.0	1년 점수 과열 가능; 배당감안점수<1; fs=2025:OFS,2024:OFS,2022:OFS,2020:OFS
81	383310	에코프로에이치엔	직접추가	메인	25400.0	200.0	631.0	153375117206.0	9492190090.0	49142967004.0	61000000000.0						판정불가	일반	일반	5421.9169955831085	2513.683490940519	31.660987328711396	36.269915228303454	N	N	-54.506128334534964	-33.190549672222645											3년				0.7874015748031495	-1.6966851413069364	-1.0234408599139004		-1922.0391766705131	-7.567083372718556	3년	-1.0234408599139004	불리(<1)	3년	-33.190549672222645		판정불가	N	주당FCF<=0	제외	하드필터 미통과	20974932.0	단기위험부채 존재; 주당FCF 음수; 1년 점수 과열 가능; 배당감안점수<1; fs=2025:CFS,2024:CFS,2022:CFS,2020:NA
82	272290	이녹스첨단소재	직접추가	메인	20150.0	350.0	3080.0	209218704252.0	106950000.0	281909031752.0	277877019555.0						판정불가	일반	일반	-3642.343596021168	-17586.632461024772	7.724786881825055	12.252153396436613	Y	Y	-15.19823788546255	-10.637270210739235	2.0780661777052734			12.656132355410547			38980.88765466448			93.45353674771455	3년				1.7369727047146404	-1.742606674679879	-1.152173858280193	0.49386979094477934	-8357.984391793556	-41.478830728504	3년	-1.152173858280193	불리(<1)	3년	-10.637270210739235		판정불가	N	주당순현금<=0 / 주당FCF<=0	제외	하드필터 미통과	19927658.0	주당순현금 음수(린치식); 주당순현금 음수(보수형); 단기위험부채 존재; 주당FCF 음수; 1년 점수 과열 가능; 배당감안점수<1; fs=2025:CFS,2024:CFS,2022:CFS,2020:CFS
83	211050	인카금융서비스	직접추가	메인	9630.0	370.0	1480.0	42636817000.0	61085764000.0	7387057000.0	31528770000.0						판정불가	일반	일반	1955.508987081491	1315.5083878567928	5.185466900620614	5.617899737934599	N	N	17.460317460317466	-10.320167936402525		43.42063492063493			64262.5396825397			567.3160922382108			3년				3.8421599169262723	4.1081117256180315	-1.2492622445822463		1093.8184714951226	11.358447263708438	3년	-1.2492622445822463	불리(<1)	3년	-10.320167936402525		판정불가	Y	통과	보류	배당감안점수 또는 린치PER배수 미산출	49263657.0	단기위험부채 존재; 1년 점수 과열 가능; 배당감안점수<1; fs=2025:CFS,2024:CFS,2022:CFS,2020:NA
84	096530	씨젠	직접추가	메인	27400.0	1000.0	1047.0	225571649515.0	360333985428.0	622000000.0	35000000000.0						판정불가	일반	일반	11206.749553546075	10536.585190566215	15.466332804636032	16.10641338054803	N	N	-337.4149659863946	-33.6594910792955	-44.18255789740394										3년				3.64963503649635	-21.580120844797293	-1.9403343004363451	-2.620719686618786	2084.5609410899865	7.607886646313819	3년	-1.9403343004363451	불리(<1)	3년	-33.6594910792955		판정불가	Y	통과	보류	배당감안점수 또는 린치PER배수 미산출	52225994.0	단기위험부채 존재; 배당감안점수<1; fs=2025:CFS,2024:CFS,2022:CFS,2020:CFS
85	194480	데브시스터즈	직접추가	메인	17140.0		953.0	12035223609.0	112681173019.0	79632914264.0							판정불가	일반	일반	3716.953155332402	3716.953155332402	14.085043908360545	14.085043908360545	N	N	-63.275529865125236												1년					-4.492391381724156			367.56073533594684	2.1444616997429806	1년	-4.492391381724156	불리(<1)	1년	-63.275529865125236		판정불가	Y	통과	보류	배당감안점수 또는 린치PER배수 미산출	12129150.0	배당감안점수<1; fs=2025:CFS,2024:CFS,2022:CFS,2020:CFS
86	215000	골프존	직접추가	메인	39400.0	4000.0	4269.0	90091026465.0	73299594130.0	56440641971.0	1554856235.0						판정불가	일반	일반	17042.69416827413	16794.92470043814	5.237129499115921	5.295168727936721	N	N	-47.87545787545787	-38.43313022210878	-6.892422764340401										3년				10.152284263959391	-7.203024790176856	-5.400066193307511	0.622451955822228	10188.638934795548	25.859489682222204	3년	-5.400066193307511	불리(<1)	3년	-38.43313022210878		판정불가	Y	통과	보류	배당감안점수 또는 린치PER배수 미산출	6275415.0	단기위험부채 존재; 1년 점수 과열 가능; 배당감안점수<1; fs=2025:CFS,2024:CFS,2022:CFS,2020:CFS
87	069080	웹젠	직접추가	메인	11770.0	700.0	824.0	76341719302.0	213754694539.0	2319695757.0							판정불가	일반	일반	8317.033694399253	8317.033694399253	4.190493089321294	4.190493089321294	N	N	-57.34989648033127	-30.371590084613665	-21.712609701138675										3년				5.9473237043330505	-12.26647358206801	-5.828494609028563	-3.762155350400308	252.97191620884598	2.149294105427748	3년	-5.828494609028563	불리(<1)	3년	-30.371590084613665		판정불가	Y	통과	보류	배당감안점수 또는 린치PER배수 미산출	34600884.0	1년 점수 과열 가능; 배당감안점수<1; fs=2025:CFS,2024:CFS,2022:CFS,2020:CFS
88	015750	성우하이텍	직접추가	메인	5690.0	200.0	2110.0	393080902555.0	91530269981.0	2365979543.0	1905976554324.0						판정불가	일반	일반	6028.0649124125	-17796.6420166375	-0.16022033763625604	11.131109960491706	N	Y	20.84765177548682	63.02385728102815		50.19530355097364	134.54771456205629		105912.09049255439	283895.6777259388		1761.3724163893564	4889.379221896991		3년	134.54771456205629	283895.6777259388	4889.379221896991	3.5149384885764503	-152.05679018960134	-415.2955657893186		791.4473300375	13.909443410149386	3년	-415.2955657893186	불리(<1)	3년	63.02385728102815		판정불가	N	순현금차감PER<=0	제외	하드필터 미통과	80000000.0	주당순현금 음수(보수형); 단기위험부채 존재; 1년 점수 과열 가능; 배당감안점수<1; fs=2025:CFS,2024:CFS,2022:CFS,2020:CFS
89	005290	동진쎄미켐	직접추가	메인	41250.0	650.0											판정불가	일반	일반	0.0	0.0			N	N													판정불가				1.575757575757576						판정불가		판정불가	판정불가			판정불가	N	주당순현금<=0 / 주당FCF<=0 / 순현금차감PER<=0	제외	하드필터 미통과	51414494.0	EPS 미추출; fs=2025:NA,2024:CFS,2022:CFS,2020:CFS
90	007390	네이처셀	직접추가	메인	24100.0		-44.07	16767416009.0	706238683.0	1987274527.0	5000000000.0						판정불가	일반	일반	240.34091263923168	162.74340112314016			N	N	-331.94736842105266												1년								-255.0436391643704	-1.0582723616778855	판정불가		판정불가	1년	-331.94736842105266		판정불가	N	주당FCF<=0 / 순현금차감PER<=0	제외	하드필터 미통과	64435056.0	단기위험부채 존재; 주당FCF 음수; fs=2025:CFS,2024:CFS,2022:CFS,2020:OFS
91	025900	동화기업	직접추가	메인	5850.0		-1001.0	47003095054.0	8175540000.0	332495112984.0	672096955800.0						판정불가	일반	일반	-5485.193240301571	-18778.96397581476			Y	Y	273.5074626865672			555.5149253731344									1년	555.5149253731344							-787.0734383185331	-13.454246808863815	판정불가		판정불가	1년	273.5074626865672		판정불가	N	주당순현금<=0 / 주당FCF<=0 / 순현금차감PER<=0	제외	하드필터 미통과	50557285.0	주당순현금 음수(린치식); 주당순현금 음수(보수형); 단기위험부채 존재; 주당FCF 음수; fs=2025:CFS,2024:CFS,2022:CFS,2020:CFS
92	025980	아난티	직접추가	메인	3650.0		-444.0	100300596867.0	16021422775.0	495891642685.0	115500000000.0						판정불가	일반	일반	-4008.146597919973	-5227.793545292556			Y	Y	29.824561403508774			68.14912280701755									1년	68.14912280701755							167.32741575418066	4.584312760388511	판정불가		판정불가	1년	29.824561403508774		판정불가	N	주당순현금<=0 / 순현금차감PER<=0	제외	하드필터 미통과	94699536.0	주당순현금 음수(린치식); 주당순현금 음수(보수형); 단기위험부채 존재; fs=2025:CFS,2024:CFS,2022:CFS,2020:CFS
93	028300	HLB	직접추가	메인	31300.0		-1680.0	40983350542.0	17820367452.0	17093527411.0							판정불가	일반	일반	314.23834862301965	314.23834862301965			N	N	138.63636363636363			285.77272727272725									1년	285.77272727272725							-829.6365716076274	-2.6505960754237297	판정불가		판정불가	1년	138.63636363636363		판정불가	N	주당FCF<=0 / 순현금차감PER<=0	제외	하드필터 미통과	132734247.0	주당FCF 음수; fs=2025:CFS,2024:CFS,2022:CFS,2020:CFS
94	032500	케이엠더블유	직접추가	메인	15290.0		-673.0	41508194512.0	3635876634.0	15614128878.0	55329519995.0						판정불가	일반	일반	721.4723583560454	-630.3324950099693			N	Y	-30.54695562435501												1년								-606.4922358257096	-3.966594086499082	판정불가		판정불가	1년	-30.54695562435501		판정불가	N	주당FCF<=0 / 순현금차감PER<=0	제외	하드필터 미통과	40930109.0	주당순현금 음수(보수형); 단기위험부채 존재; 주당FCF 음수; fs=2025:CFS,2024:CFS,2022:CFS,2020:CFS
95	033100	제룡전기	직접추가	메인	44800.0	1100.0											판정불가	일반	일반	0.0	0.0			N	N													판정불가				2.455357142857143						판정불가		판정불가	판정불가			판정불가	N	주당순현금<=0 / 주당FCF<=0 / 순현금차감PER<=0	제외	하드필터 미통과	16062409.0	EPS 미추출; fs=2025:NA,2024:OFS,2022:OFS,2020:OFS
96	036540	SFA반도체	직접추가	메인	5100.0		-116.0	22630474416.0	25249450000.0	32013660425.0							판정불가	일반	일반	96.47473403353756	96.47473403353756			N	N	-307.14285714285717												1년								-100.9581064191521	-1.9795707141010217	판정불가		판정불가	1년	-307.14285714285717		판정불가	N	주당FCF<=0 / 순현금차감PER<=0	제외	하드필터 미통과	164460303.0	주당FCF 음수; fs=2025:CFS,2024:CFS,2022:CFS,2020:CFS
97	036810	에프에스티	직접추가	메인	19400.0	0.0											판정불가	일반	일반	0.0	0.0			N	N													판정불가				0.0						판정불가		판정불가	판정불가			판정불가	N	주당순현금<=0 / 주당FCF<=0 / 순현금차감PER<=0	제외	하드필터 미통과	21956348.0	EPS 미추출; fs=2025:NA,2024:CFS,2022:CFS,2020:CFS
98	046890	서울반도체	직접추가	메인	8760.0	136.0	-912.0	58026419941.0	3744425572.0	52972809407.0	85690044564.0						판정불가	일반	일반	150.89573360271947	-1318.78022375286			N	Y	924.7191011235955			1857.938202247191									1년	1857.938202247191			1.552511415525114				1489.4162315840385	17.002468397078065	판정불가		판정불가	1년	924.7191011235955		판정불가	N	순현금차감PER<=0	제외	하드필터 미통과	58305400.0	주당순현금 음수(보수형); 단기위험부채 존재; fs=2025:CFS,2024:CFS,2022:CFS,2020:CFS
99	048410	현대바이오	직접추가	메인	6210.0		-235.36	22337858879.0	19621590869.0		0.0						판정불가	일반	일반	436.89119463195703	436.89119463195703			N	N	35.26436781609197			79.02873563218394									1년	79.02873563218394							-379.6927400975584	-6.114214816385803	판정불가		판정불가	1년	35.26436781609197		판정불가	N	주당FCF<=0 / 순현금차감PER<=0	제외	하드필터 미통과	96040960.0	주당FCF 음수; fs=2025:CFS,2024:CFS,2022:CFS,2020:CFS
100	053030	바이넥스	직접추가	메인	6600.0		-101.0	18364018872.0	1250000000.0								판정불가	일반	일반	600.107271197926	600.107271197926			N	N	-91.03019538188278												1년										판정불가		판정불가	1년	-91.03019538188278		판정불가	N	주당FCF<=0 / 순현금차감PER<=0	제외	하드필터 미통과	32684188.0	fs=2025:CFS,2024:CFS,2022:CFS,2020:CFS
101	056080	유진로봇	직접추가	메인	11690.0		-186.0	5279987409.0	8000000000.0	4928887046.0	4187000000.0						판정불가	일반	일반	222.6238676736008	111.00670425413077			N	N	118.82352941176472			246.14705882352945									1년	246.14705882352945							-147.16306462503138	-1.2588799369121588	판정불가		판정불가	1년	118.82352941176472		판정불가	N	주당FCF<=0 / 순현금차감PER<=0	제외	하드필터 미통과	37512152.0	단기위험부채 존재; 주당FCF 음수; fs=2025:OFS,2024:OFS,2022:CFS,2020:CFS
102	056190	SFA	직접추가	메인	20200.0	950.0											판정불가	일반	일반	0.0	0.0			N	N													판정불가				4.702970297029703						판정불가		판정불가	판정불가			판정불가	N	주당순현금<=0 / 주당FCF<=0 / 순현금차감PER<=0	제외	하드필터 미통과	35908760.0	EPS 미추출; fs=2025:NA,2024:CFS,2022:CFS,2020:CFS
103	060250	NHN KCP	직접추가	메인	12470.0	250.0											판정불가	일반	일반	0.0	0.0			N	N													판정불가				2.0048115477145148						판정불가		판정불가	판정불가			판정불가	N	주당순현금<=0 / 주당FCF<=0 / 순현금차감PER<=0	제외	하드필터 미통과	40160611.0	EPS 미추출; fs=2025:NA,2024:CFS,2022:CFS,2020:CFS
104	067160	SOOP	직접추가	메인	47450.0	3380.0											판정불가	일반	일반	0.0	0.0			N	N													판정불가				7.123287671232877						판정불가		판정불가	판정불가			판정불가	N	주당순현금<=0 / 주당FCF<=0 / 순현금차감PER<=0	제외	하드필터 미통과	11494767.0	EPS 미추출; fs=2025:NA,2024:CFS,2022:CFS,2020:CFS
105	079370	제우스	직접추가	메인	8830.0	50.0	-192.0	51037898024.0	65791769419.0	8302109795.0	32588150000.0						판정불가	일반	일반	3498.9712943776944	2448.316475841144			N	N	-114.13843888070691												1년				0.5662514156285391				480.0699799690428	5.436806115164697	판정불가		판정불가	1년	-114.13843888070691		판정불가	N	순현금차감PER<=0	제외	하드필터 미통과	31016990.0	단기위험부채 존재; fs=2025:CFS,2024:CFS,2022:CFS,2020:CFS
106	082270	젬백스	직접추가	메인	10110.0		-275.0	17577870390.0	7201968045.0	70254205068.0	28370000000.0						판정불가	일반	일반	-1065.4627968128407	-1730.170890265316			Y	Y	-87.51135331516802												1년								-23.58019853099277	-0.23323638507411248	판정불가		판정불가	1년	-87.51135331516802		판정불가	N	주당순현금<=0 / 주당FCF<=0 / 순현금차감PER<=0	제외	하드필터 미통과	42680389.0	주당순현금 음수(린치식); 주당순현금 음수(보수형); 단기위험부채 존재; 주당FCF 음수; fs=2025:CFS,2024:CFS,2022:CFS,2020:CFS
107	085660	차바이오텍	직접추가	메인	8880.0		-1637.0	237558379314.0	99903314337.0	180527446040.0	452876679529.0						판정불가	일반	일반	1978.9350269900492	-3731.823062272725			N	Y	1036.8055555555554			2082.111111111111									1년	2082.111111111111							-2832.0564640718517	-31.892527748556887	판정불가		판정불가	1년	1036.8055555555554		판정불가	N	주당FCF<=0 / 순현금차감PER<=0	제외	하드필터 미통과	79302375.0	주당순현금 음수(보수형); 단기위험부채 존재; 주당FCF 음수; fs=2025:CFS,2024:CFS,2022:CFS,2020:CFS
108	086450	동국제약	직접추가	메인	18230.0	200.0											판정불가	일반	일반	0.0	0.0			N	N													판정불가				1.0970927043335161						판정불가		판정불가	판정불가			판정불가	N	주당순현금<=0 / 주당FCF<=0 / 순현금차감PER<=0	제외	하드필터 미통과	45230420.0	EPS 미추출; fs=2025:NA,2024:CFS,2022:CFS,2020:CFS
109	086520	에코프로	직접추가	메인	78100.0	150.0		1186767418765.0	423610001201.0	485092134487.0							판정불가	일반	일반	8287.79773843495	8287.79773843495			N	N													판정불가				0.19206145966709345				-3483.5949425198028	-4.460428863661719	판정불가		판정불가	판정불가			판정불가	N	주당FCF<=0 / 순현금차감PER<=0	제외	하드필터 미통과	135776152.0	주당FCF 음수; EPS 미추출; fs=2025:CFS,2024:CFS,2022:CFS,2020:CFS
110	087010	펩트론	직접추가	메인	113300.0		-595.0	4377757821.0	133067915184.0	20034400151.0	3490000000.0						판정불가	일반	일반	5035.360915970296	4885.686960739536			N	N	-43.92082940622055												1년								-1011.3816438403163	-0.8926581145986904	판정불가		판정불가	1년	-43.92082940622055		판정불가	N	주당FCF<=0 / 순현금차감PER<=0	제외	하드필터 미통과	23317350.0	단기위험부채 존재; 주당FCF 음수; fs=2025:OFS,2024:OFS,2022:OFS,2020:OFS
111	095610	테스	직접추가	메인	136100.0	850.0											판정불가	일반	일반	0.0	0.0			N	N													판정불가				0.6245407788390889						판정불가		판정불가	판정불가			판정불가	N	주당순현금<=0 / 주당FCF<=0 / 순현금차감PER<=0	제외	하드필터 미통과	19360000.0	EPS 미추출; fs=2025:NA,2024:CFS,2022:CFS,2020:CFS
112	101730	위메이드맥스	직접추가	메인	3645.0												판정불가	일반	일반	0.0	0.0			N	N													판정불가										판정불가		판정불가	판정불가			판정불가	N	주당순현금<=0 / 주당FCF<=0 / 순현금차감PER<=0	제외	하드필터 미통과	83803286.0	EPS 미추출; fs=2025:NA,2024:CFS,2022:CFS,2020:CFS
113	108860	셀바스AI	직접추가	메인	6850.0		-223.0	44225022689.0	3028278620.0	1233866983.0	11020289931.0						판정불가	일반	일반	1709.8195574254898	1300.3684738019506			N	N	3.240740740740744			14.981481481481488									1년	14.981481481481488							268.77394321114895	3.9237072001627586	판정불가		판정불가	1년	3.240740740740744		판정불가	N	순현금차감PER<=0	제외	하드필터 미통과	26914790.0	단기위험부채 존재; fs=2025:CFS,2024:CFS,2022:CFS,2020:CFS
114	112040	위메이드	직접추가	메인	15710.0	295.0		296472812229.0	313121139570.0	4174361195.0							판정불가	일반	일반	17833.479940885725	17833.479940885725			N	N													판정불가				1.877784850413749				1630.3323190317517	10.37767230446691	판정불가		판정불가	판정불가			판정불가	N	순현금차감PER<=0	제외	하드필터 미통과	33948483.0	EPS 미추출; fs=2025:CFS,2024:CFS,2022:CFS,2020:CFS
115	141080	리가켐바이오	직접추가	메인	96100.0		-2042.0	98649999024.0	4839923273.0	59784887707.0	0.0						판정불가	일반	일반	1193.789431553459	1193.789431553459			N	N	-999.5594713656387												1년								-3566.5843945499764	-3.71132611295523	판정불가		판정불가	1년	-999.5594713656387		판정불가	N	주당FCF<=0 / 순현금차감PER<=0	제외	하드필터 미통과	36610338.0	주당FCF 음수; fs=2025:CFS,2024:CFS,2022:CFS,2020:OFS
116	200130	콜마비앤에이치	직접추가	메인	8320.0	75.0	-800.0	83107448913.0	1401160966.0	97587149400.0	86424320000.0						판정불가	일반	일반	-444.6130010860239	-3382.6609551652905			Y	Y	-228.8244766505636												1년				0.9014423076923076				529.9576345959509	6.36968310812441	판정불가		판정불가	1년	-228.8244766505636		판정불가	N	주당순현금<=0 / 순현금차감PER<=0	제외	하드필터 미통과	29415558.0	주당순현금 음수(린치식); 주당순현금 음수(보수형); 단기위험부채 존재; fs=2025:CFS,2024:CFS,2022:CFS,2020:CFS
117	214450	파마리서치	직접추가	메인	357000.0	3700.0											판정불가	일반	일반	0.0	0.0			N	N													판정불가				1.0364145658263304						판정불가		판정불가	판정불가			판정불가	N	주당순현금<=0 / 주당FCF<=0 / 순현금차감PER<=0	제외	하드필터 미통과	10389648.0	EPS 미추출; fs=2025:NA,2024:CFS,2022:CFS,2020:CFS
118	218410	RFHIC	직접추가	메인	45050.0	400.0											판정불가	일반	일반	0.0	0.0			N	N													판정불가				0.8879023307436182						판정불가		판정불가	판정불가			판정불가	N	주당순현금<=0 / 주당FCF<=0 / 순현금차감PER<=0	제외	하드필터 미통과	26503442.0	EPS 미추출; fs=2025:NA,2024:CFS,2022:CFS,2020:CFS
119	222800	심텍	직접추가	메인	88500.0	100.0											판정불가	일반	일반	0.0	0.0			N	N													판정불가				0.11299435028248588						판정불가		판정불가	판정불가			판정불가	N	주당순현금<=0 / 주당FCF<=0 / 순현금차감PER<=0	제외	하드필터 미통과	37342218.0	EPS 미추출; fs=2025:NA,2024:CFS,2022:CFS,2020:CFS
120	225570	넥슨게임즈	직접추가	메인	8760.0		-974.0	56164399094.0	121000000000.0								판정불가	일반	일반	2690.0080630518833	2690.0080630518833			N	N	-297.9674796747967												1년								-712.3309354451447	-8.131631683163752	판정불가		판정불가	1년	-297.9674796747967		판정불가	N	주당FCF<=0 / 순현금차감PER<=0	제외	하드필터 미통과	65860174.0	주당FCF 음수; fs=2025:CFS,2024:CFS,2022:CFS,2020:OFS
121	240810	원익IPS	반도체소부장	메인	106000.0	200.0		107273747142.0	111279303585.0	3970410406.0							판정불가	일반	일반	4371.751958366145	4371.751958366145			N	N													판정불가				0.18867924528301888				2538.585459599065	2.394891943017986	판정불가		판정불가	판정불가			판정불가	N	순현금차감PER<=0	제외	하드필터 미통과	49083901.0	EPS 미추출; fs=2025:CFS,2024:CFS,2022:CFS,2020:CFS
122	032820	우리기술	직접추가	메인	10020.0												판정불가	일반	일반	0.0	0.0			N	N													판정불가										판정불가		판정불가	판정불가			판정불가	N	주당순현금<=0 / 주당FCF<=0 / 순현금차감PER<=0	제외	하드필터 미통과	166756790.0	EPS 미추출; fs=2025:NA,2024:CFS,2022:CFS,2020:CFS
123	178320	서진시스템	직접추가	메인	39000.0		-1801.0	32068809373.0									판정불가	일반	일반	573.9561011445203	573.9561011445203			N	N	-206.19103773584902												1년										판정불가		판정불가	1년	-206.19103773584902		판정불가	N	주당FCF<=0 / 순현금차감PER<=0	제외	하드필터 미통과	55873279.0	fs=2025:CFS,2024:CFS,2022:CFS,2020:CFS
124	101360	에코앤드림	직접추가	메인	6620.0		-490.0	13450789287.0	11500000000.0	143311084220.0	85000000000.0						판정불가	일반	일반	-6654.6461432216165	-11433.655206134403			Y	Y	-155.36723163841808												1년								-4143.34335060486	-62.58826813602507	판정불가		판정불가	1년	-155.36723163841808		판정불가	N	주당순현금<=0 / 주당FCF<=0 / 순현금차감PER<=0	제외	하드필터 미통과	17786114.0	주당순현금 음수(린치식); 주당순현금 음수(보수형); 단기위험부채 존재; 주당FCF 음수; fs=2025:CFS,2024:CFS,2022:CFS,2020:OFS
125	161580	필옵틱스	직접추가	메인	26150.0	2502.0	-736.0	113873986608.0	3435227770.0	20183174677.0	69000000000.0						판정불가	일반	일반	4150.198252410283	1201.826422385372			N	N	-178.1316348195329												1년				9.567877629063098				-202.71466379566468	-0.7751994791421212	판정불가		판정불가	1년	-178.1316348195329		판정불가	N	주당FCF<=0 / 순현금차감PER<=0	제외	하드필터 미통과	23402747.0	단기위험부채 존재; 주당FCF 음수; fs=2025:CFS,2024:CFS,2022:CFS,2020:CFS
126	003380	하림지주	직접추가	메인	9840.0	120.0	2360.0	1459340000000.0	470089000000.0	220013000000.0							판정불가	일반	일반	15261.876901695854	15261.876901695854	-2.297405466820277	-2.297405466820277	N	N													판정불가				1.2195121951219512				6075.150460529119	61.73933394846666	판정불가		판정불가	판정불가			판정불가	N	순현금차감PER<=0	제외	하드필터 미통과	112005621.0	fs=2025:CFS,2024:CFS,2022:CFS,2020:CFS
127	263750	펄어비스	직접추가	메인	32900.0		-137.0	133874628885.0	233908957944.0	13323877549.0							판정불가	일반	일반	5517.066823164758	5517.066823164758			N	N	-113.95112016293278												1년								302.9620397443619	0.9208572636606744	판정불가		판정불가	1년	-113.95112016293278		판정불가	N	순현금차감PER<=0	제외	하드필터 미통과	64247855.0	fs=2025:CFS,2024:CFS,2022:CFS,2020:CFS
128	226950	올릭스	직접추가	메인	109500.0		-800.0	6358594526.0	126605341764.0	18752923680.0	644000000.0						판정불가	일반	일반	5656.843707811481	5624.94654426675			N	N	-66.85998342999171												1년								-792.9445396488925	-0.7241502645195366	판정불가		판정불가	1년	-66.85998342999171		판정불가	N	주당FCF<=0 / 순현금차감PER<=0	제외	하드필터 미통과	20189883.0	단기위험부채 존재; 주당FCF 음수; fs=2025:CFS,2024:CFS,2022:CFS,2020:CFS
129	278280	천보	직접추가	메인	33500.0		-5752.0	15491196283.0		35247636.0							판정불가	일반	일반	1322.0990451018959	1322.0990451018959			N	N	108.48133381660023			225.46266763320045									1년	225.46266763320045							-1160.9677872439943	-3.4655754843104307	판정불가		판정불가	1년	108.48133381660023		판정불가	N	주당FCF<=0 / 순현금차감PER<=0	제외	하드필터 미통과	11690462.0	주당FCF 음수; fs=2025:CFS,2024:CFS,2022:CFS,2020:CFS
130	290650	엘앤씨바이오	직접추가	메인	56200.0	50.0		30887981159.0	8735922384.0	4020104109.0	18500000000.0						판정불가	일반	일반	1446.200754056343	694.7440450711548			N	N													판정불가				0.0889679715302491				-181.60032637592738	-0.3231322533379491	판정불가		판정불가	판정불가			판정불가	N	주당FCF<=0 / 순현금차감PER<=0	제외	하드필터 미통과	24618850.0	단기위험부채 존재; 주당FCF 음수; EPS 미추출; fs=2025:CFS,2024:CFS,2022:CFS,2020:CFS
131	298380	에이비엘바이오	직접추가	메인	72400.0			111981944913.0	2960414950.0								판정불가	일반	일반	2085.11593322215	2085.11593322215			N	N													판정불가								-760.1785326175441	-1.0499703489192598	판정불가		판정불가	판정불가			판정불가	N	주당FCF<=0 / 순현금차감PER<=0	제외	하드필터 미통과	55125165.0	주당FCF 음수; EPS 미추출; fs=2025:CFS,2024:CFS,2022:CFS,2020:OFS
132	323280	태성	직접추가	메인	31750.0		-85.0	49118598846.0	536777902.0	58264134.0							판정불가	일반	일반	1626.0959201304363	1626.0959201304363			N	N	-136.48068669527896												1년								-1634.008834673793	-5.146484518657616	판정불가		판정불가	1년	-136.48068669527896		판정불가	N	주당FCF<=0 / 순현금차감PER<=0	제외	하드필터 미통과	30500730.0	주당FCF 음수; fs=2025:CFS,2024:CFS,2022:CFS,2020:NA
133	204270	제이앤티씨	직접추가	메인	13860.0		-1604.0	36367710528.0	0.0	10064372195.0	84614800000.0						판정불가	일반	일반	454.69379141358735	-1008.0035945464829			N	Y	174.18803418803418			356.87606837606836									1년	356.87606837606836							-648.8926231336886	-4.681764957674521	판정불가		판정불가	1년	174.18803418803418		판정불가	N	주당FCF<=0 / 순현금차감PER<=0	제외	하드필터 미통과	57848466.0	주당순현금 음수(보수형); 단기위험부채 존재; 주당FCF 음수; fs=2025:CFS,2024:CFS,2022:CFS,2020:CFS
134	304100	솔트룩스	직접추가	메인	11070.0		-885.0	31694366404.0	6755700000.0	4483957880.0	1640000000.0						판정불가	일반	일반	2697.038239998793	2566.8160006606395			N	N	125.19083969465647			258.8816793893129									1년	258.8816793893129							-422.7671696235982	-3.8190349559493963	판정불가		판정불가	1년	125.19083969465647		판정불가	N	주당FCF<=0 / 순현금차감PER<=0	제외	하드필터 미통과	12593855.0	단기위험부채 존재; 주당FCF 음수; fs=2025:CFS,2024:CFS,2022:CFS,2020:CFS
135	293490	카카오게임즈	직접추가	메인	7650.0			492159413083.0	415963677118.0	716847138862.0	305479052047.0						판정불가	일반	일반	2130.3322411771132	-1271.9348448015992			N	Y													판정불가								-617.2075731171997	-8.068072851205224	판정불가		판정불가	판정불가			판정불가	N	주당FCF<=0 / 순현금차감PER<=0	제외	하드필터 미통과	89786911.0	주당순현금 음수(보수형); 단기위험부채 존재; 주당FCF 음수; EPS 미추출; fs=2025:CFS,2024:CFS,2022:CFS,2020:CFS
136	348210	넥스틴	직접추가	메인	33050.0	510.0	-240.0	14641052596.0	5227616000.0	22007025911.0	30419684926.0						판정불가	일반	일반	-204.1000567433155	-3107.571509319696			Y	Y	-106.4034151547492												1년				1.5431164901664145						판정불가		판정불가	1년	-106.4034151547492		판정불가	N	주당순현금<=0 / 주당FCF<=0 / 순현금차감PER<=0	제외	하드필터 미통과	10477005.0	주당순현금 음수(린치식); 주당순현금 음수(보수형); 단기위험부채 존재; fs=2025:CFS,2024:CFS,2022:CFS,2020:CFS
137	058970	엠로	직접추가	메인	14050.0												판정불가	일반	일반	0.0	0.0			N	N													판정불가										판정불가		판정불가	판정불가			판정불가	N	주당순현금<=0 / 주당FCF<=0 / 순현금차감PER<=0	제외	하드필터 미통과	12359538.0	EPS 미추출; fs=2025:NA,2024:CFS,2022:CFS,2020:CFS
138	257720	실리콘투	직접추가	메인	35250.0	306.0											판정불가	일반	일반	0.0	0.0			N	N													판정불가				0.8680851063829786						판정불가		판정불가	판정불가			판정불가	N	주당순현금<=0 / 주당FCF<=0 / 순현금차감PER<=0	제외	하드필터 미통과	65576252.0	EPS 미추출; fs=2025:NA,2024:CFS,2022:CFS,2020:NA
139	348370	엔켐	직접추가	메인	18150.0		-3154.0	12134632154.0	0.0	32868533981.0	162465223096.0						판정불가	일반	일반	-948.9140857979099	-8384.34712365177			Y	Y	-88.85748604536141												1년								-895.310607494617	-4.932840812642518	판정불가		판정불가	1년	-88.85748604536141		판정불가	N	주당순현금<=0 / 주당FCF<=0 / 순현금차감PER<=0	제외	하드필터 미통과	21850136.0	주당순현금 음수(린치식); 주당순현금 음수(보수형); 단기위험부채 존재; 주당FCF 음수; fs=2025:CFS,2024:CFS,2022:CFS,2020:NA
140	388720	유일로보틱스	직접추가	메인	59700.0		-2138.0	2811865063.0	12337000000.0	593697673.0	0.0						판정불가	일반	일반	1244.3722737724308	1244.3722737724308			N	N	142.95454545454547			294.40909090909093									1년	294.40909090909093							-1673.8565548938834	-2.803779823942853	판정불가		판정불가	1년	142.95454545454547		판정불가	N	주당FCF<=0 / 순현금차감PER<=0	제외	하드필터 미통과	11696795.0	주당FCF 음수; fs=2025:OFS,2024:OFS,2022:CFS,2020:NA
141	399720	가온칩스	직접추가	메인	40000.0		-1239.0	52725781806.0	5180811694.0	26099135222.0							판정불가	일반	일반	2741.9229888228183	2741.9229888228183			N	N	-289.1603053435114												1년								-791.2634315826496	-1.978158578956624	판정불가		판정불가	1년	-289.1603053435114		판정불가	N	주당FCF<=0 / 순현금차감PER<=0	제외	하드필터 미통과	11600420.0	주당FCF 음수; fs=2025:CFS,2024:CFS,2022:CFS,2020:NA
142	310210	보로노이	직접추가	메인	127300.0		-2374.0	35736727801.0	51779224010.0	38819475206.0							판정불가	일반	일반	2647.4798710371983	2647.4798710371983			N	N	27.63440860215054			63.76881720430108									1년	63.76881720430108							-4011.027894061175	-3.1508467353190692	판정불가		판정불가	1년	27.63440860215054		판정불가	N	주당FCF<=0 / 순현금차감PER<=0	제외	하드필터 미통과	18393521.0	주당FCF 음수; fs=2025:CFS,2024:CFS,2022:CFS,2020:NA
143	328130	루닛	직접추가	메인	9320.0		-1627.0	14110597196.0	7880560759.0	74459326891.0	18910194575.0						판정불가	일반	일반	-1793.3699440122289	-2439.7232525790805			Y	Y	-43.072078376487056												1년								-2215.168681814444	-23.767904311313774	판정불가		판정불가	1년	-43.072078376487056		판정불가	N	주당순현금<=0 / 주당FCF<=0 / 순현금차감PER<=0	제외	하드필터 미통과	29256746.0	주당순현금 음수(린치식); 주당순현금 음수(보수형); 단기위험부채 존재; 주당FCF 음수; fs=2025:CFS,2024:CFS,2022:CFS,2020:NA
144	365340	성일하이텍	직접추가	메인	29800.0		-6364.0	24711198330.0	2817327690.0	228283330907.0	204339994880.0						판정불가	일반	일반	-16407.640954567574	-33108.29860774997			Y	Y	-29.95817741580453												1년								-4817.302336424843	-16.16544408196256	판정불가		판정불가	1년	-29.95817741580453		판정불가	N	주당순현금<=0 / 주당FCF<=0 / 순현금차감PER<=0	제외	하드필터 미통과	12235446.0	주당순현금 음수(린치식); 주당순현금 음수(보수형); 단기위험부채 존재; 주당FCF 음수; fs=2025:CFS,2024:CFS,2022:CFS,2020:NA
145	358570	지아이이노베이션	직접추가	메인	7540.0		-604.0	39659957808.0	57298808526.0	0.0							판정불가	일반	일반	1517.9932052031195	1517.9932052031195			N	N	-54.58646616541354												1년								-623.7227005542921	-8.27218435748398	판정불가		판정불가	1년	-54.58646616541354		판정불가	N	주당FCF<=0 / 순현금차감PER<=0	제외	하드필터 미통과	63872991.0	주당FCF 음수; fs=2025:OFS,2024:OFS,2022:OFS,2020:NA
146	445680	큐리옥스바이오시스템즈	직접추가	메인	38800.0		-1645.0	14785429134.0	3000000000.0	309456371.0							판정불가	일반	일반	1020.8027591741111	1020.8027591741111			N	N	227.03777335984094			462.5755467196819									1년	462.5755467196819							-656.8578475619476	-1.692932596809143	판정불가		판정불가	1년	227.03777335984094		판정불가	N	주당FCF<=0 / 순현금차감PER<=0	제외	하드필터 미통과	17119833.0	주당FCF 음수; fs=2025:CFS,2024:CFS,2022:NA,2020:NA
147	417200	LS머트리얼즈	직접추가	메인	11860.0	22.0											판정불가	일반	일반	0.0	0.0			N	N													판정불가				0.1854974704890388						판정불가		판정불가	판정불가			판정불가	N	주당순현금<=0 / 주당FCF<=0 / 순현금차감PER<=0	제외	하드필터 미통과	67652659.0	EPS 미추출; fs=2025:NA,2024:CFS,2022:NA,2020:NA
148	347850	디앤디파마텍	직접추가	메인	59600.0		-547.0	32883741893.0		4322566382.0							판정불가	일반	일반	656.044410518054	656.044410518054			N	N	-80.6234502302515												1년								-487.03695764576116	-0.8171761034324851	판정불가		판정불가	1년	-80.6234502302515		판정불가	N	주당FCF<=0 / 순현금차감PER<=0	제외	하드필터 미통과	43535430.0	주당FCF 음수; fs=2025:CFS,2024:CFS,2022:NA,2020:NA
149	466100	클로봇	직접추가	메인	25300.0		-87.0	13177362003.0	36087959658.0	1115132801.0							판정불가	일반	일반	1926.613358704511	1926.613358704511			N	N	-72.20447284345049												1년								-146.81091406381822	-0.5802802927423645	판정불가		판정불가	1년	-72.20447284345049		판정불가	N	주당FCF<=0 / 순현금차감PER<=0	제외	하드필터 미통과	24992139.0	주당FCF 음수; fs=2025:CFS,2024:CFS,2022:NA,2020:NA
150	091990	셀트리온헬스케어	직접추가	메인													판정불가	일반	일반					판정불가	판정불가													판정불가										판정불가		판정불가	판정불가			판정불가	N	주당순현금<=0 / 주당FCF<=0 / 순현금차감PER<=0	제외	하드필터 미통과		현재가 미수집; EPS 미추출; fs=2025:NA,2024:NA,2022:CFS,2020:CFS
