종목코드	종목명	그룹	판정구분	현재가	현금배당금(FY2025 DPS)	EPS(FY2025)	현금및현금성자산	유가증권성자산	장기부채	단기위험부채	주주지분	총부채	주주지분비중	부채비중	주주대부채배수	주주대부채판정	업종보정유형	업종보정판정	주당순현금(린치식)	주당순현금(보수형)	순현금차감PER(린치식)	순현금차감PER(보수형)	현금보다부채많음(린치형)	현금보다부채많음(보수형)	연간이익증가율(1년,%)	연간이익증가율(3년CAGR,%)	연간이익증가율(5년CAGR,%)	그레이엄적정PER(1년)	그레이엄적정PER(3년)	그레이엄적정PER(5년)	그레이엄내재가치(1년)	그레이엄내재가치(3년)	그레이엄내재가치(5년)	그레이엄괴리율(1년,%)	그레이엄괴리율(3년,%)	그레이엄괴리율(5년,%)	그레이엄사용기준	그레이엄적정PER(선택)	그레이엄내재가치(선택)	그레이엄괴리율(선택,%)	배당수익률(%)	배당감안이익성장률(1년)	배당감안이익성장률(3년)	배당감안이익성장률(5년)	주당잉여현금흐름	잉여현금흐름수익률(%)	배당감안점수기준	배당감안점수	배당감안점수판정	사용연성장률기준	사용연성장률(%)	린치PER배수	린치PER판정	하드필터통과	하드필터사유	종합판정	종합판정사유	발행주식수	비고
"=""000250"""	삼천당제약	직접추가	메인	204000.0	50.0	226.0	95943976392.0	13034373599.0	23423415405.0	44784077259.0						판정불가	일반	일반	3647.2359249112606	1738.075497947946	886.5166551995078	894.9642677081949	N	N	-147.67932489451476	-5.168157543831642											3년				0.024509803921568627	-0.16655616589331187	-0.005802088104878878		-2122.772468832106	-1.0405747396235814	3년	-0.005802088104878878	불리(<1)	3년	-5.168157543831642		판정불가	N	주당FCF<=0	제외	하드필터 미통과	23457472.0	단기위험부채 존재; 주당FCF 음수; 배당감안점수<1; fs=2025:CFS,2024:CFS,2022:CFS,2020:CFS
"=""005290"""	동진쎄미켐	직접추가	메인	50700.0	650.0	1927.0	371911660277.0		312307904056.0	349218723122.0						판정불가	일반	일반	1159.2792534533162	-5632.944027437088	25.708728981082867	29.23349456535396	N	Y	-35.98006644518272	-14.674277627988008	3.052714908153198			14.605429816306396			28144.663256022424			-44.487843676484374	3년				1.282051282051282	-1.349658911129489	-0.5209213709394606	0.168610676684721	2136.5332352390747	4.214069497512968	3년	-0.5209213709394606	불리(<1)	3년	-14.674277627988008		판정불가	Y	통과	보류	배당감안점수 또는 린치PER배수 미산출	51414494.0	주당순현금 음수(보수형); 단기위험부채 존재; 1년 점수 과열 가능; 배당감안점수<1; fs=2025:CFS,2024:CFS,2022:CFS,2020:CFS
"=""006730"""	서부T&D	직접추가	메인	10210.0	100.0	1242.0	101942784570.0	72912659293.0	486846300963.0	177008800000.0						판정불가	일반	일반	-4805.261710923834	-7531.539067391196	12.089582698006309	14.284653033326245	Y	Y	133.0206378986867	62.959581135890886		274.5412757973734	134.41916227178177		340980.2645403377	166948.59954155295		3239.669584136511	1535.1478897311747		3년	134.41916227178177	166948.59954155295	1535.1478897311747	0.9794319294809012	11.083928467627384	5.288769237329917		1627.4085488696269	15.93935895073092	3년	5.288769237329917	안심(>=2)	3년	62.959581135890886	0.19202133305036384	매우 유망	N	주당순현금<=0	제외	하드필터 미통과	64926923.0	주당순현금 음수(린치식); 주당순현금 음수(보수형); 단기위험부채 존재; fs=2025:CFS,2024:CFS,2022:CFS,2020:CFS
"=""007390"""	네이처셀	직접추가	메인	21850.0		-44.07	16767416009.0	706238683.0	1987274527.0	5000000000.0						판정불가	일반	일반	240.34091263923168	162.74340112314016			N	N	-331.94736842105266												1년								-255.0436391643704	-1.1672477764959743	판정불가		판정불가	1년	-331.94736842105266		판정불가	N	주당FCF<=0 / 순현금차감PER<=0	제외	하드필터 미통과	64435056.0	단기위험부채 존재; 주당FCF 음수; fs=2025:CFS,2024:CFS,2022:CFS,2020:ERR
"=""009520"""	포스코엠텍	직접추가	메인	12120.0	10.0	34.0	23489287481.0									판정불가	일반	일반	564.0673104481234	564.0673104481234	339.88037322211403	339.88037322211403	N	N	142.85714285714283	-33.573662263718816	-31.534135605250093	294.21428571428567			10003.285714285712			-17.464639321074984			3년				0.08250825082508251	0.4205587093861284	-0.09853806412942545	-0.0925373449965914	21.005404932528034	0.17331192188554484	3년	-0.09853806412942545	불리(<1)	3년	-33.573662263718816		판정불가	Y	통과	보류	배당감안점수 또는 린치PER배수 미산출	41642703.0	1년 점수 과열 가능; 배당감안점수<1; fs=2025:OFS,2024:OFS,2022:OFS,2020:OFS
"=""014620"""	성광벤드	직접추가	메인	29050.0	200.0	1297.0	55816213450.0			2000000000.0						판정불가	일반	일반	2101.7226502600183	2026.413971281186	20.77739194274478	20.835455689066166	N	N	-13.186077643908966	-2.6308862076953488			3.2382275846093025			4199.981177238265			-85.54223346905933		3년	3.2382275846093025	4199.981177238265	-85.54223346905933	0.6884681583476765	-0.6015003961998853	-0.09348709668183072		1220.9355149855987	4.202876127317035	3년	-0.09348709668183072	불리(<1)	3년	-2.6308862076953488		판정불가	Y	통과	보류	배당감안점수 또는 린치PER배수 미산출	26557364.0	단기위험부채 존재; 배당감안점수<1; fs=2025:CFS,2024:CFS,2022:CFS,2020:CFS
"=""015750"""	성우하이텍	직접추가	메인	6030.0	200.0	2110.0	393080902555.0	91530269981.0	2365979543.0	1905976554324.0						판정불가	일반	일반	6028.0649124125	-17796.6420166375	0.0009171031220378035	11.29224740125	N	Y	20.84765177548682	63.02385728102815		50.19530355097364	134.54771456205629		105912.09049255439	283895.6777259388		1656.4194111534725	4608.054356980742		3년	134.54771456205629	283895.6777259388	4608.054356980742	3.316749585406302	26348.619670162952	72337.1290232069		791.4473300375	13.125163018864013	3년	72337.1290232069	안심(>=2)	3년	63.02385728102815	1.4551681880535672e-05	매우 유망	Y	통과	매우 유망	배당감안점수>=2 & 린치PER배수<=0.5	80000000.0	주당순현금 음수(보수형); 단기위험부채 존재; fs=2025:CFS,2024:CFS,2022:CFS,2020:CFS
"=""018290"""	브이티	직접추가	메인	12040.0		1728.0	84220398087.0	525529750.0	0.0	35176445000.0						판정불가	일반	일반	2425.342588933072	1418.6283743001727	5.564037853626695	6.146627098205919	N	N	-37.41398044186889	71.59549321993607	119.38804809293298		151.69098643987215	247.27609618586595		262122.02456809906	427293.0942091764		2077.093227309793	3448.9459651924944	3년	151.69098643987215	262122.02456809906	2077.093227309793		-6.724249803132106	12.867542440112882	21.457087682305158	1286.287521709648	10.683451176990431	3년	12.867542440112882	안심(>=2)	3년	71.59549321993607	0.0777149175651934	매우 유망	Y	통과	매우 유망	배당감안점수>=2 & 린치PER배수<=0.5	34941838.0	단기위험부채 존재; fs=2025:CFS,2024:CFS,2022:CFS,2020:CFS
"=""025320"""	시노펙스	직접추가	메인	4900.0		80.0	51153755987.0	873251756.0	4835094728.0	39766351933.0						판정불가	일반	일반	537.9004402147384	84.63764911542502	54.52624449731577	60.192029386057186	N	N	-75.0778816199377	-11.901595799169328											3년					-1.3769127566383863	-0.21827279521800227		35.1831998104807	0.7180244859281776	3년	-0.21827279521800227	불리(<1)	3년	-11.901595799169328		판정불가	Y	통과	보류	배당감안점수 또는 린치PER배수 미산출	87733546.0	단기위험부채 존재; 배당감안점수<1; fs=2025:CFS,2024:CFS,2022:CFS,2020:CFS
"=""025900"""	동화기업	직접추가	메인	6120.0		-1001.0	47003095054.0	8175540000.0	332495112984.0	672096955800.0						판정불가	일반	일반	-5485.193240301571	-18778.96397581476			Y	Y	273.5074626865672			555.5149253731344									1년	555.5149253731344							-787.0734383185331	-12.86067709670806	판정불가		판정불가	1년	273.5074626865672		판정불가	N	주당순현금<=0 / 주당FCF<=0 / 순현금차감PER<=0	제외	하드필터 미통과	50557285.0	주당순현금 음수(린치식); 주당순현금 음수(보수형); 단기위험부채 존재; 주당FCF 음수; fs=2025:CFS,2024:CFS,2022:CFS,2020:CFS
"=""025980"""	아난티	직접추가	메인	3990.0		-444.0	100300596867.0	16021422775.0	495891642685.0	115500000000.0						판정불가	일반	일반	-4008.146597919973	-5227.793545292556			Y	Y	29.824561403508774			68.14912280701755									1년	68.14912280701755							167.32741575418066	4.193669567773951	판정불가		판정불가	1년	29.824561403508774		판정불가	N	주당순현금<=0 / 순현금차감PER<=0	제외	하드필터 미통과	94699536.0	주당순현금 음수(린치식); 주당순현금 음수(보수형); 단기위험부채 존재; fs=2025:CFS,2024:CFS,2022:CFS,2020:CFS
"=""028300"""	HLB	직접추가	메인	47350.0		-1680.0	40983350542.0	17820367452.0	17093527411.0							판정불가	일반	일반	314.23834862301965	314.23834862301965			N	N	138.63636363636363			285.77272727272725									1년	285.77272727272725							-829.6365716076274	-1.7521363708714413	판정불가		판정불가	1년	138.63636363636363		판정불가	N	주당FCF<=0 / 순현금차감PER<=0	제외	하드필터 미통과	132734247.0	주당FCF 음수; fs=2025:CFS,2024:CFS,2022:CFS,2020:CFS
"=""030520"""	한글과컴퓨터	직접추가	메인	19300.0	400.0	1427.0	132320127435.0	31305706152.0	47868725738.0	2260000000.0						판정불가	일반	일반	4787.35870193663	4693.892038269719	10.170035948187365	10.23553466133867	N	N	147.31369150779895	-10.175925258509299	-2.2136541917331276	303.1273830155979		4.072691616533745	432562.7755632582		5811.730936793654	2141.2579044728404		-69.88740447257173	3년				2.072538860103627	14.688859619471465	-0.7967903397480086	-0.013875598114739388	2217.696290291576	11.490654353842364	3년	-0.7967903397480086	불리(<1)	3년	-10.175925258509299		판정불가	Y	통과	보류	배당감안점수 또는 린치PER배수 미산출	24179744.0	단기위험부채 존재; 1년 점수 과열 가능; 배당감안점수<1; fs=2025:CFS,2024:CFS,2022:CFS,2020:CFS
"=""031980"""	피에스케이홀딩스	직접추가	메인	140700.0	1080.0	4252.0	182779167734.0		10979267182.0							판정불가	일반	일반	7967.570418406675	7967.570418406675	31.21646979811696	31.21646979811696	N	N		28.972326855053065	6.696365809169258		66.44465371010614	21.892731618338516		282522.6675753713	93087.89484117537		100.79791583182036	-33.83944929553989	3년	66.44465371010614	282522.6675753713	100.79791583182036	0.767590618336887		0.9526995738379079	0.239103155346425	3674.3812093229903	2.611500504138586	3년	0.9526995738379079	불리(<1)	3년	28.972326855053065	1.0774581535784549	보통	Y	통과	제외	배당감안점수<1	21562395.0	배당감안점수<1; fs=2025:CFS,2024:CFS,2022:CFS,2020:CFS
"=""032190"""	다우데이타	직접추가	메인	17660.0	550.0	5713.0	2733751140623.0	21532549329917.0	4101128995368.0	32263292614335.0						판정불가	일반	일반	526505.7826415666	-315877.836531671	-89.06805227403581	58.38225740095764	N	Y	33.17016317016317	2.41056085619491		74.84032634032634	13.32112171238982		427562.7843822844	76103.56834288304		2321.0803192654835	330.93753308540795		3년	13.32112171238982	76103.56834288304	330.93753308540795	3.1143827859569653	-0.40738003166930625	-0.06203058786054143		-174621.89534033943	-988.7989543620579	3년	-0.06203058786054143	불리(<1)	3년	2.41056085619491		판정불가	N	주당FCF<=0 / 순현금차감PER<=0	제외	하드필터 미통과	38300000.0	주당순현금 음수(보수형); 단기위험부채 존재; 주당FCF 음수; 배당감안점수<1; fs=2025:CFS,2024:CFS,2022:CFS,2020:CFS
"=""032500"""	케이엠더블유	직접추가	메인	17530.0		-673.0	41508194512.0	3635876634.0	15614128878.0	55329519995.0						판정불가	일반	일반	721.4723583560454	-630.3324950099693			N	Y	-30.54695562435501												1년								-606.4922358257096	-3.459738937967539	판정불가		판정불가	1년	-30.54695562435501		판정불가	N	주당FCF<=0 / 순현금차감PER<=0	제외	하드필터 미통과	40930109.0	주당순현금 음수(보수형); 단기위험부채 존재; 주당FCF 음수; fs=2025:CFS,2024:CFS,2022:CFS,2020:CFS
"=""033100"""	제룡전기	직접추가	메인	55500.0	1100.0	3655.0	50601367613.0	134698000000.0								판정불가	일반	일반	11536.212756940755	11536.212756940755	12.02839596253331	12.02839596253331	N	N	-26.547427652733123	67.55425231828578	75.58550187909223		143.60850463657155	159.67100375818447		524889.084446669	583597.5187361642		845.7460981021063	951.5270607858815	3년	143.60850463657155	524889.084446669	845.7460981021063	1.981981981981982	-2.042287745370946	5.781006421543067	6.448697241318424	4032.1279877756815	7.265095473469696	3년	5.781006421543067	안심(>=2)	3년	67.55425231828578	0.17805534884555935	매우 유망	Y	통과	매우 유망	배당감안점수>=2 & 린치PER배수<=0.5	16062409.0	fs=2025:OFS,2024:OFS,2022:OFS,2020:OFS
"=""033500"""	동성화인텍	직접추가	메인	17490.0	400.0	1869.0	80845872158.0	216438728.0		7174500000.0						판정불가	일반	일반	2703.023628408002	2463.7898487383613	7.9117048537142844	8.03970580591848	N	N	37.933579335793354	85.03864028854527	18.260466581831338	84.36715867158671	178.57728057709053	45.020933163662676	157682.21955719555	333760.93739858223	84144.12408288554	801.5564297152405	1808.2958113126483	381.0984796048344	3년	178.57728057709053	333760.93739858223	1808.2958113126483	2.287021154945683	5.083683129541516	11.037527695752505	2.5970998813398167	2286.215405268258	13.071557491528063	3년	11.037527695752505	안심(>=2)	3년	85.03864028854527	0.09303658697821388	매우 유망	Y	통과	매우 유망	배당감안점수>=2 & 린치PER배수<=0.5	29989494.0	단기위험부채 존재; fs=2025:CFS,2024:CFS,2022:CFS,2020:CFS
"=""035760"""	CJ ENM	직접추가	메인	31650.0		1422.0	782050698548.0	81389268242.0	1910894083697.0	762511078000.0						판정불가	일반	일반	-47765.368281284354	-82536.93666919389	55.8476570191873	80.30023675752032	Y	Y	-105.85594860602068		-13.10324877931166										5년					-1.8954411743656905		-0.23462486125084606	9453.190478574777	29.86790040623942	5년	-0.23462486125084606	불리(<1)	5년	-13.10324877931166		판정불가	N	주당순현금<=0	제외	하드필터 미통과	21929154.0	주당순현금 음수(린치식); 주당순현금 음수(보수형); 단기위험부채 존재; 배당감안점수<1; fs=2025:CFS,2024:CFS,2022:CFS,2020:CFS
"=""035900"""	JYP Ent.	직접추가	메인	55500.0	877.0	4846.0	294471835825.0	24871949033.0	7018179911.0							판정불가	일반	일반	8789.859291236877	8789.859291236877	9.638906460743526	9.638906460743526	N	N	64.21552016265673	33.4510703273257	40.282569178136505	136.93104032531346	75.4021406546514	89.06513835627301	663567.821416469	365398.7736124407	431609.660474499	1095.61769624589	558.3761686710643	677.6750639180162	3년	75.4021406546514	365398.7736124407	558.3761686710643	1.5801801801801802	6.826054450347012	3.634359421390592	4.343101525967861	2865.683088481382	5.1633929522187065	3년	3.634359421390592	안심(>=2)	3년	33.4510703273257	0.2881494184319011	매우 유망	Y	통과	매우 유망	배당감안점수>=2 & 린치PER배수<=0.5	35532492.0	fs=2025:CFS,2024:CFS,2022:CFS,2020:CFS
"=""036540"""	SFA반도체	직접추가	메인	5130.0		-116.0	22630474416.0	25249450000.0	32013660425.0							판정불가	일반	일반	96.47473403353756	96.47473403353756			N	N	-307.14285714285717												1년								-100.9581064191521	-1.9679942771764543	판정불가		판정불가	1년	-307.14285714285717		판정불가	N	주당FCF<=0 / 순현금차감PER<=0	제외	하드필터 미통과	164460303.0	주당FCF 음수; fs=2025:CFS,2024:CFS,2022:CFS,2020:CFS
"=""036620"""	감성코퍼레이션	직접추가	메인	4200.0		387.0	32602954268.0		0.0	10000000000.0						판정불가	일반	일반	360.23862771419766	249.74599420835182	9.921864011074424	10.207374691968083	N	N	20.560747663551403	29.066288067403256		49.62149532710281	66.63257613480651		19203.518691588786	25786.806964170122		357.22663551401877	513.971594385003		3년	66.63257613480651	25786.806964170122	513.971594385003		2.07226662657362	2.929518892313029				3년	2.929518892313029	안심(>=2)	3년	29.066288067403256	0.3413529786832815	매우 유망	N	주당FCF<=0	제외	하드필터 미통과	90503771.0	단기위험부채 존재; fs=2025:OFS,2024:OFS,2022:OFS,2020:CFS
"=""036830"""	솔브레인홀딩스	직접추가	메인	35850.0	500.0	2086.0	217639195435.0		217106724708.0	12282000000.0						판정불가	일반	일반	25.399222698126735	-560.4606891433605	17.17382587598364	17.45467914148771	N	Y	-26.704146170063247	-12.436250420496087	-12.844437276389565										3년				1.394700139470014	-1.4737220589843452	-0.6429289758007205	-0.6666969386787125	577.2028107060962	1.610049681188553	3년	-0.6429289758007205	불리(<1)	3년	-12.436250420496087		판정불가	Y	통과	보류	배당감안점수 또는 린치PER배수 미산출	20964056.0	주당순현금 음수(보수형); 단기위험부채 존재; 1년 점수 과열 가능; 배당감안점수<1; fs=2025:CFS,2024:CFS,2022:CFS,2020:CFS
"=""036930"""	주성엔지니어링	반도체소부장	메인	192600.0	53.0	781.0	164383610031.0	0.0	104241855386.0	45000000000.0						판정불가	일반	일반	1272.3480202522953	320.33620667423327	244.9777874260534	246.1967526162942	N	N	-65.625	-29.310632286282456											3년				0.027518172377985463	-0.2677691006880476	-0.11953375210698883				3년	-0.11953375210698883	불리(<1)	3년	-29.310632286282456		판정불가	N	주당FCF<=0	제외	하드필터 미통과	47268321.0	단기위험부채 존재; 1년 점수 과열 가능; 배당감안점수<1; fs=2025:CFS,2024:CFS,2022:CFS,2020:CFS
"=""036810"""	에프에스티	직접추가	메인	23100.0	0.0	-613.0	31608229451.0	946624388.0	4071855583.0	117835000000.0						판정불가	일반	일반	1297.2557301423715	-4069.529310794309			N	Y	-939.7260273972602												1년				0.0				-1576.739070768964	-6.825710263069109	판정불가		판정불가	1년	-939.7260273972602		판정불가	N	주당FCF<=0 / 순현금차감PER<=0	제외	하드필터 미통과	21956348.0	주당순현금 음수(보수형); 단기위험부채 존재; 주당FCF 음수; fs=2025:CFS,2024:CFS,2022:CFS,2020:CFS
"=""039030"""	이오테크닉스	직접추가	메인	384500.0	500.0	4689.0	236305275966.0	99448229801.0		7000000000.0						판정불가	일반	일반	27253.715092434384	26685.512520100165	76.18816056889862	76.30933834077625	N	N	21.162790697674417	-9.341714757581144	21.872789158097493	50.825581395348834		52.24557831619499	238321.1511627907		244979.5167246383	-38.01790606949527		-36.286211515048564	3년				0.13003901170351106	0.2794768839460608	-0.12090691883218932	0.28879589696752644	7809.347047497677	2.0310395442126596	3년	-0.12090691883218932	불리(<1)	3년	-9.341714757581144		판정불가	Y	통과	보류	배당감안점수 또는 린치PER배수 미산출	12319550.0	단기위험부채 존재; 1년 점수 과열 가능; 배당감안점수<1; fs=2025:CFS,2024:CFS,2022:CFS,2020:CFS
"=""039200"""	오스코텍	직접추가	메인	35000.0		1368.0	15192017092.0		7091325790.0	6000000000.0						판정불가	일반	일반	211.7375198964007	54.90829730094817	25.430016432824267	25.544657677411585	N	N	5847.826086956522			11704.152173913044			16011280.173913045			45646.5147826087			1년	11704.152173913044	16011280.173913045	45646.5147826087		229.95762123882594					1년	229.95762123882594	안심(>=2)	1년	5847.826086956522	0.004348627345390023	매우 유망	N	주당FCF<=0	제외	하드필터 미통과	38258176.0	단기위험부채 존재; fs=2025:CFS,2024:CFS,2022:CFS,2020:CFS
"=""041190"""	우리기술투자	직접추가	메인	4690.0		1420.0	8196474528.0	918336858104.0								판정불가	일반	일반	11030.158721809525	11030.158721809525	-4.464900508316567	-4.464900508316567	N	N	-25.14496573537164												1년					5.631696762007408					1년	5.631696762007408	안심(>=2)	1년	-25.14496573537164		판정불가	N	주당FCF<=0 / 순현금차감PER<=0	제외	하드필터 미통과	84000000.0	fs=2025:CFS,2024:CFS,2022:NA,2020:NA
"=""041510"""	에스엠	직접추가	메인	78600.0	1620.0	15166.0	364611980599.0	229637014667.0	71674775222.0	5166699000.0						판정불가	일반	일반	22825.127575171362	22599.45520310605	3.677625769802759	3.6925059209345874	N	N	1807.6729559748428	64.77467023251435		3623.8459119496856	138.0493404650287		54959247.100628935	2093656.2974926254		69822.70623489686	2563.6848568608466		3년	138.0493404650287	2093656.2974926254	2563.6848568608466	2.0610687022900764	492.0930344617946	18.17361067121003				3년	18.17361067121003	안심(>=2)	3년	64.77467023251435	0.056775677230028326	매우 유망	N	주당FCF<=0	제외	하드필터 미통과	22894690.0	단기위험부채 존재; 1년 점수 과열 가능; fs=2025:CFS,2024:CFS,2022:CFS,2020:CFS
"=""046890"""	서울반도체	직접추가	메인	10120.0	136.0	-912.0	58026419941.0	3744425572.0	52972809407.0	85690044564.0						판정불가	일반	일반	150.89573360271947	-1318.78022375286			N	Y	924.7191011235955			1857.938202247191									1년	1857.938202247191			1.3438735177865613				1489.4162315840385	14.717551695494452	판정불가		판정불가	1년	924.7191011235955		판정불가	N	순현금차감PER<=0	제외	하드필터 미통과	58305400.0	주당순현금 음수(보수형); 단기위험부채 존재; fs=2025:CFS,2024:CFS,2022:CFS,2020:CFS
"=""048410"""	현대바이오	직접추가	메인	7920.0		-235.36	22337858879.0	19621590869.0		0.0						판정불가	일반	일반	436.89119463195703	436.89119463195703			N	N	35.26436781609197			79.02873563218394									1년	79.02873563218394							-379.6927400975584	-4.79410025375705	판정불가		판정불가	1년	35.26436781609197		판정불가	N	주당FCF<=0 / 순현금차감PER<=0	제외	하드필터 미통과	96040960.0	주당FCF 음수; fs=2025:CFS,2024:CFS,2022:CFS,2020:CFS
"=""050890"""	쏠리드	직접추가	메인	10480.0	50.0	610.0	90077709858.0	56384251006.0		99023500000.0						판정불가	일반	일반	2410.63719770453	780.7960352708731	13.228463610320443	15.900334368408405	N	N	-19.736842105263154	7.574974463597406			23.649948927194814			14426.468845588835			37.657145473175916		3년	23.649948927194814	14426.468845588835	37.657145473175916	0.4770992366412214	-1.4559319536999042	0.6086930377883526		264.100396082502	2.5200419473521185	3년	0.6086930377883526	불리(<1)	3년	7.574974463597406	1.7463377168981449	보통	Y	통과	제외	배당감안점수<1	60756534.0	단기위험부채 존재; 배당감안점수<1; fs=2025:CFS,2024:CFS,2022:CFS,2020:CFS
"=""052400"""	코나아이	직접추가	메인	46400.0	1200.0	5176.0	241128404564.0	58021158699.0		39569006603.0						판정불가	일반	일반	20541.34352345222	17824.30610361353	4.995876444464409	5.520806394201404	N	N	144.84389782403028	27.53848072272529	32.30025281189095	298.18779564806056	63.57696144545058	73.1005056237819	1543420.0302743614	329074.3524416522	378368.2171086951	3226.3362721430203	609.211966469078	715.4487437687395	3년	63.57696144545058	329074.3524416522	609.211966469078	2.586206896551724	29.510358464517125	6.0299104579850304	6.983050941361447	8756.869650891409	18.87256390278321	3년	6.0299104579850304	안심(>=2)	3년	27.53848072272529	0.18141438138022317	매우 유망	Y	통과	매우 유망	배당감안점수>=2 & 린치PER배수<=0.5	14563291.0	단기위험부채 존재; 1년 점수 과열 가능; fs=2025:CFS,2024:CFS,2022:CFS,2020:CFS
"=""053030"""	바이넥스	직접추가	메인	7200.0		-101.0	18364018872.0	1250000000.0								판정불가	일반	일반	600.107271197926	600.107271197926			N	N	-91.03019538188278												1년										판정불가		판정불가	1년	-91.03019538188278		판정불가	N	주당FCF<=0 / 순현금차감PER<=0	제외	하드필터 미통과	32684188.0	fs=2025:CFS,2024:CFS,2022:CFS,2020:CFS
"=""053800"""	안랩	직접추가	메인	54200.0	1400.0	5714.0	67126196416.0	212621651635.0	1087944763.0	210000000.0						판정불가	일반	일반	25044.690874925156	25025.817025398628	5.1024342185990275	5.105737307420611	N	N	51.84693064044645	51.8781942609736	21.726884580572147	112.1938612808929	112.2563885219472	51.953769161144294	641075.723359022	641433.0040144064	296863.8369867785	1082.7965375627714	1083.4557269638492	447.71925643317064	3년	112.2563885219472	641433.0040144064	1083.4557269638492	2.5830258302583027	10.667448934922193	10.67357613209667	4.764375074590419	5241.269111345467	9.670238212814514	3년	10.67357613209667	안심(>=2)	3년	51.8781942609736	0.09835412144322522	매우 유망	Y	통과	매우 유망	배당감안점수>=2 & 린치PER배수<=0.5	11126506.0	단기위험부채 존재; fs=2025:CFS,2024:CFS,2022:CFS,2020:CFS
"=""056080"""	유진로봇	직접추가	메인	13780.0		-186.0	5279987409.0	8000000000.0	4928887046.0	4187000000.0						판정불가	일반	일반	222.6238676736008	111.00670425413077			N	N	118.82352941176472			246.14705882352945									1년	246.14705882352945							-147.16306462503138	-1.0679467679610404	판정불가		판정불가	1년	118.82352941176472		판정불가	N	주당FCF<=0 / 순현금차감PER<=0	제외	하드필터 미통과	37512152.0	단기위험부채 존재; 주당FCF 음수; fs=2025:OFS,2024:OFS,2022:CFS,2020:CFS
"=""056190"""	SFA	직접추가	메인	22200.0	950.0	1916.0	295924271530.0	28249450000.0								판정불가	일반	일반	9027.7058169093	9027.7058169093	6.874892579901201	6.874892579901201	N	N	-177.38287560581583	-4.690096402984533	-9.613618111787957										3년				4.2792792792792795	-25.179098337129833	-0.059756151667922884	-0.7759159536693936	1582.4180900148042	7.1280094144811	3년	-0.059756151667922884	불리(<1)	3년	-4.690096402984533		판정불가	Y	통과	보류	배당감안점수 또는 린치PER배수 미산출	35908760.0	배당감안점수<1; fs=2025:CFS,2024:CFS,2022:CFS,2020:CFS
"=""058470"""	리노공업	반도체소부장	메인	78600.0	800.0	2002.0	85202812409.0									판정불가	일반	일반	1117.9732864246178	1117.9732864246178	38.70231104574195	38.70231104574195	N	N	-73.17432667827951	-35.70959636196842	-11.30853089688001										3년				1.0178117048346056	-1.8643980946813152	-0.8963750153351792	-0.26589417825418454	1564.4878741822959	1.9904425880181882	3년	-0.8963750153351792	불리(<1)	3년	-35.70959636196842		판정불가	Y	통과	보류	배당감안점수 또는 린치PER배수 미산출	76211850.0	1년 점수 과열 가능; 배당감안점수<1; fs=2025:OFS,2024:OFS,2022:OFS,2020:OFS
"=""058610"""	에스피지	직접추가	메인	74000.0		412.0	42023986997.0	4202172079.0	0.0	54058574990.0						판정불가	일반	일반	2084.3851150903442	-353.17169915625664	174.5524633128875	180.46886334746665	N	Y	-30.28764805414551	-22.958604350341737	-9.267164625100499										3년					-0.17351601621258428	-0.13152838931403762	-0.05309099882760742	1052.1212452248599	1.4217854665200809	3년	-0.13152838931403762	불리(<1)	3년	-22.958604350341737		판정불가	Y	통과	보류	배당감안점수 또는 린치PER배수 미산출	22177360.0	주당순현금 음수(보수형); 단기위험부채 존재; 1년 점수 과열 가능; 배당감안점수<1; fs=2025:CFS,2024:CFS,2022:CFS,2020:CFS
"=""059090"""	미코	직접추가	메인	16950.0		937.0	308049235584.0	150141976308.0	613882940873.0	418677409064.0						판정불가	일반	일반	-4659.088586607601	-17188.04661673247	23.061994222633512	36.43334750985322	Y	Y	151.88172043010755		19.845043171093412	312.2634408602151		48.190086342186824	292590.84408602153		45154.11090262905	1626.1996701240207		166.39593452878495	5년	48.190086342186824	45154.11090262905	166.39593452878495		6.585801685833731		0.8605085483725029	-8988.877721155523	-53.03172696846916	5년	0.8605085483725029	불리(<1)	5년	19.845043171093412	1.1621035048301613	보통	N	주당순현금<=0 / 주당FCF<=0	제외	하드필터 미통과	33416778.0	주당순현금 음수(린치식); 주당순현금 음수(보수형); 단기위험부채 존재; 주당FCF 음수; 배당감안점수<1; fs=2025:CFS,2024:CFS,2022:CFS,2020:CFS
"=""060250"""	NHN KCP	직접추가	메인	12520.0	250.0	1195.0	374983454305.0	42744455032.0	1106182931.0							판정불가	일반	일반	10373.889142423655	10373.889142423655	1.7959086674279034	1.7959086674279034	N	N	2.224123182207016	9.78930899024495	-2.781281006491565	12.948246364414032	28.0786179804899	2.93743798701687	15473.154405474768	33553.948486685425	3510.23839448516	23.587495251395918	168.00278343997945	-71.96295212072556	3년	28.0786179804899	33553.948486685425	168.00278343997945	1.996805111821086	2.3503023124629756	6.56275807106944	-0.4368128006164164	4859.738255028043	38.815800759009925	3년	6.56275807106944	안심(>=2)	3년	9.78930899024495	0.18345612230827807	매우 유망	Y	통과	매우 유망	배당감안점수>=2 & 린치PER배수<=0.5	40160611.0	fs=2025:CFS,2024:CFS,2022:CFS,2020:CFS
"=""060280"""	큐렉소	직접추가	메인	8680.0		67.0	18688000180.0									판정불가	일반	일반	454.8066373342997	454.8066373342997	122.76408003978658	122.76408003978658	N	N	-131.45539906103286		41.05182554589231			90.60365109178461			6070.444623149569			-30.064002037447356	5년	90.60365109178461	6070.444623149569	-30.064002037447356		-1.0707969221813867		0.33439606709542263	-335.1639164672466	-3.8613354431710443	5년	0.33439606709542263	불리(<1)	5년	41.05182554589231	2.9904657931118606	매우 불리	N	주당FCF<=0	제외	하드필터 미통과	41089990.0	주당FCF 음수; 배당감안점수<1; PER>연성장률의 2배; fs=2025:CFS,2024:OFS,2022:OFS,2020:OFS
"=""060370"""	LS마린솔루션	직접추가	메인	28400.0	160.0	215.0	73563614656.0	401270740051.0	34931968525.0							판정불가	일반	일반	8420.98079299366	8420.98079299366	92.92567073026206	92.92567073026206	N	N	-56.032719836400815		29.95772295224761			68.41544590449521			14709.320869466472			-48.2066166568082	5년	68.41544590449521	14709.320869466472	-48.2066166568082	0.5633802816901409	-0.5969215946336623		0.32844641307494254	-1082.6513705871112	-3.812152713334899	5년	0.32844641307494254	불리(<1)	5년	29.95772295224761	3.101893654547273	매우 불리	N	주당FCF<=0	제외	하드필터 미통과	52238854.0	주당FCF 음수; 배당감안점수<1; PER>연성장률의 2배; fs=2025:CFS,2024:CFS,2022:OFS,2020:OFS
"=""064760"""	티씨케이	직접추가	메인	251000.0	1430.0	6138.0		241389914654.0	398463656.0							판정불가	일반	일반	21556.71199622592	21556.71199622592	37.38078983443696	37.38078983443696	N	N	-0.470244851629642	-8.665299530826331	3.4401484284882766	7.559510296740716		15.380296856976553	46400.27420139452		94404.26210812209	-81.51383497952409		-62.388740195967294	3년				0.5697211155378485	0.0026611600329687055	-0.21657055538806327	0.10727086189955364	4430.712212963539	1.7652239892285018	3년	-0.21657055538806327	불리(<1)	3년	-8.665299530826331		판정불가	Y	통과	보류	배당감안점수 또는 린치PER배수 미산출	11179416.0	1년 점수 과열 가능; 배당감안점수<1; fs=2025:OFS,2024:OFS,2022:OFS,2020:OFS
"=""065350"""	신성델타테크	직접추가	메인	30750.0	120.0	778.0	70602467437.0	14235723297.0	26783722267.0	310392918122.0						판정불가	일반	일반	2112.3045519879456	-9181.30283374863	36.809377182534774	51.32558204852009	N	Y	-2202.702702702703	7.457653300092337	18.00492575746233		23.415306600184675	44.50985151492466		18217.108534943676	34628.66447861139		-40.757370618069345	12.61354301987443	3년	23.415306600184675	18217.108534943676	-40.757370618069345	0.3902439024390244	-59.830201632566926	0.21320374869735675	0.49974139928206807	-2916.1518951716835	-9.483420797306287	3년	0.21320374869735675	불리(<1)	3년	7.457653300092337	4.935785521442653	매우 불리	N	주당FCF<=0	제외	하드필터 미통과	27483948.0	주당순현금 음수(보수형); 단기위험부채 존재; 주당FCF 음수; 배당감안점수<1; PER>연성장률의 2배; fs=2025:CFS,2024:CFS,2022:CFS,2020:CFS
"=""067160"""	SOOP	직접추가	메인	48600.0	3380.0	9556.0	134011835737.0	116354281889.0	5107094014.0	341000000.0						판정불가	일반	일반	21336.580690326304	21306.915017242194	2.853015833996829	2.856120236789222	N	N	0.7060807250500512	20.62187794636918	22.171262636843704	9.912161450100102	49.74375589273836	52.84252527368741	94720.61481715657	475351.3313110078	504963.17151535687	94.89838439744152	878.0891590761478	939.0188714307754	3년	49.74375589273836	475351.3313110078	878.0891590761478	6.954732510288066	2.6851632381605044	9.665775467507588	10.208844549708918	8736.18659282089	17.975692577820762	3년	9.665775467507588	안심(>=2)	3년	20.62187794636918	0.1383489826395345	매우 유망	Y	통과	매우 유망	배당감안점수>=2 & 린치PER배수<=0.5	11494767.0	단기위험부채 존재; fs=2025:CFS,2024:CFS,2022:CFS,2020:CFS
"=""067310"""	하나마이크론	직접추가	메인	42500.0	70.0	637.0	95587857414.0	13423479284.0	526063263829.0	282083074730.0						판정불가	일반	일반	-6282.96993586037	-10532.607361434337	76.58237038596604	83.2537007243867	Y	Y	-248.83177570093457	112.91119569846622			234.32239139693243			149263.36331984596			251.2079136937552		3년	234.32239139693243	149263.36331984596	251.2079136937552	0.16470588235294117	-3.2470537091673863	1.4765265296820933		365.9283093769816	0.8610077867693685	3년	1.4765265296820933	보통(1~1.5)	3년	112.91119569846622	0.678253116639401	헐값	N	주당순현금<=0	제외	하드필터 미통과	66378151.0	주당순현금 음수(린치식); 주당순현금 음수(보수형); 단기위험부채 존재; fs=2025:CFS,2024:CFS,2022:CFS,2020:CFS
"=""068760"""	셀트리온제약	직접추가	메인	41100.0	200.0	892.0	49871871397.0	67056726028.0	16559995254.0	142000000000.0						판정불가	일반	일반	2297.7149853074225	-953.057874493612	43.50031952319796	47.144683715800014	N	Y	67.984934086629	8.88354924631798	8.803232347597788	144.469868173258	26.26709849263596	26.106464695195577	128867.12241054613	23430.251855431277	23286.966508114456	213.5453100013288	-42.992087942989585	-43.34071409217894	3년	26.26709849263596	23430.251855431277	-42.992087942989585	0.48661800486618007	1.5740471068259738	0.2154045614811453	0.213558209555446	1568.3314891607329	3.8158917011210045	3년	0.2154045614811453	불리(<1)	3년	8.88354924631798	4.896727458479257	매우 불리	Y	통과	제외	배당감안점수<1	43681920.0	주당순현금 음수(보수형); 단기위험부채 존재; 1년 점수 과열 가능; 배당감안점수<1; PER>연성장률의 2배; fs=2025:OFS,2024:OFS,2022:OFS,2020:CFS
"=""069080"""	웹젠	직접추가	메인	11440.0	700.0	824.0	76341719302.0	213754694539.0	2319695757.0							판정불가	일반	일반	8317.033694399253	8317.033694399253	3.790007652428091	3.790007652428091	N	N	-57.34989648033127	-30.371590084613665	-21.712609701138675										3년				6.118881118881119	-13.517391008070575	-6.399118732700949	-4.114431951678868	252.97191620884598	2.211292973853549	3년	-6.399118732700949	불리(<1)	3년	-30.371590084613665		판정불가	Y	통과	보류	배당감안점수 또는 린치PER배수 미산출	34600884.0	1년 점수 과열 가능; 배당감안점수<1; fs=2025:CFS,2024:CFS,2022:CFS,2020:CFS
"=""074600"""	원익QnC	직접추가	메인	31700.0	130.0	856.0	60554080902.0		563442812278.0	193450864716.0						판정불가	일반	일반	-19129.973043822276	-26488.876905508216	59.3808096306335	67.97765993634137	Y	Y	-55.73940020682524	-25.232199628488928	-2.709047471928838			3.0819050561423236			2638.110728057829			-91.67788413861884	3년				0.4100946372239748	-0.9317708181105341	-0.41801560378960667	-0.038715417472497286	-169.76250703743153	-0.535528413367292	3년	-0.41801560378960667	불리(<1)	3년	-25.232199628488928		판정불가	N	주당순현금<=0 / 주당FCF<=0	제외	하드필터 미통과	26288000.0	주당순현금 음수(린치식); 주당순현금 음수(보수형); 단기위험부채 존재; 주당FCF 음수; 1년 점수 과열 가능; 배당감안점수<1; fs=2025:CFS,2024:CFS,2022:CFS,2020:CFS
"=""078340"""	컴투스	직접추가	메인	26900.0	1300.0	3192.0	108935942067.0	773963846697.0	700607322.0	202088628300.0						판정불가	일반	일반	69258.60808611878	53393.2826578938	-13.270240628483327	-8.299900582046929	N	N	-133.82072472981562	4.377483829565754	-13.665781011212907		17.25496765913151			55077.85676794778			104.75039690686904		3년	17.25496765913151	55077.85676794778	104.75039690686904	4.83271375464684	9.720095858571556	-0.6940490260925464	0.6656297729527766	-4371.490479523275	-16.250893975922956	3년	-0.6940490260925464	불리(<1)	3년	4.377483829565754		판정불가	N	주당FCF<=0 / 순현금차감PER<=0	제외	하드필터 미통과	12737755.0	단기위험부채 존재; 주당FCF 음수; 1년 점수 과열 가능; 배당감안점수<1; fs=2025:CFS,2024:CFS,2022:CFS,2020:CFS
"=""078600"""	대주전자재료	직접추가	메인	87600.0	100.0	1377.0	87095348554.0	15651970912.0	158800187034.0	175574260916.0						판정불가	일반	일반	-3620.8475714076326	-14962.419623330967	66.24607666768891	74.48251243524398	Y	Y	-39.28571428571429	173.91745789192484	31.893371216078826		356.3349157838497	72.28674243215765		490673.17903436103	99538.84432908108		460.12919981091443	13.628817727261499	3년	356.3349157838497	490673.17903436103	460.12919981091443	0.1141552511415525	-0.5913038326944184	2.6270478479210704	0.48316108782985245	-829.2141970272069	-0.9465915491178161	3년	2.6270478479210704	안심(>=2)	3년	173.91745789192484	0.3809052723669369	매우 유망	N	주당순현금<=0 / 주당FCF<=0	제외	하드필터 미통과	15480593.0	주당순현금 음수(린치식); 주당순현금 음수(보수형); 단기위험부채 존재; 주당FCF 음수; fs=2025:CFS,2024:CFS,2022:CFS,2020:CFS
"=""079370"""	제우스	직접추가	메인	9520.0	50.0	-192.0	51037898024.0	65791769419.0	8302109795.0	32588150000.0						판정불가	일반	일반	3498.9712943776944	2448.316475841144			N	N	-114.13843888070691												1년				0.5252100840336135				480.0699799690428	5.042751890431122	판정불가		판정불가	1년	-114.13843888070691		판정불가	N	순현금차감PER<=0	제외	하드필터 미통과	31016990.0	단기위험부채 존재; fs=2025:CFS,2024:CFS,2022:CFS,2020:CFS
"=""080220"""	제주반도체	직접추가	메인	89700.0		1173.0	77229831529.0		56955110913.0	52000000000.0						판정불가	일반	일반	588.6484603632924	-921.099590849568	75.9687566407815	77.25583937838837	N	Y	101.89328743545612	18.439828634196754	28.179821594920938	212.28657487091223	45.37965726839351	64.85964318984188	249012.15232358006	53230.33797582558	76080.36146168452	177.60552098503908	-40.657371264408496	-15.183543520976016	3년	45.37965726839351	53230.33797582558	-40.657371264408496		1.3412525351343951	0.2427291093019929	0.3709396183508611	662.8416875870809	0.7389539437983065	3년	0.2427291093019929	불리(<1)	3년	18.439828634196754	4.119819015014981	매우 불리	Y	통과	제외	배당감안점수<1	34442833.0	주당순현금 음수(보수형); 단기위험부채 존재; 1년 점수 과열 가능; 배당감안점수<1; PER>연성장률의 2배; fs=2025:CFS,2024:CFS,2022:CFS,2020:CFS
"=""082270"""	젬백스	직접추가	메인	11490.0		-275.0	17577870390.0	7201968045.0	70254205068.0	28370000000.0						판정불가	일반	일반	-1065.4627968128407	-1730.170890265316			Y	Y	-87.51135331516802												1년								-23.58019853099277	-0.2052236599738274	판정불가		판정불가	1년	-87.51135331516802		판정불가	N	주당순현금<=0 / 주당FCF<=0 / 순현금차감PER<=0	제외	하드필터 미통과	42680389.0	주당순현금 음수(린치식); 주당순현금 음수(보수형); 단기위험부채 존재; 주당FCF 음수; fs=2025:CFS,2024:CFS,2022:CFS,2020:CFS
"=""083650"""	비에이치아이	직접추가	메인	55200.0		2107.0	59951352513.0	53304037268.0	622700352.0	144462567432.0						판정불가	일반	일반	3639.8437334410537	-1028.6159601866252	24.47088574587515	26.686576155760143	N	Y	232.85939968404423		64.67325023520193	474.21879936808847		137.84650047040387	999179.0102685624		290442.57649114094	1710.106902660439		426.1640878462698	5년	137.84650047040387	290442.57649114094	426.1640878462698		9.515773237725789		2.642865113540214	3031.7588454121305	5.4923167489350195	5년	2.642865113540214	안심(>=2)	5년	64.67325023520193	0.37837723721755273	매우 유망	Y	통과	매우 유망	배당감안점수>=2 & 린치PER배수<=0.5	30944375.0	주당순현금 음수(보수형); 단기위험부채 존재; fs=2025:CFS,2024:CFS,2022:CFS,2020:CFS
"=""084370"""	유진테크	직접추가	메인	175300.0	230.0	1906.0	54924701691.0	234822263434.0	6336490405.0							판정불가	일반	일반	12367.339644429	12367.339644429	85.48408203335309	85.48408203335309	N	N	-33.00527240773287	3.947412856408672	65.18029584829917		16.394825712817344	138.86059169659833		31248.53780862986	264668.28777371644		-82.17425110745586	50.98019838774468	3년	16.394825712817344	31248.53780862986	-82.17425110745586	0.13120365088419852	-0.3845636283960128	0.0477119998282432	0.7640194284791052	1973.6983229477412	1.1258975031076675	3년	0.0477119998282432	불리(<1)	3년	3.947412856408672	21.655723670902237	매우 불리	Y	통과	제외	배당감안점수<1	22916042.0	배당감안점수<1; PER>연성장률의 2배; fs=2025:CFS,2024:CFS,2022:CFS,2020:CFS
"=""085660"""	차바이오텍	직접추가	메인	10650.0		-1637.0	237558379314.0	99903314337.0	180527446040.0	452876679529.0						판정불가	일반	일반	1978.9350269900492	-3731.823062272725			N	Y	1036.8055555555554			2082.111111111111									1년	2082.111111111111							-2832.0564640718517	-26.59207947485307	판정불가		판정불가	1년	1036.8055555555554		판정불가	N	주당FCF<=0 / 순현금차감PER<=0	제외	하드필터 미통과	79302375.0	주당순현금 음수(보수형); 단기위험부채 존재; 주당FCF 음수; fs=2025:CFS,2024:CFS,2022:CFS,2020:CFS
"=""086450"""	동국제약	직접추가	메인	20450.0	200.0	1487.0	56178706285.0	62418400000.0								판정불가	일반	일반	2622.0651120418515	2622.0651120418515	11.989196293179656	11.989196293179656	N	N	7.59768451519538	7.320275876340965	3.1564796792116656	23.695369030390758	23.14055175268193	14.812959358423331	35235.01374819106	34410.00045623803	22026.870565975492	72.29835573687558	68.26406091069941	7.710858513327601	3년	23.14055175268193	34410.00045623803	68.26406091069941	0.9779951100244498	0.7152839452714868	0.6921457271565473	0.3448500373280327	503.2892639290106	2.4610721952518855	3년	0.6921457271565473	불리(<1)	3년	7.320275876340965	1.6378066203663963	보통	Y	통과	제외	배당감안점수<1	45230420.0	배당감안점수<1; fs=2025:CFS,2024:CFS,2022:CFS,2020:CFS
"=""086520"""	에코프로	직접추가	메인	86900.0	150.0		1186767418765.0	423610001201.0	485092134487.0							판정불가	일반	일반	8287.79773843495	8287.79773843495			N	N													판정불가				0.17261219792865362				-3483.5949425198028	-4.0087398648098995	판정불가		판정불가	판정불가			판정불가	N	주당FCF<=0 / 순현금차감PER<=0	제외	하드필터 미통과	135776152.0	주당FCF 음수; EPS 미추출; fs=2025:CFS,2024:CFS,2022:CFS,2020:CFS
"=""086900"""	메디톡스	직접추가	메인	79400.0	1200.0	2371.0	48894962765.0	50000000.0	21494864245.0	56620000000.0						판정불가	일반	일반	3546.9221251168738	-3769.143810959679	31.992019348326917	35.07766504047224	N	Y	-0.25241901556584123	-25.637787081100825		7.9951619688683175			18956.529028186782			-76.12527830203176			3년				1.5113350125944585	0.0393509388488931	-0.7541397060879218		3512.714172726347	4.424073265398422	3년	-0.7541397060879218	불리(<1)	3년	-25.637787081100825		판정불가	Y	통과	보류	배당감안점수 또는 린치PER배수 미산출	7739132.0	주당순현금 음수(보수형); 단기위험부채 존재; 1년 점수 과열 가능; 배당감안점수<1; fs=2025:CFS,2024:CFS,2022:CFS,2020:CFS
"=""087010"""	펩트론	직접추가	메인	178100.0		-595.0	4377757821.0	133067915184.0	20034400151.0	3490000000.0						판정불가	일반	일반	5035.360915970296	4885.686960739536			N	N	-43.92082940622055												1년								-1011.3816438403163	-0.5678729050198295	판정불가		판정불가	1년	-43.92082940622055		판정불가	N	주당FCF<=0 / 순현금차감PER<=0	제외	하드필터 미통과	23317350.0	단기위험부채 존재; 주당FCF 음수; fs=2025:OFS,2024:OFS,2022:OFS,2020:OFS
"=""089030"""	테크윙	직접추가	메인	47450.0	130.0	263.0	42167522083.0	66570576964.0	254064566865.0	85500000000.0						판정불가	일반	일반	-3922.0559223795663	-6229.521220327987	195.33101111170936	204.10464342330033	Y	Y	-145.03424657534248	-33.29260076378455	-31.24719875603965										3년				0.273972602739726	-0.7411023633611086	-0.16903935515984989	-0.15856788933318125	-1267.0496624825978	-2.6702837986988364	3년	-0.16903935515984989	불리(<1)	3년	-33.29260076378455		판정불가	N	주당순현금<=0 / 주당FCF<=0	제외	하드필터 미통과	37053645.0	주당순현금 음수(린치식); 주당순현금 음수(보수형); 단기위험부채 존재; 주당FCF 음수; 배당감안점수<1; fs=2025:CFS,2024:CFS,2022:CFS,2020:CFS
"=""095340"""	ISC	반도체소부장	메인	167000.0	850.0	2743.0	79871448500.0	262260000000.0	20000000000.0	0.0						판정불가	일반	일반	15196.988586812378	15196.988586812378	55.34196551702065	55.34196551702065	N	N	2.6956196181205483	2.7852556628800373		13.891239236241097	14.070511325760075		38103.669225009326	38595.412566559884		-77.18343160179082	-76.88897451104198		3년	14.070511325760075	38595.412566559884	-76.88897451104198	0.5089820359281437	0.0579054542806779	0.059525130125619136		1668.9997838851034	0.9994010681946728	3년	0.059525130125619136	불리(<1)	3년	2.7852556628800373	19.869617807291487	매우 불리	Y	통과	제외	배당감안점수<1	21197058.0	배당감안점수<1; PER>연성장률의 2배; fs=2025:CFS,2024:CFS,2022:CFS,2020:CFS
"=""095610"""	테스	직접추가	메인	177800.0	850.0	3244.0	12143208427.0	19422130000.0	45890019125.0	6000000000.0						판정불가	일반	일반	-739.9111930785124	-1049.8285484504133	55.03696399293418	55.13249955254328	Y	Y	33.388157894736835	7.932866974470154	15.47414404638392	75.27631578947367	24.36573394894031	39.44828809276784	244196.36842105258	79042.44093036237	127970.24657293886	37.343289325676366	-55.54418395367695	-28.025733086086124	3년	24.36573394894031	79042.44093036237	-55.54418395367695	0.4780652418447694	0.6153359611356733	0.15282333192279185	0.2898453717446457	2545.6724063016527	1.431761758324889	3년	0.15282333192279185	불리(<1)	3년	7.932866974470154	6.937840275156028	매우 불리	N	주당순현금<=0	제외	하드필터 미통과	19360000.0	주당순현금 음수(린치식); 주당순현금 음수(보수형); 단기위험부채 존재; 1년 점수 과열 가능; 배당감안점수<1; PER>연성장률의 2배; fs=2025:CFS,2024:CFS,2022:CFS,2020:CFS
"=""096530"""	씨젠	직접추가	메인	28950.0	1000.0	1047.0	225571649515.0	360333985428.0	622000000.0	35000000000.0						판정불가	일반	일반	11206.749553546075	10536.585190566215	16.94675305296459	17.586833628876587	N	N	-337.4149659863946	-33.6594910792955	-44.18255789740394										3년				3.454231433506045	-19.706473181567187	-1.7823626479590131	-2.403311497878531	2084.5609410899865	7.200555927771974	3년	-1.7823626479590131	불리(<1)	3년	-33.6594910792955		판정불가	Y	통과	보류	배당감안점수 또는 린치PER배수 미산출	52225994.0	단기위험부채 존재; 배당감안점수<1; fs=2025:CFS,2024:CFS,2022:CFS,2020:CFS
"=""095660"""	네오위즈	직접추가	메인	17990.0	303.0	2522.0	71506938430.0									판정불가	일반	일반	3271.6081990167277	3271.6081990167277	5.835999921087737	5.835999921087737	N	N	2037.2881355932204	59.20438360697895	-2.0836107187727326	4083.076271186441	126.9087672139579	4.332778562454535	10297518.355932204	320063.9109136018	10927.267534510336	57140.23544153532	1679.1212390972862	-39.259213260087066	3년	126.9087672139579	320063.9109136018	1679.1212390972862	1.6842690383546415	349.37841538756277	10.433285378452322	-0.06842729366309866	3260.7172211176594	18.125165209103162	3년	10.433285378452322	안심(>=2)	3년	59.20438360697895	0.09857378061444415	매우 유망	Y	통과	매우 유망	배당감안점수>=2 & 린치PER배수<=0.5	21856816.0	1년 점수 과열 가능; fs=2025:CFS,2024:CFS,2022:CFS,2020:CFS
"=""098460"""	고영	직접추가	메인	29650.0	140.0	224.0	38350539836.0	108302448348.0	130000000.0							판정불가	일반	일반	2134.20014657397	2134.20014657397	122.83839220279478	122.83839220279478	N	N	-29.780564263322884	-27.342844665373022	-19.8684275951016										3년				0.4721753794266442	-0.238593068163175	-0.21874813569348414	-0.15790057056147028	67.09347125337494	0.22628489461509255	3년	-0.21874813569348414	불리(<1)	3년	-27.342844665373022		판정불가	Y	통과	보류	배당감안점수 또는 린치PER배수 미산출	68654755.0	1년 점수 과열 가능; 배당감안점수<1; fs=2025:CFS,2024:CFS,2022:CFS,2020:CFS
"=""101490"""	에스앤에스텍	직접추가	메인	48700.0	200.0	2797.0	80010035302.0	5017410958.0	26284266393.0							판정불가	일반	일반	2753.387064768448	2753.387064768448	16.427105089464266	16.427105089464266	N	N	92.63085399449037	49.44549088724932	38.14129881462278	193.76170798898073	107.39098177449864	84.78259762924556	541951.4972451791	300372.5760232727	237136.92556899984	1012.8367499901009	516.7814702736606	386.9341387453796	3년	107.39098177449864	300372.5760232727	516.7814702736606	0.41067761806981523	5.6639031104898425	3.0349941900167803	2.3468515129557668	-824.5298757963427	-1.693079827097213	3년	3.0349941900167803	안심(>=2)	3년	49.44549088724932	0.33222655483233116	매우 유망	N	주당FCF<=0	제외	하드필터 미통과	21334879.0	주당FCF 음수; fs=2025:CFS,2024:CFS,2022:CFS,2020:CFS
"=""101730"""	위메이드맥스	직접추가	메인	4700.0		-428.0	87314200557.0	1089498400.0	47187676.0							판정불가	일반	일반	1054.3323000604057	1054.3323000604057			N	N	57.933579335793354			124.36715867158671									1년	124.36715867158671							-361.51561182219035	-7.691821528131709	판정불가		판정불가	1년	57.933579335793354		판정불가	N	주당FCF<=0 / 순현금차감PER<=0	제외	하드필터 미통과	83803286.0	주당FCF 음수; fs=2025:CFS,2024:CFS,2022:CFS,2020:CFS
"=""108860"""	셀바스AI	직접추가	메인	7330.0		-223.0	44225022689.0	3028278620.0	1233866983.0	11020289931.0						판정불가	일반	일반	1709.8195574254898	1300.3684738019506			N	N	3.240740740740744			14.981481481481488									1년	14.981481481481488							268.77394321114895	3.6667659373963017	판정불가		판정불가	1년	3.240740740740744		판정불가	N	순현금차감PER<=0	제외	하드필터 미통과	26914790.0	단기위험부채 존재; fs=2025:CFS,2024:CFS,2022:CFS,2020:CFS
"=""112040"""	위메이드	직접추가	메인	22100.0	295.0		296472812229.0	313121139570.0	4174361195.0							판정불가	일반	일반	17833.479940885725	17833.479940885725			N	N													판정불가				1.334841628959276				1630.3323190317517	7.377069316885754	판정불가		판정불가	판정불가			판정불가	N	순현금차감PER<=0	제외	하드필터 미통과	33948483.0	EPS 미추출; fs=2025:CFS,2024:CFS,2022:CFS,2020:CFS
"=""121600"""	나노신소재	직접추가	메인	46850.0	250.0	136.0	55326376541.0	186859366032.0	162519871152.0							판정불가	일반	일반	6524.005023015364	6524.005023015364	296.51466894841644	296.51466894841644	N	N	-187.74193548387098	-57.81026287933078	-2.7067161445867516			3.086567710826497			419.7732086724036			-99.10400595800981	3년				0.5336179295624333	-0.6313627525351081	-0.19316631164622938	-0.00732880508991737	380.8349060300506	0.8128813362434378	3년	-0.19316631164622938	불리(<1)	3년	-57.81026287933078		판정불가	Y	통과	보류	배당감안점수 또는 린치PER배수 미산출	12211191.0	배당감안점수<1; fs=2025:CFS,2024:CFS,2022:CFS,2020:CFS
"=""122870"""	와이지엔터테인먼트	직접추가	메인	43850.0	300.0	1990.0	168219905571.0	18417244062.0	7408282828.0							판정불가	일반	일반	9589.02129061884	9589.02129061884	17.21657221576943	17.21657221576943	N	N	99.1991991991992	2.8708421054929767	22.411692325937338	206.8983983983984	14.241684210985953	53.323384651874676	411727.8128128128	28340.95157986205	106113.53545723061	838.9459813291056	-35.36841144843318	141.9920991042887	3년	14.241684210985953	28340.95157986205	-35.36841144843318	0.6841505131128849	5.801581665647966	0.206486667267581	1.3414890344952468	4456.78787193806	10.163712364739018	3년	0.206486667267581	불리(<1)	3년	2.8708421054929767	5.997046017552758	매우 불리	Y	통과	제외	배당감안점수<1	18691049.0	1년 점수 과열 가능; 배당감안점수<1; PER>연성장률의 2배; fs=2025:CFS,2024:CFS,2022:CFS,2020:CFS
"=""131290"""	티에스이	직접추가	메인	246000.0	450.0	3526.0	75817114809.0	24192525681.0								판정불가	일반	일반	9041.29479925243	9041.29479925243	67.20326296107417	67.20326296107417	N	N	-10.869565217391308	-8.574311564657378	6.33162898184505			21.1632579636901			74621.6475799713			-69.66599691871085	3년				0.1829268292682927	-0.1590196356137199	-0.1248657336809611	0.09693808788550547	-202.5541856300845	-0.08233909984962785	3년	-0.1248657336809611	불리(<1)	3년	-8.574311564657378		판정불가	N	주당FCF<=0	제외	하드필터 미통과	11061429.0	주당FCF 음수; 1년 점수 과열 가능; 배당감안점수<1; fs=2025:CFS,2024:CFS,2022:CFS,2020:CFS
"=""131970"""	두산테스나	직접추가	메인	101000.0	160.0	78.0	109546970000.0	5000000.0	173189735000.0	164500000000.0						판정불가	일반	일반	-3292.6466264864125	-11803.950724878538	1337.0852131600823	1446.2044964728018	Y	Y	-95.92050209205021	-70.63378581277699	-48.99682259345528										3년				0.15841584158415842	-0.07162003237186422	-0.052708211322321445	-0.0365260241241064	6334.127307792246	6.271413176031928	3년	-0.052708211322321445	불리(<1)	3년	-70.63378581277699		판정불가	N	주당순현금<=0	제외	하드필터 미통과	19327238.0	주당순현금 음수(린치식); 주당순현금 음수(보수형); 단기위험부채 존재; 1년 점수 과열 가능; 배당감안점수<1; fs=2025:OFS,2024:CFS,2022:OFS,2020:OFS
"=""137400"""	피엔티	직접추가	메인	34800.0	200.0	3215.0	48614784915.0	2883423500.0	147061731360.0	118697154998.0						판정불가	일반	일반	-4033.7942736500117	-9044.073189435125	12.078940676096426	13.637347803867847	Y	Y	-48.40314556251003	5.939543368649525	13.365820704844978		20.379086737299048	35.231641409689956		65518.76386041644	113269.7271321532		88.27230994372539	225.4877216441184	3년	20.379086737299048	65518.76386041644	88.27230994372539	0.5747126436781609	-3.9596545923502853	0.5393068967727482	1.1541188687275123	-5203.342672542608	-14.952134116501748	3년	0.5393068967727482	불리(<1)	3년	5.939543368649525	2.0336480308995233	매우 불리	N	주당순현금<=0 / 주당FCF<=0	제외	하드필터 미통과	23690728.0	주당순현금 음수(린치식); 주당순현금 음수(보수형); 단기위험부채 존재; 주당FCF 음수; 배당감안점수<1; PER>연성장률의 2배; fs=2025:CFS,2024:CFS,2022:CFS,2020:CFS
"=""140860"""	파크시스템스	직접추가	메인	265500.0	500.0	4963.0	75059752464.0	4013999311.0	81434883898.0	32966292992.0						판정불가	일반	일반	-337.4744350621034	-5049.316265171743	53.56386750656097	54.513261387300375	Y	Y	-19.62753036437247	6.914619637756436	27.071013078978922		22.329239275512872	62.642026157957844		110820.01452437039	310892.3758219448		-58.259881535077064	17.096940045930232	3년	22.329239275512872	110820.01452437039	-58.259881535077064	0.18832391713747645	-0.3629164089925715	0.13260699582650343	0.5089127851490082	-4263.863715695771	-1.6059750341603656	3년	0.13260699582650343	불리(<1)	3년	6.914619637756436	7.7464662284649775	매우 불리	N	주당순현금<=0 / 주당FCF<=0	제외	하드필터 미통과	6996477.0	주당순현금 음수(린치식); 주당순현금 음수(보수형); 단기위험부채 존재; 주당FCF 음수; 배당감안점수<1; PER>연성장률의 2배; fs=2025:CFS,2024:CFS,2022:CFS,2020:CFS
"=""141080"""	리가켐바이오	직접추가	메인	142900.0		-2042.0	98649999024.0	4839923273.0	59784887707.0	0.0						판정불가	일반	일반	1193.789431553459	1193.789431553459			N	N	-999.5594713656387												1년								-3566.5843945499764	-2.4958603180895564	판정불가		판정불가	1년	-999.5594713656387		판정불가	N	주당FCF<=0 / 순현금차감PER<=0	제외	하드필터 미통과	36610338.0	주당FCF 음수; fs=2025:CFS,2024:CFS,2022:CFS,2020:OFS
"=""145020"""	휴젤	직접추가	메인	270000.0		13061.0	209698099582.0	329970257844.0	26913106215.0							판정불가	일반	일반	41673.754549504214	41673.754549504214	17.48152863107693	17.48152863107693	N	N	4.321086261980822	39.501975429687434	31.2527994792986	17.142172523961644	87.50395085937487	71.0055989585972	223893.91533546304	1142889.102174295	927404.1279982381	-17.076327653532207	323.2922600645537	243.48301036971782	3년	87.50395085937487	1142889.102174295	323.2922600645537		0.24718011526172962	2.259640805064652	1.7877612501083266	9796.458970973175	3.628318137397472	3년	2.259640805064652	안심(>=2)	3년	39.501975429687434	0.44254821286580037	매우 유망	Y	통과	매우 유망	배당감안점수>=2 & 린치PER배수<=0.5	12304033.0	fs=2025:CFS,2024:CFS,2022:CFS,2020:CFS
"=""194480"""	데브시스터즈	직접추가	메인	17160.0		953.0	12035223609.0	112681173019.0	79632914264.0							판정불가	일반	일반	3716.953155332402	3716.953155332402	14.10603026722728	14.10603026722728	N	N	-63.275529865125236												1년					-4.485707790669787			367.56073533594684	2.1419623271325574	1년	-4.485707790669787	불리(<1)	1년	-63.275529865125236		판정불가	Y	통과	보류	배당감안점수 또는 린치PER배수 미산출	12129150.0	배당감안점수<1; fs=2025:CFS,2024:CFS,2022:CFS,2020:CFS
"=""196170"""	알테오젠	직접추가	메인	351500.0	371.0	2653.0	66380706542.0	363641391678.0	6204706421.0	0.0						판정불가	일반	일반	7920.963462850038	7920.963462850038	129.50585621453072	129.50585621453072	N	N	126.3651877133106			261.2303754266212			693044.1860068261			97.16762048558354			1년	261.2303754266212	693044.1860068261	97.16762048558354	0.10554765291607396	0.9765638331962667			1695.3263015208747	0.4823118923245732	1년	0.9765638331962667	불리(<1)	1년	126.3651877133106	1.024853906032613	보통	Y	통과	제외	배당감안점수<1	53505788.0	배당감안점수<1; fs=2025:CFS,2024:CFS,2022:CFS,2020:CFS
"=""200130"""	콜마비앤에이치	직접추가	메인	8160.0	75.0	-800.0	83107448913.0	1401160966.0	97587149400.0	86424320000.0						판정불가	일반	일반	-444.6130010860239	-3382.6609551652905			Y	Y	-228.8244766505636												1년				0.9191176470588236				529.9576345959509	6.494578855342537	판정불가		판정불가	1년	-228.8244766505636		판정불가	N	주당순현금<=0 / 순현금차감PER<=0	제외	하드필터 미통과	29415558.0	주당순현금 음수(린치식); 주당순현금 음수(보수형); 단기위험부채 존재; fs=2025:CFS,2024:CFS,2022:CFS,2020:CFS
"=""213420"""	덕산네오룩스	직접추가	메인	30350.0		2165.0	126289412183.0	23523118181.0	73316735293.0	0.0						판정불가	일반	일반	3080.6348369926372	3080.6348369926372	12.595549728871761	12.595549728871761	N	N	16.21041331186259	11.211848026446525	9.282628183044572	40.92082662372518	30.92369605289305	27.065256366089145	88593.58964036503	66949.80195451346	58596.280032582996	191.90639090729826	120.59242818620581	93.06846798215156	3년	30.92369605289305	66949.80195451346	120.59242818620581		1.2869953007850679	0.8901436037163595	0.7369768198180945	1872.3304627621587	6.169128378129024	3년	0.8901436037163595	불리(<1)	3년	11.211848026446525	1.1234142399327354	보통	Y	통과	제외	배당감안점수<1	24831179.0	배당감안점수<1; fs=2025:CFS,2024:CFS,2022:CFS,2020:OFS
"=""214150"""	클래시스	직접추가	메인	47900.0	1000.0	2017.0	37521303951.0	180409959460.0	65234627334.0	21324811600.0						판정불가	일반	일반	2331.044957154007	2005.5034401989606	22.592441766408523	22.75384063450721	N	N	32.959789057350044	20.077044785232843	27.870621881389045	74.41957811470009	48.654089570465686	64.24124376277808	150104.28905735008	98135.29866362929	129574.5886695234	213.37012329300643	104.87536255454968	170.5106235271887	3년	48.654089570465686	98135.29866362929	104.87536255454968	2.0876826722338206	1.5512918918615537	0.9810682566601631	1.326032168783378	2208.700745152415	4.611066273804624	3년	0.9810682566601631	불리(<1)	3년	20.077044785232843	1.1252872127388895	보통	Y	통과	제외	배당감안점수<1	65505659.0	단기위험부채 존재; 배당감안점수<1; fs=2025:CFS,2024:CFS,2022:CFS,2020:CFS
"=""214370"""	케어젠	직접추가	메인	73000.0	437.0	411.0	8858967118.0	20193560836.0								판정불가	일반	일반	540.864338713581	540.864338713581	176.29960014911538	176.29960014911538	N	N	-37.537993920972646	-47.1104514333951	-33.636607256804616										3년				0.5986301369863014	-0.20952607806678394	-0.2638226136478403	-0.18739677850587622	254.4480822302895	0.3485590167538212	3년	-0.2638226136478403	불리(<1)	3년	-47.1104514333951		판정불가	Y	통과	보류	배당감안점수 또는 린치PER배수 미산출	53715000.0	1년 점수 과열 가능; 배당감안점수<1; fs=2025:CFS,2024:CFS,2022:CFS,2020:CFS
"=""214430"""	아이쓰리시스템	직접추가	메인	61500.0	400.0	2657.0	9957436148.0	48991860345.0	8260246938.0							판정불가	일반	일반	6936.849340685883	6936.849340685883	20.535623131093004	20.535623131093004	N	N	23.237476808905377	43.93661447574133	43.74102307298442	54.974953617810755	96.37322895148266	95.98204614596884	146068.45176252318	256063.66932408942	255024.2966098392	137.50967766263932	316.363689957869	314.6736530241288	3년	96.37322895148266	256063.66932408942	316.363689957869	0.6504065040650406	1.1632412204137965	2.171203702715849	2.161679209521349	539.5952980718372	0.877390728572093	3년	2.171203702715849	안심(>=2)	3년	43.93661447574133	0.46739202317081835	매우 유망	Y	통과	매우 유망	배당감안점수>=2 & 린치PER배수<=0.5	7307215.0	fs=2025:OFS,2024:OFS,2022:OFS,2020:OFS
"=""214450"""	파마리서치	직접추가	메인	360500.0	3700.0	14933.0	175663243434.0		859864326.0	0.0						판정불가	일반	일반	16824.76433349811	16824.76433349811	23.01448039017625	23.01448039017625	N	N	67.01711217984565	54.27336919294326	34.07294725066401	142.5342243596913	117.04673838588651	76.64589450132802	2128463.5723632704	1747858.9443164433	1144553.1425883314	490.41985363752303	384.84298039291076	217.49046951132632	3년	117.04673838588651	1747858.9443164433	384.84298039291076	1.0263522884882108	2.956550107356683	2.402822942074165	1.5250963282288306	14185.294456944066	3.9348944402063983	3년	2.402822942074165	안심(>=2)	3년	54.27336919294326	0.4240473870040971	매우 유망	Y	통과	매우 유망	배당감안점수>=2 & 린치PER배수<=0.5	10389648.0	fs=2025:CFS,2024:CFS,2022:CFS,2020:CFS
"=""215000"""	골프존	직접추가	메인	39800.0	4000.0	4269.0	90091026465.0	73299594130.0	56440641971.0	1554856235.0						판정불가	일반	일반	17042.69416827413	16794.92470043814	5.330828257607371	5.388867486428171	N	N	-47.87545787545787	-38.43313022210878	-6.892422764340401										3년				10.050251256281408	-7.095559037228016	-5.324290634447568	0.5923710799413995	10188.638934795548	25.599595313556655	3년	-5.324290634447568	불리(<1)	3년	-38.43313022210878		판정불가	Y	통과	보류	배당감안점수 또는 린치PER배수 미산출	6275415.0	단기위험부채 존재; 1년 점수 과열 가능; 배당감안점수<1; fs=2025:CFS,2024:CFS,2022:CFS,2020:CFS
"=""215200"""	메가스터디교육	직접추가	메인	40800.0	3000.0	8072.0	66298633028.0		36685724461.0	13667071299.0						판정불가	일반	일반	2856.9504549639873	1538.3989362112666	4.700576009048069	4.863924809686414	N	N	92.23624672541082	-2.8115416132021287	34.54221143364424	192.97249345082164	2.8769167735957426	77.58442286728848	1557673.9671350324	23222.472196464834	626261.4613847526	3717.828350821158	-43.08217598905678	1434.954562217531	3년	2.8769167735957426	23222.472196464834	-43.08217598905678	7.352941176470589	21.186592389992985	0.9661368212165461	8.912769951910462	10570.647660791632	25.908450148999094	3년	0.9661368212165461	불리(<1)	3년	-2.8115416132021287		판정불가	Y	통과	보류	배당감안점수 또는 린치PER배수 미산출	10365216.0	단기위험부채 존재; 1년 점수 과열 가능; 배당감안점수<1; fs=2025:CFS,2024:CFS,2022:CFS,2020:CFS
"=""218410"""	RFHIC	직접추가	메인	56200.0	400.0	1131.0	109923743273.0		50413553988.0	7000000000.0						판정불가	일반	일반	2245.375875518357	1981.2592373850914	47.7052379526805	47.93876283166659	N	N	13.66834170854272	120.15011325715346	67.80648322593032	35.83668341708544	248.80022651430693	144.11296645186064	40531.28894472363	281393.05618768116	162991.76505705438	-27.880268781630548	400.69938823430806	190.0209342652213	3년	248.80022651430693	281393.05618768116	400.69938823430806	0.7117437722419928	0.3014361964832567	2.533513346045565	1.43628309885251	916.5035427473911	1.6307892219704467	3년	2.533513346045565	안심(>=2)	3년	120.15011325715346	0.39704696616122614	매우 유망	Y	통과	매우 유망	배당감안점수>=2 & 린치PER배수<=0.5	26503442.0	단기위험부채 존재; fs=2025:CFS,2024:CFS,2022:CFS,2020:CFS
"=""222080"""	SFA넥셀	직접추가	메인	8360.0		371.0	209198215167.0	3000000000.0	3998891229.0							판정불가	일반	일반	2690.8927928932903	2690.8927928932903	15.280612418077386	15.280612418077386	N	N	-52.61813537675606	24.989472797659506			58.47894559531901			21695.688815863352			159.51780880219323		3년	58.47894559531901	21695.688815863352	159.51780880219323		-3.4434572343780774	1.6353711562042024		1242.7502619525433	14.865433755413196	3년	1.6353711562042024	양호(>=1.5)	3년	24.989472797659506	0.611481984506234	헐값	Y	통과	양호	배당감안점수>=1.5 & 린치PER배수<1	77371839.0	fs=2025:CFS,2024:CFS,2022:CFS,2020:OFS
"=""222800"""	심텍	직접추가	메인	124700.0	100.0		53984334079.0		139875618759.0	442095713229.0						판정불가	일반	일반	-2300.112025482793	-14139.144008773126			Y	Y													판정불가				0.08019246190858059				-6828.888249112573	-5.476253607949136	판정불가		판정불가	판정불가			판정불가	N	주당순현금<=0 / 주당FCF<=0 / 순현금차감PER<=0	제외	하드필터 미통과	37342218.0	주당순현금 음수(린치식); 주당순현금 음수(보수형); 단기위험부채 존재; 주당FCF 음수; EPS 미추출; fs=2025:CFS,2024:CFS,2022:CFS,2020:CFS
"=""225570"""	넥슨게임즈	직접추가	메인	8790.0		-974.0	56164399094.0	121000000000.0								판정불가	일반	일반	2690.0080630518833	2690.0080630518833			N	N	-297.9674796747967												1년								-712.3309354451447	-8.103878674006197	판정불가		판정불가	1년	-297.9674796747967		판정불가	N	주당FCF<=0 / 순현금차감PER<=0	제외	하드필터 미통과	65860174.0	주당FCF 음수; fs=2025:CFS,2024:CFS,2022:CFS,2020:OFS
"=""232140"""	와이씨	직접추가	메인	11550.0		239.0	98230426967.0	77544881215.0	55770820557.0	36000000000.0						판정불가	일반	일반	1462.6604387085922	1023.8787161612449	42.20644167904355	44.04234846794458	N	N	74.45255474452554	-9.552105918335052	-1.8208377671248166	157.40510948905109		4.858324465750367	37619.82116788321		1161.1395473143377	225.7127373842702		-89.94684374619621	3년					1.7640092787422283	-0.22631867407760858	-0.04314122903255556	299.2052095944499	2.5905212951900425	3년	-0.22631867407760858	불리(<1)	3년	-9.552105918335052		판정불가	Y	통과	보류	배당감안점수 또는 린치PER배수 미산출	82045350.0	단기위험부채 존재; 1년 점수 과열 가능; 배당감안점수<1; fs=2025:CFS,2024:CFS,2022:CFS,2020:CFS
"=""240810"""	원익IPS	반도체소부장	메인	133100.0	200.0		107273747142.0	111279303585.0	3970410406.0							판정불가	일반	일반	4371.751958366145	4371.751958366145			N	N													판정불가				0.15026296018031557				2538.585459599065	1.9072768291503117	판정불가		판정불가	판정불가			판정불가	N	순현금차감PER<=0	제외	하드필터 미통과	49083901.0	EPS 미추출; fs=2025:CFS,2024:CFS,2022:CFS,2020:CFS
"=""237690"""	에스티팜	직접추가	메인	129700.0	500.0	2706.0	30546031679.0	66183186618.0	0.0	31042096562.0						판정불가	일반	일반	4672.528973826477	3173.032770425826	46.20379564899243	46.757933196442785	N	N	52.02247191011236	41.40733955062637		112.54494382022472	91.31467910125274		304546.6179775281	247097.5216479899		134.80849497110876	90.51466588125668		3년	91.31467910125274	247097.5216479899	90.51466588125668	0.3855050115651504	1.1342786060222818	0.9045327115479721		-1608.3636028354022	-1.2400644586240572	3년	0.9045327115479721	불리(<1)	3년	41.40733955062637	1.1158358916660587	보통	N	주당FCF<=0	제외	하드필터 미통과	20701684.0	단기위험부채 존재; 주당FCF 음수; 배당감안점수<1; fs=2025:CFS,2024:CFS,2022:CFS,2020:CFS
"=""032820"""	우리기술	직접추가	메인	11250.0		4.8	9476066958.0	25753635244.0	86490875127.0	33818571027.0						판정불가	일반	일반	-307.40081363403556	-510.20257677063705	2407.7918361737575	2450.042203493883	Y	Y	-121.06186924089512	-40.54591323324753											3년					-0.050279209116879296	-0.016839459551320428		-393.338631932169	-3.4963433949526133	3년	-0.016839459551320428	불리(<1)	3년	-40.54591323324753		판정불가	N	주당순현금<=0 / 주당FCF<=0	제외	하드필터 미통과	166756790.0	주당순현금 음수(린치식); 주당순현금 음수(보수형); 단기위험부채 존재; 주당FCF 음수; 1년 점수 과열 가능; 배당감안점수<1; fs=2025:CFS,2024:CFS,2022:CFS,2020:CFS
"=""189300"""	인텔리안테크	직접추가	메인	72900.0	200.0	724.0	32845847951.0	48243824430.0	60518508468.0	64253742340.0						판정불가	일반	일반	1916.567947387084	-4069.8051907263857	98.04341443731066	106.31188562255026	N	Y	-351.38888888888886	-26.087239007011586	55.747934193089876			119.99586838617975			86877.00871159414			19.172851456233396	3년				0.2743484224965706	-3.58121493913185	-0.2632802083919658	0.5714028110619027	-4643.386088236889	-6.369528241751563	3년	-0.2632802083919658	불리(<1)	3년	-26.087239007011586		판정불가	N	주당FCF<=0	제외	하드필터 미통과	10733334.0	주당순현금 음수(보수형); 단기위험부채 존재; 주당FCF 음수; 배당감안점수<1; fs=2025:CFS,2024:CFS,2022:CFS,2020:CFS
"=""241710"""	코스메카코리아	직접추가	메인	84300.0		4255.0	68851763088.0	12751654971.0	29565810529.0	131690603832.0						판정불가	일반	일반	4872.435161985019	-7458.145721161049	18.66687775276498	21.56478160309308	N	Y	6.189168954329927	157.5728435064407	76.98917138395909	20.87833790865985	323.6456870128814	162.47834276791818	88837.32780134767	1377112.3982398105	691345.3484774919	5.382358008716093	1533.5852885407003	720.101243745542	3년	323.6456870128814	1377112.3982398105	1533.5852885407003		0.33155887322469735	8.441306874852206	4.124373256398236	-600.7903399812734	-0.7126813048413682	3년	8.441306874852206	안심(>=2)	3년	157.5728435064407	0.1184650688365726	매우 유망	N	주당FCF<=0	제외	하드필터 미통과	10680000.0	주당순현금 음수(보수형); 단기위험부채 존재; 주당FCF 음수; fs=2025:CFS,2024:CFS,2022:CFS,2020:CFS
"=""178320"""	서진시스템	직접추가	메인	51800.0		-1801.0	32068809373.0									판정불가	일반	일반	573.9561011445203	573.9561011445203			N	N	-206.19103773584902												1년										판정불가		판정불가	1년	-206.19103773584902		판정불가	N	주당FCF<=0 / 순현금차감PER<=0	제외	하드필터 미통과	55873279.0	fs=2025:CFS,2024:CFS,2022:CFS,2020:CFS
"=""183300"""	코미코	직접추가	메인	78900.0	1400.0	4650.0	99119203383.0	3100000000.0	340995618653.0	192679909879.0						판정불가	일반	일반	-22826.080519208877	-41245.51751577621	21.876576455743844	25.837745702317466	Y	Y	-13.920770085153645	3.344451500460721	13.460780641712699		15.188903000921442	35.4215612834254		70628.39895428471	164710.2599679281		-10.483651515481984	108.75825090992154	3년	15.188903000921442	70628.39895428471	-10.483651515481984	1.7743979721166032	-0.5552227121830083	0.23398768463304664	0.6964151198269052	-17350.753968382945	-21.99081618299486	3년	0.23398768463304664	불리(<1)	3년	3.344451500460721	6.541155239575217	매우 불리	N	주당순현금<=0 / 주당FCF<=0	제외	하드필터 미통과	10460684.0	주당순현금 음수(린치식); 주당순현금 음수(보수형); 단기위험부채 존재; 주당FCF 음수; 배당감안점수<1; PER>연성장률의 2배; fs=2025:CFS,2024:CFS,2022:CFS,2020:CFS
"=""101360"""	에코앤드림	직접추가	메인	8050.0		-490.0	13450789287.0	11500000000.0	143311084220.0	85000000000.0						판정불가	일반	일반	-6654.6461432216165	-11433.655206134403			Y	Y	-155.36723163841808												1년								-4143.34335060486	-51.47010373422186	판정불가		판정불가	1년	-155.36723163841808		판정불가	N	주당순현금<=0 / 주당FCF<=0 / 순현금차감PER<=0	제외	하드필터 미통과	17786114.0	주당순현금 음수(린치식); 주당순현금 음수(보수형); 단기위험부채 존재; 주당FCF 음수; fs=2025:CFS,2024:CFS,2022:CFS,2020:OFS
"=""161580"""	필옵틱스	직접추가	메인	33150.0	2502.0	-736.0	113873986608.0	3435227770.0	20183174677.0	69000000000.0						판정불가	일반	일반	4150.198252410283	1201.826422385372			N	N	-178.1316348195329												1년				7.547511312217195				-202.71466379566468	-0.611507281434886	판정불가		판정불가	1년	-178.1316348195329		판정불가	N	주당FCF<=0 / 순현금차감PER<=0	제외	하드필터 미통과	23402747.0	단기위험부채 존재; 주당FCF 음수; fs=2025:CFS,2024:CFS,2022:CFS,2020:CFS
"=""003380"""	하림지주	직접추가	메인	9990.0	120.0	2360.0	1459340000000.0	470089000000.0	220013000000.0							판정불가	일반	일반	15261.876901695854	15261.876901695854	-2.2338461447863787	-2.2338461447863787	N	N													판정불가				1.2012012012012012				6075.150460529119	60.812316922213405	판정불가		판정불가	판정불가			판정불가	N	순현금차감PER<=0	제외	하드필터 미통과	112005621.0	fs=2025:CFS,2024:CFS,2022:CFS,2020:CFS
"=""272290"""	이녹스첨단소재	직접추가	메인	23500.0	350.0	3080.0	209218704252.0	106950000.0	281909031752.0	277877019555.0						판정불가	일반	일반	-3642.343596021168	-17586.632461024772	8.812449219487393	13.33981573409895	Y	Y	-15.19823788546255	-10.637270210739235	2.0780661777052734			12.656132355410547			38980.88765466448			65.87611767942332	3년				1.4893617021276597	-1.555626119583168	-1.038066521663735	0.4048168438740173	-8357.984391793556	-35.565891028908744	3년	-1.038066521663735	불리(<1)	3년	-10.637270210739235		판정불가	N	주당순현금<=0 / 주당FCF<=0	제외	하드필터 미통과	19927658.0	주당순현금 음수(린치식); 주당순현금 음수(보수형); 단기위험부채 존재; 주당FCF 음수; 1년 점수 과열 가능; 배당감안점수<1; fs=2025:CFS,2024:CFS,2022:CFS,2020:CFS
"=""263750"""	펄어비스	직접추가	메인	37500.0		-137.0	133874628885.0	233908957944.0	13323877549.0							판정불가	일반	일반	5517.066823164758	5517.066823164758			N	N	-113.95112016293278												1년								302.9620397443619	0.8078987726516317	판정불가		판정불가	1년	-113.95112016293278		판정불가	N	순현금차감PER<=0	제외	하드필터 미통과	64247855.0	fs=2025:CFS,2024:CFS,2022:CFS,2020:CFS
"=""171090"""	선익시스템	직접추가	메인	56700.0	1000.0	10959.0	149747229475.0	1000000000.0	41619580773.0	37350000000.0						판정불가	일반	일반	11413.23046060536	7506.941240834078	4.132381562131092	4.488827334534713	N	N	-441.2955465587045		108.97178221983204			226.44356443966407			2481595.0226942785			4276.710798402608	5년	226.44356443966407	2481595.0226942785	4276.710798402608	1.763668430335097	-106.36284949004087		26.7970053068043	7500.184985855782	13.227839481227127	5년	26.7970053068043	안심(>=2)	5년	108.97178221983204	0.03792157453931253	매우 유망	Y	통과	매우 유망	배당감안점수>=2 & 린치PER배수<=0.5	9561504.0	단기위험부채 존재; fs=2025:CFS,2024:CFS,2022:CFS,2020:CFS
"=""253450"""	스튜디오드래곤	직접추가	메인	21550.0		343.0	62972674448.0	6628164657.0	6213298151.0	22800000000.0						판정불가	일반	일반	2108.8060006857295	1350.2850659404205	56.679865887213616	58.89129718384717	N	N	-69.21005385996409	-41.162978736310784	-19.957853937370917										3년					-1.2210694710831551	-0.7262363467517787	-0.3521154050908437	-360.95876723447725	-1.674982678582261	3년	-0.7262363467517787	불리(<1)	3년	-41.162978736310784		판정불가	N	주당FCF<=0	제외	하드필터 미통과	30058498.0	단기위험부채 존재; 주당FCF 음수; 1년 점수 과열 가능; 배당감안점수<1; fs=2025:CFS,2024:CFS,2022:CFS,2020:CFS
"=""281740"""	레이크머티리얼즈	직접추가	메인	13460.0	30.0	117.0	20647038915.0	3286586226.0	90035420000.0	95092000000.0						판정불가	일반	일반	-1005.6480110130833	-2452.342172151067	123.63801718814601	136.00292454829972	Y	Y	-63.09148264984228	-34.216847834954876	30.426197716815206			69.35239543363042			8114.230265734759			-39.71597127983091	3년				0.22288261515601782	-0.5084892289967416	-0.2749475120429065	0.24789365786521003	27.58486840852141	0.20493958698752907	3년	-0.2749475120429065	불리(<1)	3년	-34.216847834954876		판정불가	N	주당순현금<=0	제외	하드필터 미통과	65730548.0	주당순현금 음수(린치식); 주당순현금 음수(보수형); 단기위험부채 존재; 1년 점수 과열 가능; 배당감안점수<1; fs=2025:CFS,2024:CFS,2022:CFS,2020:CFS
"=""166090"""	하나머티리얼즈	직접추가	메인	56200.0	300.0	1984.0	39497059469.0	55344267.0	56151879176.0	134988900000.0						판정불가	일반	일반	-839.3037239869562	-7664.6209984045645	28.74964905442891	32.189829132260364	Y	Y	21.94222495390288	-21.522919973241073	0.24370719678912245	52.38444990780576		8.987414393578245	103930.74861708663		17831.030156859237	84.93015768164882		-68.27218833299068	3년				0.5338078291814947	0.7817845964148185	-0.7300649863350658	0.02704433102813268	2438.2221598454903	4.338473594031122	3년	-0.7300649863350658	불리(<1)	3년	-21.522919973241073		판정불가	N	주당순현금<=0	제외	하드필터 미통과	19777674.0	주당순현금 음수(린치식); 주당순현금 음수(보수형); 단기위험부채 존재; 1년 점수 과열 가능; 배당감안점수<1; fs=2025:CFS,2024:CFS,2022:OFS,2020:OFS
"=""042000"""	카페24	직접추가	메인	17940.0		1642.0	49522683230.0	127627894802.0								판정불가	일반	일반	7304.258590773764	7304.258590773764	6.477309019017197	6.477309019017197	N	N	51.05795768169272			110.61591536338544			181631.33302667888			912.4377537719001			1년	110.61591536338544	181631.33302667888	912.4377537719001		7.882587897503114			2841.1426224507645	15.83691539827628	1년	7.882587897503114	안심(>=2)	1년	51.05795768169272	0.12686189015624674	매우 유망	Y	통과	매우 유망	배당감안점수>=2 & 린치PER배수<=0.5	24253054.0	fs=2025:CFS,2024:CFS,2022:CFS,2020:CFS
"=""253590"""	네오셈	직접추가	메인	10220.0	100.0	126.0	20350778893.0	50006325842.0	135000000.0							판정불가	일반	일반	1600.7167297512212	1600.7167297512212	68.40701008133952	68.40701008133952	N	N	-72.18543046357617	-22.719611022557274	-10.629198197224387										3년				0.9784735812133072	-1.0409306999047914	-0.31782031425569707	-0.1410780065454675	-294.4086373061497	-2.88071073685078	3년	-0.31782031425569707	불리(<1)	3년	-22.719611022557274		판정불가	N	주당FCF<=0	제외	하드필터 미통과	43869164.0	주당FCF 음수; 배당감안점수<1; fs=2025:CFS,2024:CFS,2022:CFS,2020:CFS
"=""226950"""	올릭스	직접추가	메인	156800.0		-800.0	6358594526.0	126605341764.0	18752923680.0	644000000.0						판정불가	일반	일반	5656.843707811481	5624.94654426675			N	N	-66.85998342999171												1년								-792.9445396488925	-0.5057044257964876	판정불가		판정불가	1년	-66.85998342999171		판정불가	N	주당FCF<=0 / 순현금차감PER<=0	제외	하드필터 미통과	20189883.0	단기위험부채 존재; 주당FCF 음수; fs=2025:CFS,2024:CFS,2022:CFS,2020:CFS
"=""108490"""	로보티즈	직접추가	메인	227000.0		385.0	31037776879.0	141412477725.0	19661443.0							판정불가	일반	일반	11834.560859275523	11834.560859275523	558.8712704953882	558.8712704953882	N	N	-257.78688524590166												1년					-0.4612634408947112			318.09461082184265	0.1401297845030144	1년	-0.4612634408947112	불리(<1)	1년	-257.78688524590166		판정불가	Y	통과	보류	배당감안점수 또는 린치PER배수 미산출	14570088.0	배당감안점수<1; fs=2025:CFS,2024:CFS,2022:CFS,2020:CFS
"=""247540"""	에코프로비엠	2차전지	메인	124400.0	100.0	403.0	518548123832.0	17217642963.0	908362087372.0	863305167008.0						판정불가	일반	일반	-3809.7259744917205	-12636.85586554925	318.1382778523368	340.0418259691048	Y	Y	-140.78947368421052	-48.08965332121203	-29.141298397230276										3년				0.08038585209003216	-0.44228908505448783	-0.15090691944779244	-0.09134679656067292	-2285.196699076037	-1.8369748384855604	3년	-0.15090691944779244	불리(<1)	3년	-48.08965332121203		판정불가	N	주당순현금<=0 / 주당FCF<=0	제외	하드필터 미통과	97801344.0	주당순현금 음수(린치식); 주당순현금 음수(보수형); 단기위험부채 존재; 주당FCF 음수; 1년 점수 과열 가능; 배당감안점수<1; fs=2025:CFS,2024:CFS,2022:CFS,2020:CFS
"=""251970"""	펌텍코리아	직접추가	메인	38650.0	450.0	2778.0	43866593506.0	655032377.0	18066150000.0	29278370740.0						판정불가	일반	일반	2133.506119596774	-227.6528110483871	13.144886206048678	13.994835425143407	N	Y	5.267146646456999	20.695677848492622	11.238636290610703	19.034293292914	49.891355696985244	30.977272581221406	52877.2667677151	138598.18612622502	86054.86323063307	36.81052203807269	258.59815297858995	122.65165130823563	3년	49.891355696985244	138598.18612622502	258.59815297858995	1.1642949547218628	0.48927328090671535	1.6630020572681352	0.9435556193423189	929.867031048387	2.405865539581855	3년	1.6630020572681352	양호(>=1.5)	3년	20.695677848492622	0.635151276623012	헐값	Y	통과	양호	배당감안점수>=1.5 & 린치PER배수<1	12400000.0	주당순현금 음수(보수형); 단기위험부채 존재; fs=2025:CFS,2024:CFS,2022:CFS,2020:CFS
"=""278280"""	천보	직접추가	메인	37500.0		-5752.0	15491196283.0		35247636.0							판정불가	일반	일반	1322.0990451018959	1322.0990451018959			N	N	108.48133381660023			225.46266763320045									1년	225.46266763320045							-1160.9677872439943	-3.0959140993173184	판정불가		판정불가	1년	108.48133381660023		판정불가	N	주당FCF<=0 / 순현금차감PER<=0	제외	하드필터 미통과	11690462.0	주당FCF 음수; fs=2025:CFS,2024:CFS,2022:CFS,2020:CFS
"=""290650"""	엘앤씨바이오	직접추가	메인	87700.0	50.0		30887981159.0	8735922384.0	4020104109.0	18500000000.0						판정불가	일반	일반	1446.200754056343	694.7440450711548			N	N													판정불가				0.05701254275940707				-181.60032637592738	-0.2070699274525968	판정불가		판정불가	판정불가			판정불가	N	주당FCF<=0 / 순현금차감PER<=0	제외	하드필터 미통과	24618850.0	단기위험부채 존재; 주당FCF 음수; EPS 미추출; fs=2025:CFS,2024:CFS,2022:CFS,2020:CFS
"=""298380"""	에이비엘바이오	직접추가	메인	97000.0			111981944913.0	2960414950.0								판정불가	일반	일반	2085.11593322215	2085.11593322215			N	N													판정불가								-760.1785326175441	-0.783689208884066	판정불가		판정불가	판정불가			판정불가	N	주당FCF<=0 / 순현금차감PER<=0	제외	하드필터 미통과	55125165.0	주당FCF 음수; EPS 미추출; fs=2025:CFS,2024:CFS,2022:CFS,2020:OFS
"=""319660"""	피에스케이	직접추가	메인	183000.0	680.0	2712.0	119421667338.0	115144176211.0								판정불가	일반	일반	8097.771930533784	8097.771930533784	64.49197200201557	64.49197200201557	N	N		-19.083916873719463	11.552165792511992			31.604331585023985			85710.94725858505			-53.163416798587406	3년				0.37158469945355194		-0.29014979063876495	0.18488736073371875	1491.2849040799035	0.8149097836502205	3년	-0.29014979063876495	불리(<1)	3년	-19.083916873719463		판정불가	Y	통과	보류	배당감안점수 또는 린치PER배수 미산출	28966714.0	배당감안점수<1; fs=2025:CFS,2024:CFS,2022:CFS,2020:CFS
"=""323280"""	태성	직접추가	메인	37900.0		-85.0	49118598846.0	536777902.0	58264134.0							판정불가	일반	일반	1626.0959201304363	1626.0959201304363			N	N	-136.48068669527896												1년								-1634.008834673793	-4.311368956922937	판정불가		판정불가	1년	-136.48068669527896		판정불가	N	주당FCF<=0 / 순현금차감PER<=0	제외	하드필터 미통과	30500730.0	주당FCF 음수; fs=2025:CFS,2024:CFS,2022:CFS,2020:NA
"=""336570"""	원텍	직접추가	메인	5850.0	50.0	393.0	32498476963.0	75232106675.0	487294320.0							판정불가	일반	일반	1192.004046887448	1192.004046887448	11.852407005375449	11.852407005375449	N	N	20.1834862385321	35.49142835356642		48.8669724770642	79.48285670713284		19204.72018348623	31236.762685903206		228.28581510232874	433.9617553145847		3년	79.48285670713284	31236.762685903206	433.9617553145847	0.8547008547008548	1.775013892426362	3.0665610109223493		553.7079332649815	9.465092876324471	3년	3.0665610109223493	안심(>=2)	3년	35.49142835356642	0.3339512540127013	매우 유망	Y	통과	매우 유망	배당감안점수>=2 & 린치PER배수<=0.5	89968897.0	fs=2025:CFS,2024:CFS,2022:CFS,2020:NA
"=""204270"""	제이앤티씨	직접추가	메인	15790.0		-1604.0	36367710528.0	0.0	10064372195.0	84614800000.0						판정불가	일반	일반	454.69379141358735	-1008.0035945464829			N	Y	174.18803418803418			356.87606837606836									1년	356.87606837606836							-648.8926231336886	-4.109516295970162	판정불가		판정불가	1년	174.18803418803418		판정불가	N	주당FCF<=0 / 순현금차감PER<=0	제외	하드필터 미통과	57848466.0	주당순현금 음수(보수형); 단기위험부채 존재; 주당FCF 음수; fs=2025:CFS,2024:CFS,2022:CFS,2020:CFS
"=""304100"""	솔트룩스	직접추가	메인	12060.0		-885.0	31694366404.0	6755700000.0	4483957880.0	1640000000.0						판정불가	일반	일반	2697.038239998793	2566.8160006606395			N	N	125.19083969465647			258.8816793893129									1년	258.8816793893129							-422.7671696235982	-3.5055320864311623	판정불가		판정불가	1년	125.19083969465647		판정불가	N	주당FCF<=0 / 순현금차감PER<=0	제외	하드필터 미통과	12593855.0	단기위험부채 존재; 주당FCF 음수; fs=2025:CFS,2024:CFS,2022:CFS,2020:CFS
"=""357780"""	솔브레인	반도체소부장	메인	322500.0	2350.0	10285.0	247656558659.0		99650539681.0	1560306430.0						판정불가	일반	일반	19027.41700436816	18826.826506068086	29.50632795290538	29.525831161296246	N	N	-32.76019874476987	-21.134087314054618	4.778772474637316			18.057544949274632			185721.8498032896			-42.41182951835981	3년				0.7286821705426357	-1.085581256513934	-0.6915603044906419	0.18665333937758438	3455.404304083812	1.0714431950647478	3년	-0.6915603044906419	불리(<1)	3년	-21.134087314054618		판정불가	Y	통과	보류	배당감안점수 또는 린치PER배수 미산출	7778566.0	단기위험부채 존재; 1년 점수 과열 가능; 배당감안점수<1; fs=2025:CFS,2024:CFS,2022:CFS,2020:CFS
"=""293490"""	카카오게임즈	직접추가	메인	7820.0			492159413083.0	415963677118.0	716847138862.0	305479052047.0						판정불가	일반	일반	2130.3322411771132	-1271.9348448015992			N	Y													판정불가								-617.2075731171997	-7.892679963135546	판정불가		판정불가	판정불가			판정불가	N	주당FCF<=0 / 순현금차감PER<=0	제외	하드필터 미통과	89786911.0	주당순현금 음수(보수형); 단기위험부채 존재; 주당FCF 음수; EPS 미추출; fs=2025:CFS,2024:CFS,2022:CFS,2020:CFS
"=""348210"""	넥스틴	직접추가	메인	42750.0	510.0	-240.0	14641052596.0	5227616000.0	22007025911.0	30419684926.0						판정불가	일반	일반	-204.1000567433155	-3107.571509319696			Y	Y	-106.4034151547492												1년				1.1929824561403508						판정불가		판정불가	1년	-106.4034151547492		판정불가	N	주당순현금<=0 / 주당FCF<=0 / 순현금차감PER<=0	제외	하드필터 미통과	10477005.0	주당순현금 음수(린치식); 주당순현금 음수(보수형); 단기위험부채 존재; fs=2025:CFS,2024:CFS,2022:CFS,2020:CFS
"=""277810"""	레인보우로보틱스	직접추가	메인	485000.0		73.0	10110272543.0	59000000000.0	96954300.0							판정불가	일반	일반	3557.413577099379	3557.413577099379	6595.1039236013785	6595.1039236013785	N	N	-33.63636363636363	-41.03092880510747											3년					-0.005100202214553713	-0.006221422631154199		-1415.7857261635627	-0.2919145827141366	3년	-0.006221422631154199	불리(<1)	3년	-41.03092880510747		판정불가	N	주당FCF<=0	제외	하드필터 미통과	19399858.0	주당FCF 음수; 1년 점수 과열 가능; 배당감안점수<1; fs=2025:CFS,2024:CFS,2022:CFS,2020:CFS
"=""352480"""	씨앤씨인터내셔널	직접추가	메인	20150.0	1000.0	1329.0	164641270468.0	25760036032.0	18966369281.0	11979980000.0						판정불가	일반	일반	12577.856377606851	11698.907953843538	5.697624998038487	6.358985738266713	N	N	-59.04468412942989	-6.882412289189677											3년				4.962779156327544	-9.492008510865675	-0.3369181252755319		590.1386574267855	2.928727828420772	3년	-0.3369181252755319	불리(<1)	3년	-6.882412289189677		판정불가	Y	통과	보류	배당감안점수 또는 린치PER배수 미산출	13629901.0	단기위험부채 존재; 배당감안점수<1; fs=2025:CFS,2024:CFS,2022:CFS,2020:NA
"=""383310"""	에코프로에이치엔	직접추가	메인	29000.0	200.0	631.0	153375117206.0	9492190090.0	49142967004.0	61000000000.0						판정불가	일반	일반	5421.9169955831085	2513.683490940519	37.36621712268921	41.97514502228127	N	N	-54.506128334534964	-33.190549672222645											3년				0.6896551724137931	-1.4402440842598212	-0.8697935462156785		-1922.0391766705131	-6.627721298863838	3년	-0.8697935462156785	불리(<1)	3년	-33.190549672222645		판정불가	N	주당FCF<=0	제외	하드필터 미통과	20974932.0	단기위험부채 존재; 주당FCF 음수; 1년 점수 과열 가능; 배당감안점수<1; fs=2025:CFS,2024:CFS,2022:CFS,2020:NA
"=""195940"""	HK이노엔	직접추가	메인	41200.0	410.0	2672.0	91406200858.0	85585939125.0	146112552372.0	310000000000.0						판정불가	일반	일반	1090.0002266510662	-9852.505694038851	15.01122746008568	19.10647668190077	N	Y	22.907083716651332	25.80405679211104		54.314167433302664	60.10811358422208		145127.4553817847	160608.8794970414		252.25110529559393	289.8273774200034		3년	60.10811358422208	160608.8794970414	289.8273774200034	0.9951456310679612	1.5922901315881377	1.7852772196302487		2671.284955420407	6.483701348107784	3년	1.7852772196302487	양호(>=1.5)	3년	25.80405679211104	0.5817390490581696	헐값	Y	통과	양호	배당감안점수>=1.5 & 린치PER배수<1	28329891.0	주당순현금 음수(보수형); 단기위험부채 존재; fs=2025:OFS,2024:OFS,2022:OFS,2020:NA
"=""058970"""	엠로	직접추가	메인	16590.0		238.0	26061920308.0	852629378.0	1417484745.0							판정불가	일반	일반	2062.946441930111	2062.946441930111	61.03804015995752	61.03804015995752	N	N	-85.23573200992556	-25.6039793649093	-24.559666428577522										3년					-1.396436251664619	-0.41947577769225547	-0.40236656295346257	264.6115030351458	1.5950060460225786	3년	-0.41947577769225547	불리(<1)	3년	-25.6039793649093		판정불가	Y	통과	보류	배당감안점수 또는 린치PER배수 미산출	12359538.0	배당감안점수<1; fs=2025:CFS,2024:CFS,2022:CFS,2020:CFS
"=""257720"""	실리콘투	직접추가	메인	34950.0	306.0	2756.0	77322804082.0	702044561.0	13804276303.0	41523500000.0						판정불가	일반	일반	979.3266675259208	346.1172550697164	12.326078857936894	12.555835538799087	N	N	38.49246231155779	145.61530361348161		85.48492462311557	299.73060722696323		235596.45226130652	826057.5535175106		574.0957146246252	2263.5409256581133		3년	299.73060722696323	826057.5535175106	2263.5409256581133	0.8755364806866953	3.1938785436939674	11.884626228870935		-89.94114448626921	-0.257342330432816	3년	11.884626228870935	안심(>=2)	3년	145.61530361348161	0.08464823787103445	매우 유망	N	주당FCF<=0	제외	하드필터 미통과	65576252.0	단기위험부채 존재; 주당FCF 음수; fs=2025:CFS,2024:CFS,2022:CFS,2020:NA
"=""348370"""	엔켐	직접추가	메인	23950.0		-3154.0	12134632154.0	0.0	32868533981.0	162465223096.0						판정불가	일반	일반	-948.9140857979099	-8384.34712365177			Y	Y	-88.85748604536141												1년								-895.310607494617	-3.7382488830672944	판정불가		판정불가	1년	-88.85748604536141		판정불가	N	주당순현금<=0 / 주당FCF<=0 / 순현금차감PER<=0	제외	하드필터 미통과	21850136.0	주당순현금 음수(린치식); 주당순현금 음수(보수형); 단기위험부채 존재; 주당FCF 음수; fs=2025:CFS,2024:CFS,2022:CFS,2020:NA
"=""376300"""	디어유	직접추가	메인	22750.0	316.0	785.0	127699499351.0	42744910159.0	3733290182.0							판정불가	일반	일반	7022.843881261446	7022.843881261446	20.03459378183255	20.03459378183255	N	N	-23.563777994157743	2.3574658676792426			13.214931735358485			10373.721412256411			-54.40122456151029		3년	13.214931735358485	10373.721412256411	-54.40122456151029	1.389010989010989	-1.106823889050095	0.1870003902992808		1461.7061584505716	6.425082015167348	3년	0.1870003902992808	불리(<1)	3년	2.3574658676792426	8.498360063874513	매우 불리	Y	통과	제외	배당감안점수<1	23738406.0	배당감안점수<1; PER>연성장률의 2배; fs=2025:CFS,2024:CFS,2022:OFS,2020:NA
"=""211050"""	인카금융서비스	직접추가	메인	10050.0	370.0	1480.0	42636817000.0	61085764000.0	7387057000.0	31528770000.0						판정불가	일반	일반	1955.508987081491	1315.5083878567928	5.469250684404398	5.901683521718383	N	N	17.460317460317466	-10.320167936402525		43.42063492063493			64262.5396825397			539.4282555476588			3년				3.681592039800995	3.865595256111545	-1.2137998931977045		1093.8184714951226	10.883765885523609	3년	-1.2137998931977045	불리(<1)	3년	-10.320167936402525		판정불가	Y	통과	보류	배당감안점수 또는 린치PER배수 미산출	49263657.0	단기위험부채 존재; 1년 점수 과열 가능; 배당감안점수<1; fs=2025:CFS,2024:CFS,2022:CFS,2020:NA
"=""388720"""	유일로보틱스	직접추가	메인	67800.0		-2138.0	2811865063.0	12337000000.0	593697673.0	0.0						판정불가	일반	일반	1244.3722737724308	1244.3722737724308			N	N	142.95454545454547			294.40909090909093									1년	294.40909090909093							-1673.8565548938834	-2.468814977719592	판정불가		판정불가	1년	142.95454545454547		판정불가	N	주당FCF<=0 / 순현금차감PER<=0	제외	하드필터 미통과	11696795.0	주당FCF 음수; fs=2025:OFS,2024:OFS,2022:CFS,2020:NA
"=""399720"""	가온칩스	직접추가	메인	36600.0		-1239.0	52725781806.0	5180811694.0	26099135222.0							판정불가	일반	일반	2741.9229888228183	2741.9229888228183			N	N	-289.1603053435114												1년								-791.2634315826496	-2.16192194421489	판정불가		판정불가	1년	-289.1603053435114		판정불가	N	주당FCF<=0 / 순현금차감PER<=0	제외	하드필터 미통과	11600420.0	주당FCF 음수; fs=2025:CFS,2024:CFS,2022:CFS,2020:NA
"=""310210"""	보로노이	직접추가	메인	180000.0		-2374.0	35736727801.0	51779224010.0	38819475206.0							판정불가	일반	일반	2647.4798710371983	2647.4798710371983			N	N	27.63440860215054			63.76881720430108									1년	63.76881720430108							-4011.027894061175	-2.228348830033986	판정불가		판정불가	1년	27.63440860215054		판정불가	N	주당FCF<=0 / 순현금차감PER<=0	제외	하드필터 미통과	18393521.0	주당FCF 음수; fs=2025:CFS,2024:CFS,2022:CFS,2020:NA
"=""403870"""	HPSP	직접추가	메인	43700.0	500.0	901.0	93941091316.0	147470398393.0								판정불가	일반	일반	2887.332253370172	2887.332253370172	45.29707852012189	45.29707852012189	N	N	-14.678030303030297	-37.06790883569025											3년				1.1441647597254003	-0.29878009764565444	-0.7930697795445413		1169.4210399934132	2.676020686483783	3년	-0.7930697795445413	불리(<1)	3년	-37.06790883569025		판정불가	Y	통과	보류	배당감안점수 또는 린치PER배수 미산출	83610568.0	1년 점수 과열 가능; 배당감안점수<1; fs=2025:OFS,2024:OFS,2022:OFS,2020:NA
"=""328130"""	루닛	직접추가	메인	11110.0		-1627.0	14110597196.0	7880560759.0	74459326891.0	18910194575.0						판정불가	일반	일반	-1793.3699440122289	-2439.7232525790805			Y	Y	-43.072078376487056												1년								-2215.168681814444	-19.93851198752875	판정불가		판정불가	1년	-43.072078376487056		판정불가	N	주당순현금<=0 / 주당FCF<=0 / 순현금차감PER<=0	제외	하드필터 미통과	29256746.0	주당순현금 음수(린치식); 주당순현금 음수(보수형); 단기위험부채 존재; 주당FCF 음수; fs=2025:CFS,2024:CFS,2022:CFS,2020:NA
"=""365340"""	성일하이텍	직접추가	메인	39250.0		-6364.0	24711198330.0	2817327690.0	228283330907.0	204339994880.0						판정불가	일반	일반	-16407.640954567574	-33108.29860774997			Y	Y	-29.95817741580453												1년								-4817.302336424843	-12.273381748853103	판정불가		판정불가	1년	-29.95817741580453		판정불가	N	주당순현금<=0 / 주당FCF<=0 / 순현금차감PER<=0	제외	하드필터 미통과	12235446.0	주당순현금 음수(린치식); 주당순현금 음수(보수형); 단기위험부채 존재; 주당FCF 음수; fs=2025:CFS,2024:CFS,2022:CFS,2020:NA
"=""358570"""	지아이이노베이션	직접추가	메인	9300.0		-604.0	39659957808.0	57298808526.0	0.0							판정불가	일반	일반	1517.9932052031195	1517.9932052031195			N	N	-54.58646616541354												1년								-623.7227005542921	-6.706695704884861	판정불가		판정불가	1년	-54.58646616541354		판정불가	N	주당FCF<=0 / 순현금차감PER<=0	제외	하드필터 미통과	63872991.0	주당FCF 음수; fs=2025:OFS,2024:OFS,2022:OFS,2020:NA
"=""445680"""	큐리옥스바이오시스템즈	직접추가	메인	42400.0		-1645.0	14785429134.0	3000000000.0	309456371.0							판정불가	일반	일반	1020.8027591741111	1020.8027591741111			N	N	227.03777335984094			462.5755467196819									1년	462.5755467196819							-656.8578475619476	-1.5491930367027065	판정불가		판정불가	1년	227.03777335984094		판정불가	N	주당FCF<=0 / 순현금차감PER<=0	제외	하드필터 미통과	17119833.0	주당FCF 음수; fs=2025:CFS,2024:CFS,2022:NA,2020:NA
"=""417200"""	LS머트리얼즈	직접추가	메인	14480.0	22.0	6.0	57427106565.0	1409761182.0	35664779013.0	12052000000.0						판정불가	일반	일반	342.51556519012803	164.37031298355916	2356.2474058016455	2385.9382811694068	N	N	-92.85714285714286												1년				0.15193370165745856	-0.039344429166149095			-267.29396056701927	-1.8459527663468183	1년	-0.039344429166149095	불리(<1)	1년	-92.85714285714286		판정불가	N	주당FCF<=0	제외	하드필터 미통과	67652659.0	단기위험부채 존재; 주당FCF 음수; 배당감안점수<1; fs=2025:CFS,2024:CFS,2022:NA,2020:NA
"=""460930"""	현대힘스	직접추가	메인	11980.0	130.0	604.0	33438640391.0	6651960400.0	15620500661.0	25123269204.0						판정불가	일반	일반	689.0914601416572	-18.39359988438405	18.69355718519593	19.864890066033748	N	Y	26.890756302521			62.281512605042			37618.03361344537			214.00695837600475			1년	62.281512605042	37618.03361344537	214.00695837600475	1.0851419031719534	1.496552952899089			719.6960654446659	6.007479678169165	1년	1.496552952899089	보통(1~1.5)	1년	26.890756302521	0.6951666578244738	헐값	Y	통과	보류	중간구간(보류)	35510671.0	주당순현금 음수(보수형); 단기위험부채 존재; fs=2025:CFS,2024:CFS,2022:NA,2020:NA
"=""347850"""	디앤디파마텍	직접추가	메인	86700.0		-547.0	32883741893.0		4322566382.0							판정불가	일반	일반	656.044410518054	656.044410518054			N	N	-80.6234502302515												1년								-487.03695764576116	-0.5617496627978791	판정불가		판정불가	1년	-80.6234502302515		판정불가	N	주당FCF<=0 / 순현금차감PER<=0	제외	하드필터 미통과	43535430.0	주당FCF 음수; fs=2025:CFS,2024:CFS,2022:NA,2020:NA
"=""466100"""	클로봇	직접추가	메인	29350.0		-87.0	13177362003.0	36087959658.0	1115132801.0							판정불가	일반	일반	1926.613358704511	1926.613358704511			N	N	-72.20447284345049												1년								-146.81091406381822	-0.5002075436586652	판정불가		판정불가	1년	-72.20447284345049		판정불가	N	주당FCF<=0 / 순현금차감PER<=0	제외	하드필터 미통과	24992139.0	주당FCF 음수; fs=2025:CFS,2024:CFS,2022:NA,2020:NA
"=""091990"""	셀트리온헬스케어	직접추가	메인													판정불가	일반	일반					판정불가	판정불가													판정불가										판정불가		판정불가	판정불가			판정불가	N	주당순현금<=0 / 주당FCF<=0 / 순현금차감PER<=0	제외	하드필터 미통과		현재가 미수집; EPS 미추출; fs=2025:NA,2024:NA,2022:CFS,2020:CFS
