순위	종목코드	종목명	그룹	판정구분	현재가	현금배당금(FY2025 DPS)	EPS(FY2025)	현금및현금성자산	유가증권성자산	장기부채	단기위험부채	주주지분	총부채	주주지분비중	부채비중	주주대부채배수	주주대부채판정	업종보정유형	업종보정판정	주당순현금(린치식)	주당순현금(보수형)	순현금차감PER(린치식)	순현금차감PER(보수형)	현금보다부채많음(린치형)	현금보다부채많음(보수형)	연간이익증가율(1년,%)	연간이익증가율(3년CAGR,%)	연간이익증가율(5년CAGR,%)	그레이엄적정PER(1년)	그레이엄적정PER(3년)	그레이엄적정PER(5년)	그레이엄내재가치(1년)	그레이엄내재가치(3년)	그레이엄내재가치(5년)	그레이엄괴리율(1년,%)	그레이엄괴리율(3년,%)	그레이엄괴리율(5년,%)	그레이엄사용기준	그레이엄적정PER(선택)	그레이엄내재가치(선택)	그레이엄괴리율(선택,%)	배당수익률(%)	배당감안이익성장률(1년)	배당감안이익성장률(3년)	배당감안이익성장률(5년)	주당잉여현금흐름	잉여현금흐름수익률(%)	배당감안점수기준	배당감안점수	배당감안점수판정	사용연성장률기준	사용연성장률(%)	린치PER배수	린치PER판정	하드필터통과	하드필터사유	종합판정	종합판정사유	발행주식수	비고
1	039200	오스코텍	직접추가	메인	40750.0		1368.0	15192017092.0		7091325790.0	6000000000.0						판정불가	일반	일반	211.7375198964007	54.90829730094817	29.633232807093275	29.747874051680594	N	N	5847.826086956522			11704.152173913044			16011280.173913045			39191.485089357164			1년	11704.152173913044	16011280.173913045	39191.485089357164		197.34013244605342					1년	197.34013244605342	안심(>=2)	1년	5847.826086956522	0.0050673929707297045	매우 유망	N	주당FCF<=0	제외	하드필터 미통과	38258176.0	단기위험부채 존재; fs=2025:CFS,2024:CFS,2022:CFS,2020:CFS
2	015750	성우하이텍	직접추가	메인	8110.0	200.0	2110.0	393080902555.0	91530269981.0	2365979543.0	1905976554324.0						판정불가	일반	일반	6028.0649124125	-17796.6420166375	0.9866990936433648	12.278029391771327	N	Y	20.84765177548682	63.02385728102815		50.19530355097364	134.54771456205629		105912.09049255439	283895.6777259388		1205.9443957158371	3400.5632272002317		3년	134.54771456205629	283895.6777259388	3400.5632272002317	2.466091245376079	23.628017063213683	66.37276647795838		791.4473300375	9.758906658908755	3년	66.37276647795838	안심(>=2)	3년	63.02385728102815	0.015655961666129047	매우 유망	Y	통과	매우 유망	배당감안점수>=2 & 린치PER배수<=0.5	80000000.0	주당순현금 음수(보수형); 단기위험부채 존재; fs=2025:CFS,2024:CFS,2022:CFS,2020:CFS
3	171090	선익시스템	직접추가	메인	84100.0	1000.0	10959.0	149747229475.0	1000000000.0	41619580773.0	37350000000.0						판정불가	일반	일반	11413.23046060536	7506.941240834078	6.632609685135016	6.989055457538638	N	N	-441.2955465587045		108.97178221983204			226.44356443966407			2481595.0226942785			2850.766971099023	5년	226.44356443966407	2481595.0226942785	2850.766971099023	1.1890606420927468	-66.35495028494998		16.60897415821361	7500.184985855782	8.918174775096055	5년	16.60897415821361	안심(>=2)	5년	108.97178221983204	0.06086538689213006	매우 유망	Y	통과	매우 유망	배당감안점수>=2 & 린치PER배수<=0.5	9561504.0	단기위험부채 존재; fs=2025:CFS,2024:CFS,2022:CFS,2020:CFS
4	041510	에스엠	직접추가	메인	87400.0	1620.0	15166.0	364611980599.0	229637014667.0	71674775222.0	5166699000.0						판정불가	일반	일반	22825.127575171362	22599.45520310605	4.257871055309814	4.272751206441643	N	N	1807.6729559748428	64.77467023251435		3623.8459119496856	138.0493404650287		54959247.100628935	2093656.2974926254		62782.433753580015	2295.487754568221		3년	138.0493404650287	2093656.2974926254	2295.487754568221	1.8535469107551488	424.9838662044527	15.648246806389361				3년	15.648246806389361	안심(>=2)	3년	64.77467023251435	0.06573358135249185	매우 유망	N	주당FCF<=0	제외	하드필터 미통과	22894690.0	단기위험부채 존재; 1년 점수 과열 가능; fs=2025:CFS,2024:CFS,2022:CFS,2020:CFS
5	257720	실리콘투	직접추가	메인	39050.0	306.0	2756.0	77322804082.0	702044561.0	13804276303.0	41523500000.0						판정불가	일반	일반	979.3266675259208	346.1172550697164	13.813742138053003	14.043498818915198	N	N	38.49246231155779	145.61530361348161		85.48492462311557	299.73060722696323		235596.45226130652	826057.5535175106		503.3199801826031	2015.3842599680172		3년	299.73060722696323	826057.5535175106	2015.3842599680172	0.7836107554417413	2.8432609118136725	10.598063356462635		-89.94114448626921	-0.23032303325549092	3년	10.598063356462635	안심(>=2)	3년	145.61530361348161	0.09486463163734443	매우 유망	N	주당FCF<=0	제외	하드필터 미통과	65576252.0	단기위험부채 존재; 주당FCF 음수; fs=2025:CFS,2024:CFS,2022:CFS,2020:NA
6	018290	브이티	직접추가	메인	14930.0		1728.0	84220398087.0	525529750.0	0.0	35176445000.0						판정불가	일반	일반	2425.342588933072	1418.6283743001727	7.236491557330398	7.819080801909622	N	N	-37.41398044186889	71.59549321993607	119.38804809293298		151.69098643987215	247.27609618586595		262122.02456809906	427293.0942091764		1655.6733058814405	2761.9765184807525	3년	151.69098643987215	262122.02456809906	1655.6733058814405		-5.170182283149269	9.893674669931936	16.498056709814808	1286.287521709648	8.615455604217335	3년	9.893674669931936	안심(>=2)	3년	71.59549321993607	0.10107467986986876	매우 유망	Y	통과	매우 유망	배당감안점수>=2 & 린치PER배수<=0.5	34941838.0	단기위험부채 존재; fs=2025:CFS,2024:CFS,2022:CFS,2020:CFS
7	241710	코스메카코리아	직접추가	메인	78500.0		4255.0	68851763088.0	12751654971.0	29565810529.0	131690603832.0						판정불가	일반	일반	4872.435161985019	-7458.145721161049	17.303775520097528	20.20167937042563	N	Y	6.189168954329927	157.5728435064407	76.98917138395909	20.87833790865985	323.6456870128814	162.47834276791818	88837.32780134767	1377112.3982398105	691345.3484774919	13.168570447576645	1654.2833098596311	780.6947114362954	3년	323.6456870128814	1377112.3982398105	1654.2833098596311		0.35767737203603317	9.106269514617038	4.449270119953866	-600.7903399812734	-0.7653380127149979	3년	9.106269514617038	안심(>=2)	3년	157.5728435064407	0.10981445238303544	매우 유망	N	주당FCF<=0	제외	하드필터 미통과	10680000.0	주당순현금 음수(보수형); 단기위험부채 존재; 주당FCF 음수; fs=2025:CFS,2024:CFS,2022:CFS,2020:CFS
8	095660	네오위즈	직접추가	메인	20350.0	303.0	2522.0	71506938430.0									판정불가	일반	일반	3271.6081990167277	3271.6081990167277	6.771765186749909	6.771765186749909	N	N	2037.2881355932204	59.20438360697895	-2.0836107187727326	4083.076271186441	126.9087672139579	4.332778562454535	10297518.355932204	320063.9109136018	10927.267534510336	50502.055803106654	1472.7956310250702	-46.30335363876985	3년	126.9087672139579	320063.9109136018	1472.7956310250702	1.488943488943489	301.07025610860995	8.962704025041962	-0.08781568962149036	3260.7172211176594	16.023180447752626	3년	8.962704025041962	안심(>=2)	3년	59.20438360697895	0.1143794559487933	매우 유망	Y	통과	매우 유망	배당감안점수>=2 & 린치PER배수<=0.5	21856816.0	1년 점수 과열 가능; fs=2025:CFS,2024:CFS,2022:CFS,2020:CFS
9	033500	동성화인텍	직접추가	메인	21300.0	400.0	1869.0	80845872158.0	216438728.0		7174500000.0						판정불가	일반	일반	2703.023628408002	2463.7898487383613	9.950228128192615	10.078229080396811	N	N	37.933579335793354	85.03864028854527	18.260466581831338	84.36715867158671	178.57728057709053	45.020933163662676	157682.21955719555	333760.93739858223	84144.12408288554	640.2921105971622	1466.9527577398228	295.0428360698852	3년	178.57728057709053	333760.93739858223	1466.9527577398228	1.8779342723004695	4.001065412288722	8.735133852316357	2.0239134816489677	2286.215405268258	10.733405658536423	3년	8.735133852316357	안심(>=2)	3년	85.03864028854527	0.11700831638923692	매우 유망	Y	통과	매우 유망	배당감안점수>=2 & 린치PER배수<=0.5	29989494.0	단기위험부채 존재; fs=2025:CFS,2024:CFS,2022:CFS,2020:CFS
10	053800	안랩	직접추가	메인	60800.0	1400.0	5714.0	67126196416.0	212621651635.0	1087944763.0	210000000.0						판정불가	일반	일반	25044.690874925156	25025.817025398628	6.2574919714866715	6.260795060308255	N	N	51.84693064044645	51.8781942609736	21.726884580572147	112.1938612808929	112.2563885219472	51.953769161144294	641075.723359022	641433.0040144064	296863.8369867785	954.4008607878652	954.9884934447473	388.2628897808856	3년	112.2563885219472	641433.0040144064	954.9884934447473	2.302631578947368	8.653556802970828	8.65855299324476	3.8401193751448828	5241.269111345467	8.620508406818201	3년	8.65855299324476	안심(>=2)	3년	51.8781942609736	0.12061892401281965	매우 유망	Y	통과	매우 유망	배당감안점수>=2 & 린치PER배수<=0.5	11126506.0	단기위험부채 존재; fs=2025:CFS,2024:CFS,2022:CFS,2020:CFS
11	067160	SOOP	직접추가	메인	51000.0	3380.0	9556.0	134011835737.0	116354281889.0	5107094014.0	341000000.0						판정불가	일반	일반	21336.580690326304	21306.915017242194	3.104166943247561	3.1072713460399544	N	N	0.7060807250500512	20.62187794636918	22.171262636843704	9.912161450100102	49.74375589273836	52.84252527368741	94720.61481715657	475351.3313110078	504963.17151535687	85.72669571991484	832.0614339431526	890.123865716386	3년	49.74375589273836	475351.3313110078	832.0614339431526	6.627450980392156	2.3624798019947697	8.77830652311929	9.277437117188942	8736.18659282089	17.129777632982137	3년	8.77830652311929	안심(>=2)	3년	20.62187794636918	0.1505278496614369	매우 유망	Y	통과	매우 유망	배당감안점수>=2 & 린치PER배수<=0.5	11494767.0	단기위험부채 존재; fs=2025:CFS,2024:CFS,2022:CFS,2020:CFS
12	042000	카페24	직접추가	메인	21700.0		1642.0	49522683230.0	127627894802.0								판정불가	일반	일반	7304.258590773764	7304.258590773764	8.767199396605504	8.767199396605504	N	N	51.05795768169272			110.61591536338544			181631.33302667888			737.0107512750179			1년	110.61591536338544	181631.33302667888	737.0107512750179		5.8237477410929435			2841.1426224507645	13.092823144934398	1년	5.8237477410929435	안심(>=2)	1년	51.05795768169272	0.17171073412811144	매우 유망	Y	통과	매우 유망	배당감안점수>=2 & 린치PER배수<=0.5	24253054.0	fs=2025:CFS,2024:CFS,2022:CFS,2020:CFS
13	006730	서부T&D	직접추가	메인	12250.0	100.0	1242.0	101942784570.0	72912659293.0	486846300963.0	177008800000.0						판정불가	일반	일반	-4805.261710923834	-7531.539067391196	13.732094775300993	15.927165110620932	Y	Y	133.0206378986867	62.959581135890886		274.5412757973734	134.41916227178177		340980.2645403377	166948.59954155295		2683.512363594594	1262.8457105432894		3년	134.41916227178177	166948.59954155295	1262.8457105432894	0.8163265306122449	9.74628901265833	4.644295623506227		1627.4085488696269	13.284967745874503	3년	4.644295623506227	안심(>=2)	3년	62.959581135890886	0.21810969081356932	매우 유망	N	주당순현금<=0	제외	하드필터 미통과	64926923.0	주당순현금 음수(린치식); 주당순현금 음수(보수형); 단기위험부채 존재; fs=2025:CFS,2024:CFS,2022:CFS,2020:CFS
14	033100	제룡전기	직접추가	메인	66500.0	1100.0	3655.0	50601367613.0	134698000000.0								판정불가	일반	일반	11536.212756940755	11536.212756940755	15.037971885925922	15.037971885925922	N	N	-26.547427652733123	67.55425231828578	75.58550187909223		143.60850463657155	159.67100375818447		524889.084446669	583597.5187361642		689.3068939047654	777.5902537385928	3년	143.60850463657155	524889.084446669	689.3068939047654	1.6541353383458646	-1.6553623389657324	4.602242122915787	5.136306797443004	4032.1279877756815	6.0633503575574155	3년	4.602242122915787	안심(>=2)	3년	67.55425231828578	0.22260585188736373	매우 유망	Y	통과	매우 유망	배당감안점수>=2 & 린치PER배수<=0.5	16062409.0	fs=2025:OFS,2024:OFS,2022:OFS,2020:OFS
15	052400	코나아이	직접추가	메인	62100.0	1200.0	5176.0	241128404564.0	58021158699.0		39569006603.0						판정불가	일반	일반	20541.34352345222	17824.30610361353	8.029106738127469	8.554036687864464	N	N	144.84389782403028	27.53848072272529	32.30025281189095	298.18779564806056	63.57696144545058	73.1005056237819	1543420.0302743614	329074.3524416522	378368.2171086951	2385.3784706511456	429.910390405237	509.28859437793096	3년	63.57696144545058	329074.3524416522	429.910390405237	1.932367149758454	18.28052232470627	3.670501443521334	4.263565185787163	8756.869650891409	14.101239373416119	3년	3.670501443521334	안심(>=2)	3년	27.53848072272529	0.2915595387766506	매우 유망	Y	통과	매우 유망	배당감안점수>=2 & 린치PER배수<=0.5	14563291.0	단기위험부채 존재; 1년 점수 과열 가능; fs=2025:CFS,2024:CFS,2022:CFS,2020:CFS
16	035900	JYP Ent.	직접추가	메인	61000.0	877.0	4846.0	294471835825.0	24871949033.0	7018179911.0							판정불가	일반	일반	8789.859291236877	8789.859291236877	10.773863126034486	10.773863126034486	N	N	64.21552016265673	33.4510703273257	40.282569178136505	136.93104032531346	75.4021406546514	89.06513835627301	663567.821416469	365398.7736124407	431609.660474499	987.8161006827362	499.0143829712142	607.5568204499983	3년	75.4021406546514	365398.7736124407	499.0143829712142	1.4377049180327868	6.093749689657916	3.238279049698669	3.8723597662341183	2865.683088481382	4.697841128658004	3년	3.238279049698669	안심(>=2)	3년	33.4510703273257	0.32207827793281313	매우 유망	Y	통과	매우 유망	배당감안점수>=2 & 린치PER배수<=0.5	35532492.0	fs=2025:CFS,2024:CFS,2022:CFS,2020:CFS
17	214450	파마리서치	직접추가	메인	311500.0	3700.0	14933.0	175663243434.0		859864326.0	0.0						판정불가	일반	일반	16824.76433349811	16824.76433349811	19.733157146353843	19.733157146353843	N	N	67.01711217984565	54.27336919294326	34.07294725066401	142.5342243596913	117.04673838588651	76.64589450132802	2128463.5723632704	1747858.9443164433	1144553.1425883314	583.2948867939873	461.11041551089676	267.4327905580518	3년	117.04673838588651	1747858.9443164433	461.11041551089676	1.187800963081862	3.456360917671501	2.8105573651843567	1.7868781945144094	14185.294456944066	4.5538665993399885	3년	2.8105573651843567	안심(>=2)	3년	54.27336919294326	0.3635882098309016	매우 유망	Y	통과	매우 유망	배당감안점수>=2 & 린치PER배수<=0.5	10389648.0	fs=2025:CFS,2024:CFS,2022:CFS,2020:CFS
18	145020	휴젤	직접추가	메인	261500.0		13061.0	209698099582.0	329970257844.0	26913106215.0							판정불가	일반	일반	41673.754549504214	41673.754549504214	16.830736195581945	16.830736195581945	N	N	4.321086261980822	39.501975429687434	31.2527994792986	17.142172523961644	87.50395085937487	71.0055989585972	223893.91533546304	1142889.102174295	927404.1279982381	-14.380911917604955	337.0512819022161	254.64785009492851	3년	87.50395085937487	1142889.102174295	337.0512819022161		0.25673780467874624	2.347014115761417	1.85688844006137	9796.458970973175	3.7462558206398375	3년	2.347014115761417	안심(>=2)	3년	39.501975429687434	0.4260732789310816	매우 유망	Y	통과	매우 유망	배당감안점수>=2 & 린치PER배수<=0.5	12304033.0	fs=2025:CFS,2024:CFS,2022:CFS,2020:CFS
19	036620	감성코퍼레이션	직접추가	메인	5320.0		387.0	32602954268.0		0.0	10000000000.0						판정불가	일반	일반	360.23862771419766	249.74599420835182	12.815920858619645	13.101431539513303	N	N	20.560747663551403	29.066288067403256		49.62149532710281	66.63257613480651		19203.518691588786	25786.806964170122		260.9683964584358	384.7144166197391		3년	66.63257613480651	25786.806964170122	384.7144166197391		1.6043129393798337	2.2679827995234576				3년	2.2679827995234576	안심(>=2)	3년	29.066288067403256	0.4409204515175853	매우 유망	N	주당FCF<=0	제외	하드필터 미통과	90503771.0	단기위험부채 존재; fs=2025:OFS,2024:OFS,2022:OFS,2020:CFS
20	336570	원텍	직접추가	메인	7700.0	50.0	393.0	32498476963.0	75232106675.0	487294320.0							판정불가	일반	일반	1192.004046887448	1192.004046887448	16.5597861402355	16.5597861402355	N	N	20.1834862385321	35.49142835356642		48.8669724770642	79.48285670713284		19204.72018348623	31236.762685903206		149.41195043488614	305.6722426740676		3년	79.48285670713284	31236.762685903206	305.6722426740676	0.6493506493506493	1.2580377977989081	2.182442375575456		553.7079332649815	7.1910121203244355	3년	2.182442375575456	안심(>=2)	3년	35.49142835356642	0.4665855083449032	매우 유망	Y	통과	매우 유망	배당감안점수>=2 & 린치PER배수<=0.5	89968897.0	fs=2025:CFS,2024:CFS,2022:CFS,2020:NA
21	101490	에스앤에스텍	직접추가	메인	78000.0	200.0	2797.0	80010035302.0	5017410958.0	26284266393.0							판정불가	일반	일반	2753.387064768448	2753.387064768448	26.90261456390116	26.90261456390116	N	N	92.63085399449037	49.44549088724932	38.14129881462278	193.76170798898073	107.39098177449864	84.78259762924556	541951.4972451791	300372.5760232727	237136.92556899984	594.8096118527938	285.093046183683	204.0216994474357	3년	107.39098177449864	300372.5760232727	285.093046183683	0.2564102564102564	3.4527225608599363	1.847474751035956	1.4272854030535895	-824.5298757963427	-1.0570895843542856	3년	1.847474751035956	양호(>=1.5)	3년	49.44549088724932	0.5440863075916722	헐값	N	주당FCF<=0	제외	하드필터 미통과	21334879.0	주당FCF 음수; fs=2025:CFS,2024:CFS,2022:CFS,2020:CFS
22	083650	비에이치아이	직접추가	메인	79900.0		2107.0	59951352513.0	53304037268.0	622700352.0	144462567432.0						판정불가	일반	일반	3639.8437334410537	-1028.6159601866252	36.19371441222541	38.4094048221104	N	Y	232.85939968404423		64.67325023520193	474.21879936808847		137.84650047040387	999179.0102685624		290442.57649114094	1150.536934003207		263.50760512032656	5년	137.84650047040387	290442.57649114094	263.50760512032656		6.433697216923103		1.7868641360931108	3031.7588454121305	3.7944416087761335	5년	1.7868641360931108	양호(>=1.5)	5년	64.67325023520193	0.5596396389635141	헐값	Y	통과	양호	배당감안점수>=1.5 & 린치PER배수<1	30944375.0	주당순현금 음수(보수형); 단기위험부채 존재; fs=2025:CFS,2024:CFS,2022:CFS,2020:CFS
23	060250	NHN KCP	직접추가	메인	17590.0	250.0	1195.0	374983454305.0	42744455032.0	1106182931.0							판정불가	일반	일반	10373.889142423655	10373.889142423655	6.0385864916956855	6.0385864916956855	N	N	2.224123182207016	9.78930899024495	-2.781281006491565	12.948246364414032	28.0786179804899	2.93743798701687	15473.154405474768	33553.948486685425	3510.23839448516	-12.034369497016662	90.75581857126448	-80.04412510241524	3년	28.0786179804899	33553.948486685425	90.75581857126448	1.4212620807276861	0.6036818828293453	1.8564892771494632	-0.22522140365699625	4859.738255028043	27.627846816532365	3년	1.8564892771494632	양호(>=1.5)	3년	9.78930899024495	0.6168552343902046	헐값	Y	통과	양호	배당감안점수>=1.5 & 린치PER배수<1	40160611.0	fs=2025:CFS,2024:CFS,2022:CFS,2020:CFS
24	251970	펌텍코리아	직접추가	메인	38800.0	450.0	2778.0	43866593506.0	655032377.0	18066150000.0	29278370740.0						판정불가	일반	일반	2133.506119596774	-227.6528110483871	13.19888188639425	14.04883110548898	N	Y	5.267146646456999	20.695677848492622	11.238636290610703	19.034293292914	49.891355696985244	30.977272581221406	52877.2667677151	138598.18612622502	86054.86323063307	36.28161538070902	257.21181991295106	121.79088461503369	3년	49.891355696985244	138598.18612622502	257.21181991295106	1.1597938144329898	0.48693067459866024	1.655857810611579	0.93935457652851	929.867031048387	2.396564513011307	3년	1.655857810611579	양호(>=1.5)	3년	20.695677848492622	0.6377603083609845	헐값	Y	통과	양호	배당감안점수>=1.5 & 린치PER배수<1	12400000.0	주당순현금 음수(보수형); 단기위험부채 존재; fs=2025:CFS,2024:CFS,2022:CFS,2020:CFS
25	214430	아이쓰리시스템	직접추가	메인	83400.0	400.0	2657.0	9957436148.0	48991860345.0	8260246938.0							판정불가	일반	일반	6936.849340685883	6936.849340685883	28.778001753599597	28.778001753599597	N	N	23.237476808905377	43.93661447574133	43.74102307298442	54.974953617810755	96.37322895148266	95.98204614596884	146068.45176252318	256063.66932408942	255024.2966098392	75.14202849223403	207.03077856605447	205.78452830915973	3년	96.37322895148266	256063.66932408942	207.03077856605447	0.4796163069544364	0.8241396785964559	1.5434091346227718	1.5366125750689992	539.5952980718372	0.6469967602779823	3년	1.5434091346227718	양호(>=1.5)	3년	43.93661447574133	0.654989058601426	헐값	Y	통과	양호	배당감안점수>=1.5 & 린치PER배수<1	7307215.0	fs=2025:OFS,2024:OFS,2022:OFS,2020:OFS
26	195940	HK이노엔	직접추가	메인	46700.0	410.0	2672.0	91406200858.0	85585939125.0	146112552372.0	310000000000.0						판정불가	일반	일반	1090.0002266510662	-9852.505694038851	17.069610693618614	21.164859915433702	N	Y	22.907083716651332	25.80405679211104		54.314167433302664	60.10811358422208		145127.4553817847	160608.8794970414		210.76542908305075	243.91623018638415		3년	60.10811358422208	160608.8794970414	243.91623018638415	0.8779443254817988	1.3934136207936507	1.5631288607869522		2671.284955420407	5.720096264283527	3년	1.5631288607869522	양호(>=1.5)	3년	25.80405679211104	0.6615088019352534	헐값	Y	통과	양호	배당감안점수>=1.5 & 린치PER배수<1	28329891.0	주당순현금 음수(보수형); 단기위험부채 존재; fs=2025:OFS,2024:OFS,2022:OFS,2020:NA
27	078600	대주전자재료	직접추가	메인	157000.0	100.0	1377.0	87095348554.0	15651970912.0	158800187034.0	175574260916.0						판정불가	일반	일반	-3620.8475714076326	-14962.419623330967	116.6454956945589	124.88193146211398	Y	Y	-39.28571428571429	173.91745789192484	31.893371216078826		356.3349157838497	72.28674243215765		490673.17903436103	99538.84432908108		212.5306872830325	-36.59946221077638	3년	356.3349157838497	490673.17903436103	212.5306872830325	0.06369426751592357	-0.33624976073574986	1.4915376811035865	0.2739674197731189	-829.2141970272069	-0.5281619089345266	3년	1.4915376811035865	보통(1~1.5)	3년	173.91745789192484	0.6706945760847328	헐값	N	주당순현금<=0 / 주당FCF<=0	제외	하드필터 미통과	15480593.0	주당순현금 음수(린치식); 주당순현금 음수(보수형); 단기위험부채 존재; 주당FCF 음수; fs=2025:CFS,2024:CFS,2022:CFS,2020:CFS
28	218410	RFHIC	직접추가	메인	96800.0	400.0	1131.0	109923743273.0		50413553988.0	7000000000.0						판정불가	일반	일반	2245.375875518357	1981.2592373850914	83.6026738501164	83.83619872910248	N	N	13.66834170854272	120.15011325715346	67.80648322593032	35.83668341708544	248.80022651430693	144.11296645186064	40531.28894472363	281393.05618768116	162991.76505705438	-58.12883373478963	190.69530597900948	68.37992257960164	3년	248.80022651430693	281393.05618768116	190.69530597900948	0.4132231404958678	0.1684343837409332	1.4420990483366158	0.8159990969754278	916.5035427473911	0.9468011805241643	3년	1.4420990483366158	보통(1~1.5)	3년	120.15011325715346	0.6958185188821608	헐값	Y	통과	보류	중간구간(보류)	26503442.0	단기위험부채 존재; fs=2025:CFS,2024:CFS,2022:CFS,2020:CFS
29	067310	하나마이크론	직접추가	메인	48950.0	70.0	637.0	95587857414.0	13423479284.0	526063263829.0	282083074730.0						판정불가	일반	일반	-6282.96993586037	-10532.607361434337	86.70795908298331	93.37928942140398	Y	Y	-248.83177570093457	112.91119569846622			234.32239139693243			149263.36331984596			204.93026214473127		3년	234.32239139693243	149263.36331984596	204.93026214473127	0.14300306435137897	-2.868119319918223	1.3038503034608366		365.9283093769816	0.7475552796261115	3년	1.3038503034608366	보통(1~1.5)	3년	112.91119569846622	0.76793057186765	헐값	N	주당순현금<=0	제외	하드필터 미통과	66378151.0	주당순현금 음수(린치식); 주당순현금 음수(보수형); 단기위험부채 존재; fs=2025:CFS,2024:CFS,2022:CFS,2020:CFS
30	031980	피에스케이홀딩스	직접추가	메인	116900.0	1080.0	4252.0	182779167734.0		10979267182.0							판정불가	일반	일반	7967.570418406675	7967.570418406675	25.619103852679523	25.619103852679523	N	N		28.972326855053065	6.696365809169258		66.44465371010614	21.892731618338516		282522.6675753713	93087.89484117537		141.67892863590356	-20.369636577266583	3년	66.44465371010614	282522.6675753713	141.67892863590356	0.9238665526090676		1.166949225842467	0.2974433612353431	3674.3812093229903	3.1431832415081185	3년	1.166949225842467	보통(1~1.5)	3년	28.972326855053065	0.884261177255471	헐값	Y	통과	보류	중간구간(보류)	21562395.0	fs=2025:CFS,2024:CFS,2022:CFS,2020:CFS
31	460930	현대힘스	직접추가	메인	17210.0	130.0	604.0	33438640391.0	6651960400.0	15620500661.0	25123269204.0						판정불가	일반	일반	689.0914601416572	-18.39359988438405	27.352497582546924	28.523830463384744	N	Y	26.890756302521			62.281512605042			37618.03361344537			118.58241495319794			1년	62.281512605042	37618.03361344537	118.58241495319794	0.7553747821034282	1.0107351623445482			719.6960654446659	4.181848143199686	1년	1.0107351623445482	보통(1~1.5)	1년	26.890756302521	1.017171003850964	보통	Y	통과	보류	중간구간(보류)	35510671.0	주당순현금 음수(보수형); 단기위험부채 존재; fs=2025:CFS,2024:CFS,2022:NA,2020:NA
32	196170	알테오젠	직접추가	메인	357500.0	371.0	2653.0	66380706542.0	363641391678.0	6204706421.0	0.0						판정불가	일반	일반	7920.963462850038	7920.963462850038	131.7674468666227	131.7674468666227	N	N	126.3651877133106			261.2303754266212			693044.1860068261			93.85851356834296			1년	261.2303754266212	693044.1860068261	93.85851356834296	0.10377622377622378	0.9597891356664209			1695.3263015208747	0.4742171472785664	1년	0.9597891356664209	불리(<1)	1년	126.3651877133106	1.0427511662908964	보통	Y	통과	제외	배당감안점수<1	53505788.0	배당감안점수<1; fs=2025:CFS,2024:CFS,2022:CFS,2020:CFS
33	237690	에스티팜	직접추가	메인	124900.0	500.0	2706.0	30546031679.0	66183186618.0	0.0	31042096562.0						판정불가	일반	일반	4672.528973826477	3173.032770425826	44.42995972881505	44.9840972762654	N	N	52.02247191011236	41.40733955062637		112.54494382022472	91.31467910125274		304546.6179775281	247097.5216479899		143.83236027023867	97.83628634746991		3년	91.31467910125274	247097.5216479899	97.83628634746991	0.4003202562049639	1.179897359490932	0.9409790164567036		-1608.3636028354022	-1.287721059115614	3년	0.9409790164567036	불리(<1)	3년	41.40733955062637	1.0729972080068824	보통	N	주당FCF<=0	제외	하드필터 미통과	20701684.0	단기위험부채 존재; 주당FCF 음수; 배당감안점수<1; fs=2025:CFS,2024:CFS,2022:CFS,2020:CFS
34	214150	클래시스	직접추가	메인	48100.0	1000.0	2017.0	37521303951.0	180409959460.0	65234627334.0	21324811600.0						판정불가	일반	일반	2331.044957154007	2005.5034401989606	22.69159893051363	22.852997798612314	N	N	32.959789057350044	20.077044785232843	27.870621881389045	74.41957811470009	48.654089570465686	64.24124376277808	150104.28905735008	98135.29866362929	129574.5886695234	212.06712901735983	104.02348994517526	169.38583922977836	3년	48.654089570465686	98135.29866362929	104.02348994517526	2.079002079002079	1.5441305499735012	0.9763986633150586	1.3198551610269098	2208.700745152415	4.591893441065312	3년	0.9763986633150586	불리(<1)	3년	20.077044785232843	1.1302260453791415	보통	Y	통과	제외	배당감안점수<1	65505659.0	단기위험부채 존재; 배당감안점수<1; fs=2025:CFS,2024:CFS,2022:CFS,2020:CFS
35	222080	씨아이에스	직접추가	메인	13280.0		371.0	209198215167.0	3000000000.0	3998891229.0							판정불가	일반	일반	2690.8927928932903	2690.8927928932903	28.542067943683854	28.542067943683854	N	N	-52.61813537675606	24.989472797659506			58.47894559531901			21695.688815863352			63.37115072186259		3년	58.47894559531901	21695.688815863352	63.37115072186259		-1.8435291892856718	0.8755312630803784		1242.7502619525433	9.358059201449874	3년	0.8755312630803784	불리(<1)	3년	24.989472797659506	1.1421636692694486	보통	Y	통과	제외	배당감안점수<1	77371839.0	배당감안점수<1; fs=2025:CFS,2024:CFS,2022:CFS,2020:OFS
36	059090	미코	직접추가	메인	21050.0		937.0	308049235584.0	150141976308.0	613882940873.0	418677409064.0						판정불가	일반	일반	-4659.088586607601	-17188.04661673247	27.437661245045465	40.809014532265174	Y	Y	151.88172043010755		19.845043171093412	312.2634408602151		48.190086342186824	292590.84408602153		45154.11090262905	1289.9802569407198		114.50884039253704	5년	48.190086342186824	45154.11090262905	114.50884039253704		5.535519921820359		0.7232775050999259	-8988.877721155523	-42.70250698886234	5년	0.7232775050999259	불리(<1)	5년	19.845043171093412	1.3825951905718994	보통	N	주당순현금<=0 / 주당FCF<=0	제외	하드필터 미통과	33416778.0	주당순현금 음수(린치식); 주당순현금 음수(보수형); 단기위험부채 존재; 주당FCF 음수; 배당감안점수<1; fs=2025:CFS,2024:CFS,2022:CFS,2020:CFS
37	086450	동국제약	직접추가	메인	21400.0	200.0	1487.0	56178706285.0	62418400000.0								판정불가	일반	일반	2622.0651120418515	2622.0651120418515	12.628066501653093	12.628066501653093	N	N	7.59768451519538	7.320275876340965	3.1564796792116656	23.695369030390758	23.14055175268193	14.812959358423331	35235.01374819106	34410.00045623803	22026.870565975492	64.64959695416381	60.79439465531789	2.9293017101658547	3년	23.14055175268193	34410.00045623803	60.79439465531789	0.9345794392523363	0.6756587758965943	0.6536911501465953	0.3239655982116072	503.2892639290106	2.3518189903224798	3년	0.6536911501465953	불리(<1)	3년	7.320275876340965	1.7250806820637508	보통	Y	통과	제외	배당감안점수<1	45230420.0	배당감안점수<1; fs=2025:CFS,2024:CFS,2022:CFS,2020:CFS
38	213420	덕산네오룩스	직접추가	메인	45100.0		2165.0	126289412183.0	23523118181.0	73316735293.0	0.0						판정불가	일반	일반	3080.6348369926372	3080.6348369926372	19.40848275427592	19.40848275427592	N	N	16.21041331186259	11.211848026446525	9.282628183044572	40.92082662372518	30.92369605289305	27.065256366089145	88593.58964036503	66949.80195451346	58596.280032582996	96.43811450191802	48.44745444459746	29.92523288821063	3년	30.92369605289305	66949.80195451346	48.44745444459746		0.8352231092505799	0.5776777179543527	0.4782768596890707	1872.3304627621587	4.151508786612325	3년	0.5776777179543527	불리(<1)	3년	11.211848026446525	1.7310690181043447	보통	Y	통과	제외	배당감안점수<1	24831179.0	배당감안점수<1; fs=2025:CFS,2024:CFS,2022:CFS,2020:OFS
39	137400	피엔티	직접추가	메인	47100.0	200.0	3215.0	48614784915.0	2883423500.0	147061731360.0	118697154998.0						판정불가	일반	일반	-4033.7942736500117	-9044.073189435125	15.904757161321932	17.463164289093353	Y	Y	-48.40314556251003	5.939543368649525	13.365820704844978		20.379086737299048	35.231641409689956		65518.76386041644	113269.7271321532		39.10565575459965	140.48774338036773	3년	20.379086737299048	65518.76386041644	39.10565575459965	0.42462845010615713	-3.0166142510544387	0.4001426588412445	0.8670644270185723	-5203.342672542608	-11.047436672064984	3년	0.4001426588412445	불리(<1)	3년	5.939543368649525	2.677774396811619	매우 불리	N	주당순현금<=0 / 주당FCF<=0	제외	하드필터 미통과	23690728.0	주당순현금 음수(린치식); 주당순현금 음수(보수형); 단기위험부채 존재; 주당FCF 음수; 배당감안점수<1; PER>연성장률의 2배; fs=2025:CFS,2024:CFS,2022:CFS,2020:CFS
40	050890	쏠리드	직접추가	메인	15400.0	50.0	610.0	90077709858.0	56384251006.0		99023500000.0						판정불가	일반	일반	2410.63719770453	780.7960352708731	21.294037380812245	23.965908138900208	N	N	-19.736842105263154	7.574974463597406			23.649948927194814			14426.468845588835			-6.321630872799766		3년	23.649948927194814	14426.468845588835	-6.321630872799766	0.3246753246753247	-0.9116245281920965	0.3709794271043683		264.100396082502	1.7149376368993638	3년	0.3709794271043683	불리(<1)	3년	7.574974463597406	2.8111035203014487	매우 불리	Y	통과	제외	배당감안점수<1	60756534.0	단기위험부채 존재; 배당감안점수<1; PER>연성장률의 2배; fs=2025:CFS,2024:CFS,2022:CFS,2020:CFS
41	080220	제주반도체	직접추가	메인	92600.0		1173.0	77229831529.0		56955110913.0	52000000000.0						판정불가	일반	일반	588.6484603632924	-921.099590849568	78.44104990591366	79.72813264352052	N	Y	101.89328743545612	18.439828634196754	28.179821594920938	212.28657487091223	45.37965726839351	64.85964318984188	249012.15232358006	53230.33797582558	76080.36146168452	168.91161158054	-42.51583371941082	-17.839782438785623	3년	45.37965726839351	53230.33797582558	-42.51583371941082		1.2989791385718614	0.23507880958139213	0.3592483990043645	662.8416875870809	0.715811757653435	3년	0.23507880958139213	불리(<1)	3년	18.439828634196754	4.253892563862786	매우 불리	Y	통과	제외	배당감안점수<1	34442833.0	주당순현금 음수(보수형); 단기위험부채 존재; 1년 점수 과열 가능; 배당감안점수<1; PER>연성장률의 2배; fs=2025:CFS,2024:CFS,2022:CFS,2020:CFS
42	060370	LS마린솔루션	직접추가	메인	35850.0	160.0	215.0	73563614656.0	401270740051.0	34931968525.0							판정불가	일반	일반	8420.98079299366	8420.98079299366	127.57683352095974	127.57683352095974	N	N	-56.032719836400815		29.95772295224761			68.41544590449521			14709.320869466472			-58.96981626369184	5년	68.41544590449521	14709.320869466472	-58.96981626369184	0.44630404463040446	-0.4357093232184514		0.23831934182535502	-1082.6513705871112	-3.0199480351104913	5년	0.23831934182535502	불리(<1)	5년	29.95772295224761	4.25856243227552	매우 불리	N	주당FCF<=0	제외	하드필터 미통과	52238854.0	주당FCF 음수; 배당감안점수<1; PER>연성장률의 2배; fs=2025:CFS,2024:CFS,2022:OFS,2020:OFS
43	095610	테스	직접추가	메인	116100.0	850.0	3244.0	12143208427.0	19422130000.0	45890019125.0	6000000000.0						판정불가	일반	일반	-739.9111930785124	-1049.8285484504133	36.017235262971184	36.11277082258027	Y	Y	33.388157894736835	7.932866974470154	15.47414404638392	75.27631578947367	24.36573394894031	39.44828809276784	244196.36842105258	79042.44093036237	127970.24657293886	110.33278933768527	-31.91865552940364	10.224157254899978	3년	24.36573394894031	79042.44093036237	-31.91865552940364	0.7321274763135228	0.9473321625585445	0.24057911129264375	0.44995878790726845	2545.6724063016527	2.192654958054826	3년	0.24057911129264375	불리(<1)	3년	7.932866974470154	4.540254535829629	매우 불리	N	주당순현금<=0	제외	하드필터 미통과	19360000.0	주당순현금 음수(린치식); 주당순현금 음수(보수형); 단기위험부채 존재; 1년 점수 과열 가능; 배당감안점수<1; PER>연성장률의 2배; fs=2025:CFS,2024:CFS,2022:CFS,2020:CFS
44	060280	큐렉소	직접추가	메인	13060.0		67.0	18688000180.0									판정불가	일반	일반	454.8066373342997	454.8066373342997	188.13721436814478	188.13721436814478	N	N	-131.45539906103286		41.05182554589231			90.60365109178461			6070.444623149569			-53.51880074158063	5년	90.60365109178461	6070.444623149569	-53.51880074158063		-0.6987208750938686		0.2182015168225174	-335.1639164672466	-2.5663393297645225	5년	0.2182015168225174	불리(<1)	5년	41.05182554589231	4.582919562440019	매우 불리	N	주당FCF<=0	제외	하드필터 미통과	41089990.0	주당FCF 음수; 배당감안점수<1; PER>연성장률의 2배; fs=2025:CFS,2024:OFS,2022:OFS,2020:OFS
45	068760	셀트리온제약	직접추가	메인	49450.0	200.0	892.0	49871871397.0	67056726028.0	16559995254.0	142000000000.0						판정불가	일반	일반	2297.7149853074225	-953.057874493612	52.861306070283156	56.50567026288522	N	Y	67.984934086629	8.88354924631798	8.803232347597788	144.469868173258	26.26709849263596	26.106464695195577	128867.12241054613	23430.251855431277	23286.966508114456	160.6008542174846	-52.618297562322994	-52.9080555953196	3년	26.26709849263596	23430.251855431277	-52.618297562322994	0.40444893832153694	1.2937512919945944	0.17570504543134843	0.17418565620904272	1568.3314891607329	3.171550028636467	3년	0.17570504543134843	불리(<1)	3년	8.88354924631798	5.9504714393509905	매우 불리	Y	통과	제외	배당감안점수<1	43681920.0	주당순현금 음수(보수형); 단기위험부채 존재; 1년 점수 과열 가능; 배당감안점수<1; PER>연성장률의 2배; fs=2025:OFS,2024:OFS,2022:OFS,2020:CFS
46	122870	와이지엔터테인먼트	직접추가	메인	48050.0	300.0	1990.0	168219905571.0	18417244062.0	7408282828.0							판정불가	일반	일반	9589.02129061884	9589.02129061884	19.327124979588522	19.327124979588522	N	N	99.1991991991992	2.8708421054929767	22.411692325937338	206.8983983983984	14.241684210985953	53.323384651874676	411727.8128128128	28340.95157986205	106113.53545723061	756.8736999226072	-41.01779067666587	120.83982405250909	3년	14.241684210985953	28340.95157986205	-41.01779067666587	0.6243496357960457	5.164945585047928	0.18084385261544655	1.1919021575149884	4456.78787193806	9.275312948882538	3년	0.18084385261544655	불리(<1)	3년	2.8708421054929767	6.732214545205612	매우 불리	Y	통과	제외	배당감안점수<1	18691049.0	1년 점수 과열 가능; 배당감안점수<1; PER>연성장률의 2배; fs=2025:CFS,2024:CFS,2022:CFS,2020:CFS
47	065350	신성델타테크	직접추가	메인	46400.0	120.0	778.0	70602467437.0	14235723297.0	26783722267.0	310392918122.0						판정불가	일반	일반	2112.3045519879456	-9181.30283374863	56.925058416467934	71.44126328245325	N	Y	-2202.702702702703	7.457653300092337	18.00492575746233		23.415306600184675	44.50985151492466		18217.108534943676	34628.66447861139		-60.738990226414494	-25.36925758919959	3년	23.415306600184675	18217.108534943676	-60.738990226414494	0.25862068965517243	-38.69023841661793	0.13555144613633383	0.3208349179635451	-2916.1518951716835	-6.284810118904491	3년	0.13555144613633383	불리(<1)	3년	7.457653300092337	7.633106035616206	매우 불리	N	주당FCF<=0	제외	하드필터 미통과	27483948.0	주당순현금 음수(보수형); 단기위험부채 존재; 주당FCF 음수; 배당감안점수<1; PER>연성장률의 2배; fs=2025:CFS,2024:CFS,2022:CFS,2020:CFS
48	140860	파크시스템스	직접추가	메인	271500.0	500.0	4963.0	75059752464.0	4013999311.0	81434883898.0	32966292992.0						판정불가	일반	일반	-337.4744350621034	-5049.316265171743	54.77281370845498	55.72220758919439	Y	Y	-19.62753036437247	6.914619637756436	27.071013078978922		22.329239275512872	62.642026157957844		110820.01452437039	310892.3758219448		-59.18231509231293	14.509162365357199	3년	22.329239275512872	110820.01452437039	-59.18231509231293	0.1841620626151013	-0.3549820976013872	0.12960410867619418	0.4976040720980304	-4263.863715695771	-1.5704838731844462	3년	0.12960410867619418	불리(<1)	3년	6.914619637756436	7.921305375840881	매우 불리	N	주당순현금<=0 / 주당FCF<=0	제외	하드필터 미통과	6996477.0	주당순현금 음수(린치식); 주당순현금 음수(보수형); 단기위험부채 존재; 주당FCF 음수; 배당감안점수<1; PER>연성장률의 2배; fs=2025:CFS,2024:CFS,2022:CFS,2020:CFS
49	376300	디어유	직접추가	메인	26300.0	316.0	785.0	127699499351.0	42744910159.0	3733290182.0							판정불가	일반	일반	7022.843881261446	7022.843881261446	24.556886775463123	24.556886775463123	N	N	-23.563777994157743	2.3574658676792426			13.214931735358485			10373.721412256411			-60.556192348834934		3년	13.214931735358485	10373.721412256411	-60.556192348834934	1.2015209125475286	-0.9106307850046468	0.14492825628788003		1461.7061584505716	5.557818092967953	3년	0.14492825628788003	불리(<1)	3년	2.3574658676792426	10.41664573478539	매우 불리	Y	통과	제외	배당감안점수<1	23738406.0	배당감안점수<1; PER>연성장률의 2배; fs=2025:CFS,2024:CFS,2022:OFS,2020:NA
50	183300	코미코	직접추가	메인	150900.0	1400.0	4650.0	99119203383.0	3100000000.0	340995618653.0	192679909879.0						판정불가	일반	일반	-22826.080519208877	-41245.51751577621	37.36044742348578	41.3216166700594	Y	Y	-13.920770085153645	3.344451500460721	13.460780641712699		15.188903000921442	35.4215612834254		70628.39895428471	164710.2599679281		-53.19522932121623	9.151928408169718	3년	15.188903000921442	70628.39895428471	-53.19522932121623	0.9277667329357191	-0.3477742973723108	0.11435136696759175	0.3851278120829835	-17350.753968382945	-11.498180230870076	3년	0.11435136696759175	불리(<1)	3년	3.344451500460721	11.170874332708703	매우 불리	N	주당순현금<=0 / 주당FCF<=0	제외	하드필터 미통과	10460684.0	주당순현금 음수(린치식); 주당순현금 음수(보수형); 단기위험부채 존재; 주당FCF 음수; 배당감안점수<1; PER>연성장률의 2배; fs=2025:CFS,2024:CFS,2022:CFS,2020:CFS
51	084370	유진테크	직접추가	메인	115900.0	230.0	1906.0	54924701691.0	234822263434.0	6336490405.0							판정불가	일반	일반	12367.339644429	12367.339644429	54.31933911624922	54.31933911624922	N	N	-33.00527240773287	3.947412856408672	65.18029584829917		16.394825712817344	138.86059169659833		31248.53780862986	264668.28777371644		-73.03836254647985	128.35917840700296	3년	16.394825712817344	31248.53780862986	-73.03836254647985	0.1984469370146678	-0.6039621616254953	0.07632382611560783	1.203599746407008	1973.6983229477412	1.7029321164346343	3년	0.07632382611560783	불리(<1)	3년	3.947412856408672	13.760744338677704	매우 불리	Y	통과	제외	배당감안점수<1	22916042.0	배당감안점수<1; PER>연성장률의 2배; fs=2025:CFS,2024:CFS,2022:CFS,2020:CFS
52	095340	ISC	반도체소부장	메인	197300.0	850.0	2743.0	79871448500.0	262260000000.0	20000000000.0	0.0						판정불가	일반	일반	15196.988586812378	15196.988586812378	66.38826518891274	66.38826518891274	N	N	2.6956196181205483	2.7852556628800373		13.891239236241097	14.070511325760075		38103.669225009326	38595.412566559884		-80.68744590724312	-80.43820954558547		3년	14.070511325760075	38595.412566559884	-80.43820954558547	0.4308160162189559	0.04709319674859705	0.04844337579762662		1668.9997838851034	0.8459198093690337	3년	0.04844337579762662	불리(<1)	3년	2.7852556628800373	23.83560908741329	매우 불리	Y	통과	제외	배당감안점수<1	21197058.0	배당감안점수<1; PER>연성장률의 2배; fs=2025:CFS,2024:CFS,2022:CFS,2020:CFS
53	041190	우리기술투자	직접추가	메인	6220.0		1420.0	8196474528.0	918336858104.0								판정불가	일반	일반	11030.158721809525	11030.158721809525	-3.3874357195841722	-3.3874357195841722	N	N	-25.14496573537164												1년					7.423008971062728					1년	7.423008971062728	안심(>=2)	1년	-25.14496573537164		판정불가	N	주당FCF<=0 / 순현금차감PER<=0	제외	하드필터 미통과	84000000.0	fs=2025:CFS,2024:CFS,2022:NA,2020:NA
54	215200	메가스터디교육	직접추가	메인	43550.0	3000.0	8072.0	66298633028.0		36685724461.0	13667071299.0						판정불가	일반	일반	2856.9504549639873	1538.3989362112666	5.041259854439545	5.20460865507789	N	N	92.23624672541082	-2.8115416132021287	34.54221143364424	192.97249345082164	2.8769167735957426	77.58442286728848	1557673.9671350324	23222.472196464834	626261.4613847526	3476.7484894030595	-46.67629805633793	1338.0286139718776	3년	2.8769167735957426	23222.472196464834	-46.67629805633793	6.8886337543053955	19.66271990372063	0.8087446905782506	8.218351440754219	10570.647660791632	24.272440093666205	3년	0.8087446905782506	불리(<1)	3년	-2.8115416132021287		판정불가	Y	통과	보류	배당감안점수 또는 린치PER배수 미산출	10365216.0	단기위험부채 존재; 1년 점수 과열 가능; 배당감안점수<1; fs=2025:CFS,2024:CFS,2022:CFS,2020:CFS
55	000250	삼천당제약	직접추가	메인	373500.0	50.0	226.0	95943976392.0	13034373599.0	23423415405.0	44784077259.0						판정불가	일반	일반	3647.2359249112606	1738.075497947946	1636.5166551995076	1644.964267708195	N	N	-147.67932489451476	-5.168157543831642											3년				0.013386880856760375	-0.09023185773545095	-0.003149843080788239		-2122.772468832106	-0.5683460425253296	3년	-0.003149843080788239	불리(<1)	3년	-5.168157543831642		판정불가	N	주당FCF<=0	제외	하드필터 미통과	23457472.0	단기위험부채 존재; 주당FCF 음수; 배당감안점수<1; fs=2025:CFS,2024:CFS,2022:CFS,2020:CFS
56	277810	레인보우로보틱스	직접추가	메인	746000.0		73.0	10110272543.0	59000000000.0	96954300.0							판정불가	일반	일반	3557.413577099379	3557.413577099379	10170.446389354804	10170.446389354804	N	N	-33.63636363636363	-41.03092880510747											3년					-0.0033072652220624377	-0.004034329196017758		-1415.7857261635627	-0.1897836094053033	3년	-0.004034329196017758	불리(<1)	3년	-41.03092880510747		판정불가	N	주당FCF<=0	제외	하드필터 미통과	19399858.0	주당FCF 음수; 1년 점수 과열 가능; 배당감안점수<1; fs=2025:CFS,2024:CFS,2022:CFS,2020:CFS
57	032820	우리기술	직접추가	메인	17290.0		4.8	9476066958.0	25753635244.0	86490875127.0	33818571027.0						판정불가	일반	일반	-307.40081363403556	-510.20257677063705	3666.1251695070905	3708.375536827216	Y	Y	-121.06186924089512	-40.54591323324753											3년					-0.033021750115851026	-0.011059609631031479		-393.338631932169	-2.274948709844818	3년	-0.011059609631031479	불리(<1)	3년	-40.54591323324753		판정불가	N	주당순현금<=0 / 주당FCF<=0	제외	하드필터 미통과	166756790.0	주당순현금 음수(린치식); 주당순현금 음수(보수형); 단기위험부채 존재; 주당FCF 음수; 1년 점수 과열 가능; 배당감안점수<1; fs=2025:CFS,2024:CFS,2022:CFS,2020:CFS
58	417200	LS머트리얼즈	직접추가	메인	21650.0	22.0	6.0	57427106565.0	1409761182.0	35664779013.0	12052000000.0						판정불가	일반	일반	342.51556519012803	164.37031298355916	3551.247405801645	3580.9382811694068	N	N	-92.85714285714286												1년				0.10161662817551961	-0.02611913945433184			-267.29396056701927	-1.2346141365682184	1년	-0.02611913945433184	불리(<1)	1년	-92.85714285714286		판정불가	N	주당FCF<=0	제외	하드필터 미통과	67652659.0	단기위험부채 존재; 주당FCF 음수; 배당감안점수<1; fs=2025:CFS,2024:CFS,2022:NA,2020:NA
59	131970	두산테스나	직접추가	메인	173400.0	160.0	78.0	109546970000.0	5000000.0	173189735000.0	164500000000.0						판정불가	일반	일반	-3292.6466264864125	-11803.950724878538	2265.29034136521	2374.40962467793	Y	Y	-95.92050209205021	-70.63378581277699	-48.99682259345528										3년				0.0922722029988466	-0.04230284663258622	-0.031140164384961477	-0.021588645613075535	6334.127307792246	3.6528992547821484	3년	-0.031140164384961477	불리(<1)	3년	-70.63378581277699		판정불가	N	주당순현금<=0	제외	하드필터 미통과	19327238.0	주당순현금 음수(린치식); 주당순현금 음수(보수형); 단기위험부채 존재; 1년 점수 과열 가능; 배당감안점수<1; fs=2025:OFS,2024:CFS,2022:OFS,2020:OFS
60	032190	다우데이타	직접추가	메인	22750.0	550.0	5713.0	2733751140623.0	21532549329917.0	4101128995368.0	32263292614335.0						판정불가	일반	일반	526505.7826415666	-315877.836531671	-88.17710181018144	59.27320786481201	N	Y	33.17016317016317	2.41056085619491		74.84032634032634	13.32112171238982		427562.7843822844	76103.56834288304		1779.3968544276236	234.52117952915623		3년	13.32112171238982	76103.56834288304	234.52117952915623	2.417582417582418	-0.4035939587168017	-0.05475506877251257		-174621.89534033943	-767.5687707267667	3년	-0.05475506877251257	불리(<1)	3년	2.41056085619491		판정불가	N	주당FCF<=0 / 순현금차감PER<=0	제외	하드필터 미통과	38300000.0	주당순현금 음수(보수형); 단기위험부채 존재; 주당FCF 음수; 배당감안점수<1; fs=2025:CFS,2024:CFS,2022:CFS,2020:CFS
61	009520	포스코엠텍	직접추가	메인	17780.0	10.0	34.0	23489287481.0									판정불가	일반	일반	564.0673104481234	564.0673104481234	506.3509614574081	506.3509614574081	N	N	142.85714285714283	-33.573662263718816	-31.534135605250093	294.21428571428567			10003.285714285712			-43.73855053832558			3년				0.05624296962879641	0.2822417585925584	-0.06619404690694825	-0.062166155555466576	21.005404932528034	0.11814063516607443	3년	-0.06619404690694825	불리(<1)	3년	-33.573662263718816		판정불가	Y	통과	보류	배당감안점수 또는 린치PER배수 미산출	41642703.0	1년 점수 과열 가능; 배당감안점수<1; fs=2025:OFS,2024:OFS,2022:OFS,2020:OFS
62	058610	에스피지	직접추가	메인	122300.0		412.0	42023986997.0	4202172079.0	0.0	54058574990.0						판정불가	일반	일반	2084.3851150903442	-353.17169915625664	291.78547302162536	297.70187305620453	N	Y	-30.28764805414551	-22.958604350341737	-9.267164625100499										3년					-0.10380108283149783	-0.07868316442415961	-0.0317601987828012	1052.1212452248599	0.860279023078381	3년	-0.07868316442415961	불리(<1)	3년	-22.958604350341737		판정불가	Y	통과	보류	배당감안점수 또는 린치PER배수 미산출	22177360.0	주당순현금 음수(보수형); 단기위험부채 존재; 1년 점수 과열 가능; 배당감안점수<1; fs=2025:CFS,2024:CFS,2022:CFS,2020:CFS
63	014620	성광벤드	직접추가	메인	35250.0	200.0	1297.0	55816213450.0			2000000000.0						판정불가	일반	일반	2101.7226502600183	2026.413971281186	25.557654086152645	25.615717832474026	N	N	-13.186077643908966	-2.6308862076953488			3.2382275846093025			4199.981177238265			-88.08515978088435		3년	3.2382275846093025	4199.981177238265	-88.08515978088435	0.5673758865248227	-0.49373474243166404	-0.08073942601361654		1220.9355149855987	3.463646851022975	3년	-0.08073942601361654	불리(<1)	3년	-2.6308862076953488		판정불가	Y	통과	보류	배당감안점수 또는 린치PER배수 미산출	26557364.0	단기위험부채 존재; 배당감안점수<1; fs=2025:CFS,2024:CFS,2022:CFS,2020:CFS
64	039030	이오테크닉스	직접추가	메인	485000.0	500.0	4689.0	236305275966.0	99448229801.0		7000000000.0						판정불가	일반	일반	27253.715092434384	26685.512520100165	97.6213019636523	97.74247973552993	N	N	21.162790697674417	-9.341714757581144	21.872789158097493	50.825581395348834		52.24557831619499	238321.1511627907		244979.5167246383	-50.86161831695038		-49.488759438218906	3년				0.10309278350515465	0.21784060500542776	-0.09463735668589875	0.22511359200868894	7809.347047497677	1.610174648968593	3년	-0.09463735668589875	불리(<1)	3년	-9.341714757581144		판정불가	Y	통과	보류	배당감안점수 또는 린치PER배수 미산출	12319550.0	단기위험부채 존재; 1년 점수 과열 가능; 배당감안점수<1; fs=2025:CFS,2024:CFS,2022:CFS,2020:CFS
65	247540	에코프로비엠	2차전지	메인	182400.0	100.0	403.0	518548123832.0	17217642963.0	908362087372.0	863305167008.0						판정불가	일반	일반	-3809.7259744917205	-12636.85586554925	462.0588733858355	483.96242150260355	Y	Y	-140.78947368421052	-48.08965332121203	-29.141298397230276										3년				0.05482456140350877	-0.30458163932994875	-0.10395824325983184	-0.06294971379445521	-2285.196699076037	-1.2528490674758974	3년	-0.10395824325983184	불리(<1)	3년	-48.08965332121203		판정불가	N	주당순현금<=0 / 주당FCF<=0	제외	하드필터 미통과	97801344.0	주당순현금 음수(린치식); 주당순현금 음수(보수형); 단기위험부채 존재; 주당FCF 음수; 1년 점수 과열 가능; 배당감안점수<1; fs=2025:CFS,2024:CFS,2022:CFS,2020:CFS
66	189300	인텔리안테크	직접추가	메인	167000.0	200.0	724.0	32845847951.0	48243824430.0	60518508468.0	64253742340.0						판정불가	일반	일반	1916.567947387084	-4069.8051907263857	228.0157901279184	236.284261313158	N	Y	-351.38888888888886	-26.087239007011586	55.747934193089876			119.99586838617975			86877.00871159414			-47.977839094853806	3년				0.11976047904191617	-1.5405473814457438	-0.1138845626147283	0.24501677993787024	-4643.386088236889	-2.7804707115190954	3년	-0.1138845626147283	불리(<1)	3년	-26.087239007011586		판정불가	N	주당FCF<=0	제외	하드필터 미통과	10733334.0	주당순현금 음수(보수형); 단기위험부채 존재; 주당FCF 음수; 배당감안점수<1; fs=2025:CFS,2024:CFS,2022:CFS,2020:CFS
67	121600	나노신소재	직접추가	메인	70900.0	250.0	136.0	55326376541.0	186859366032.0	162519871152.0							판정불가	일반	일반	6524.005023015364	6524.005023015364	473.35290424253407	473.35290424253407	N	N	-187.74193548387098	-57.81026287933078	-2.7067161445867516			3.086567710826497			419.7732086724036			-99.40793623600507	3년				0.3526093088857546	-0.39587657431794626	-0.12138439007232789	-0.004973259516529368	380.8349060300506	0.5371437320593097	3년	-0.12138439007232789	불리(<1)	3년	-57.81026287933078		판정불가	Y	통과	보류	배당감안점수 또는 린치PER배수 미산출	12211191.0	배당감안점수<1; fs=2025:CFS,2024:CFS,2022:CFS,2020:CFS
68	056190	에스에프에이	직접추가	메인	26850.0	950.0	1916.0	295924271530.0	28249450000.0								판정불가	일반	일반	9027.7058169093	9027.7058169093	9.301823686373018	9.301823686373018	N	N	-177.38287560581583	-4.690096402984533	-9.613618111787957										3년				3.5381750465549344	-18.689313668021878	-0.12383822734859405	-0.6531453691315847	1582.4180900148042	5.89354968348158	3년	-0.12383822734859405	불리(<1)	3년	-4.690096402984533		판정불가	Y	통과	보류	배당감안점수 또는 린치PER배수 미산출	35908760.0	배당감안점수<1; fs=2025:CFS,2024:CFS,2022:CFS,2020:CFS
69	036930	주성엔지니어링	반도체소부장	메인	176900.0	53.0	781.0	164383610031.0	0.0	104241855386.0	45000000000.0						판정불가	일반	일반	1272.3480202522953	320.33620667423327	224.87535464756428	226.09431983780507	N	N	-65.625	-29.310632286282456											3년				0.029960429621254947	-0.29169510226312934	-0.1302084521558679				3년	-0.1302084521558679	불리(<1)	3년	-29.310632286282456		판정불가	N	주당FCF<=0	제외	하드필터 미통과	47268321.0	단기위험부채 존재; 1년 점수 과열 가능; 배당감안점수<1; fs=2025:CFS,2024:CFS,2022:CFS,2020:CFS
70	131290	티에스이	직접추가	메인	223000.0	450.0	3526.0	75817114809.0	24192525681.0								판정불가	일반	일반	9041.29479925243	9041.29479925243	60.68029075460793	60.68029075460793	N	N	-10.869565217391308	-8.574311564657378	6.33162898184505			21.1632579636901			74621.6475799713			-66.53737776682902	3년				0.20179372197309417	-0.17580290672236315	-0.1379775498529313	0.10766960115994517	-202.5541856300845	-0.09083147337671951	3년	-0.1379775498529313	불리(<1)	3년	-8.574311564657378		판정불가	N	주당FCF<=0	제외	하드필터 미통과	11061429.0	주당FCF 음수; 1년 점수 과열 가능; 배당감안점수<1; fs=2025:CFS,2024:CFS,2022:CFS,2020:CFS
71	232140	와이씨	직접추가	메인	17950.0		239.0	98230426967.0	77544881215.0	55770820557.0	36000000000.0						판정불가	일반	일반	1462.6604387085922	1023.8787161612449	68.9846843568678	70.82059114576884	N	N	74.45255474452554	-9.552105918335052	-1.8208377671248166	157.40510948905109		4.858324465750367	37619.82116788321		1161.1395473143377	109.58117642274767		-93.53125600381983	3년					1.0792620918488465	-0.13846705261302086	-0.026394811893395903	299.2052095944499	1.666881390498328	3년	-0.13846705261302086	불리(<1)	3년	-9.552105918335052		판정불가	Y	통과	보류	배당감안점수 또는 린치PER배수 미산출	82045350.0	단기위험부채 존재; 1년 점수 과열 가능; 배당감안점수<1; fs=2025:CFS,2024:CFS,2022:CFS,2020:CFS
72	089030	테크윙	직접추가	메인	49400.0	130.0	263.0	42167522083.0	66570576964.0	254064566865.0	85500000000.0						판정불가	일반	일반	-3922.0559223795663	-6229.521220327987	202.7454597809109	211.51909209250186	Y	Y	-145.03424657534248	-33.29260076378455	-31.24719875603965										3년				0.2631578947368421	-0.71405341869084	-0.1629108878923341	-0.15282236600900717	-1267.0496624825978	-2.5648778592765136	3년	-0.1629108878923341	불리(<1)	3년	-33.29260076378455		판정불가	N	주당순현금<=0 / 주당FCF<=0	제외	하드필터 미통과	37053645.0	주당순현금 음수(린치식); 주당순현금 음수(보수형); 단기위험부채 존재; 주당FCF 음수; 배당감안점수<1; fs=2025:CFS,2024:CFS,2022:CFS,2020:CFS
73	098460	고영	직접추가	메인	36300.0	140.0	224.0	38350539836.0	108302448348.0	130000000.0							판정불가	일반	일반	2134.20014657397	2134.20014657397	152.52589220279478	152.52589220279478	N	N	-29.780564263322884	-27.342844665373022	-19.8684275951016										3년				0.3856749311294766	-0.19272065160655258	-0.17673831862200773	-0.12773406785300637	67.09347125337494	0.18483049932059212	3년	-0.17673831862200773	불리(<1)	3년	-27.342844665373022		판정불가	Y	통과	보류	배당감안점수 또는 린치PER배수 미산출	68654755.0	1년 점수 과열 가능; 배당감안점수<1; fs=2025:CFS,2024:CFS,2022:CFS,2020:CFS
74	064760	티씨케이	직접추가	메인	293000.0	1430.0	6138.0		241389914654.0	398463656.0							판정불가	일반	일반	21556.71199622592	21556.71199622592	44.223409580282514	44.223409580282514	N	N	-0.470244851629642	-8.665299530826331	3.4401484284882766	7.559510296740716		15.380296856976553	46400.27420139452		94404.26210812209	-84.16372894150358		-67.78011532146004	3년				0.48805460750853247	0.00040272236012374576	-0.18490760890955166	0.0888263268996844	4430.712212963539	1.5121884685882385	3년	-0.18490760890955166	불리(<1)	3년	-8.665299530826331		판정불가	Y	통과	보류	배당감안점수 또는 린치PER배수 미산출	11179416.0	1년 점수 과열 가능; 배당감안점수<1; fs=2025:OFS,2024:OFS,2022:OFS,2020:OFS
75	281740	레이크머티리얼즈	직접추가	메인	19000.0	30.0	117.0	20647038915.0	3286586226.0	90035420000.0	95092000000.0						판정불가	일반	일반	-1005.6480110130833	-2452.342172151067	170.98844453857336	183.35335189872708	Y	Y	-63.09148264984228	-34.216847834954876	30.426197716815206			69.35239543363042			8114.230265734759			-57.29352491718548	3년				0.15789473684210525	-0.3680575496363613	-0.19918862464667547	0.1788664288758872	27.58486840852141	0.14518351793958637	3년	-0.19918862464667547	불리(<1)	3년	-34.216847834954876		판정불가	N	주당순현금<=0	제외	하드필터 미통과	65730548.0	주당순현금 음수(린치식); 주당순현금 음수(보수형); 단기위험부채 존재; 1년 점수 과열 가능; 배당감안점수<1; fs=2025:CFS,2024:CFS,2022:CFS,2020:CFS
76	253590	네오셈	직접추가	메인	15180.0	100.0	126.0	20350778893.0	50006325842.0	135000000.0							판정불가	일반	일반	1600.7167297512212	1600.7167297512212	107.77208944641889	107.77208944641889	N	N	-72.18543046357617	-22.719611022557274	-10.629198197224387										3년				0.6587615283267457	-0.6636845337475838	-0.2046990979533577	-0.09251408894558594	-294.4086373061497	-1.9394508386439375	3년	-0.2046990979533577	불리(<1)	3년	-22.719611022557274		판정불가	N	주당FCF<=0	제외	하드필터 미통과	43869164.0	주당FCF 음수; 배당감안점수<1; fs=2025:CFS,2024:CFS,2022:CFS,2020:CFS
77	035760	CJ ENM	직접추가	메인	42500.0		1422.0	782050698548.0	81389268242.0	1910894083697.0	762511078000.0						판정불가	일반	일반	-47765.368281284354	-82536.93666919389	63.47775547207057	87.93033521040358	Y	Y	-105.85594860602068		-13.10324877931166										5년					-1.6676069879722826		-0.20642268589784854	9453.190478574777	22.2428011260583	5년	-0.20642268589784854	불리(<1)	5년	-13.10324877931166		판정불가	N	주당순현금<=0	제외	하드필터 미통과	21929154.0	주당순현금 음수(린치식); 주당순현금 음수(보수형); 단기위험부채 존재; 배당감안점수<1; fs=2025:CFS,2024:CFS,2022:CFS,2020:CFS
78	025320	시노펙스	직접추가	메인	4925.0		80.0	51153755987.0	873251756.0	4835094728.0	39766351933.0						판정불가	일반	일반	537.9004402147384	84.63764911542502	54.83874449731577	60.504529386057186	N	N	-75.0778816199377	-11.901595799169328											3년					-1.3690663837793111	-0.21702896206443756		35.1831998104807	0.7143796915833645	3년	-0.21702896206443756	불리(<1)	3년	-11.901595799169328		판정불가	Y	통과	보류	배당감안점수 또는 린치PER배수 미산출	87733546.0	단기위험부채 존재; 배당감안점수<1; fs=2025:CFS,2024:CFS,2022:CFS,2020:CFS
79	214370	케어젠	직접추가	메인	85700.0	437.0	411.0	8858967118.0	20193560836.0								판정불가	일반	일반	540.864338713581	540.864338713581	207.1998434581178	207.1998434581178	N	N	-37.537993920972646	-47.1104514333951	-33.636607256804616										3년				0.5099183197199533	-0.1787070635926293	-0.22490621776504727	-0.15987796315000935	254.4480822302895	0.29690558019870417	3년	-0.22490621776504727	불리(<1)	3년	-47.1104514333951		판정불가	Y	통과	보류	배당감안점수 또는 린치PER배수 미산출	53715000.0	1년 점수 과열 가능; 배당감안점수<1; fs=2025:CFS,2024:CFS,2022:CFS,2020:CFS
80	058970	엠로	직접추가	메인	23800.0		238.0	26061920308.0	852629378.0	1417484745.0							판정불가	일반	일반	2062.946441930111	2062.946441930111	91.33215780701634	91.33215780701634	N	N	-85.23573200992556	-25.6039793649093	-24.559666428577522										3년					-0.9332499533190439	-0.28033914866010473	-0.26890491824874846	264.6115030351458	1.1118130379627975	3년	-0.28033914866010473	불리(<1)	3년	-25.6039793649093		판정불가	Y	통과	보류	배당감안점수 또는 린치PER배수 미산출	12359538.0	배당감안점수<1; fs=2025:CFS,2024:CFS,2022:CFS,2020:CFS
81	352480	씨앤씨인터내셔널	직접추가	메인	22300.0	1000.0	1329.0	164641270468.0	25760036032.0	18966369281.0	11979980000.0						판정불가	일반	일반	12577.856377606851	11698.907953843538	7.315382710604325	7.9767434508325525	N	N	-59.04468412942989	-6.882412289189677											3년				4.484304932735426	-7.458308246485059	-0.32781707414678013		590.1386574267855	2.6463616924967956	3년	-0.32781707414678013	불리(<1)	3년	-6.882412289189677		판정불가	Y	통과	보류	배당감안점수 또는 린치PER배수 미산출	13629901.0	단기위험부채 존재; 배당감안점수<1; fs=2025:CFS,2024:CFS,2022:CFS,2020:NA
82	108490	로보티즈	직접추가	메인	306000.0		385.0	31037776879.0	141412477725.0	19661443.0							판정불가	일반	일반	11834.560859275523	11834.560859275523	764.0660756901934	764.0660756901934	N	N	-257.78688524590166												1년					-0.33738820953808024			318.09461082184265	0.1039524871966806	1년	-0.33738820953808024	불리(<1)	1년	-257.78688524590166		판정불가	Y	통과	보류	배당감안점수 또는 린치PER배수 미산출	14570088.0	배당감안점수<1; fs=2025:CFS,2024:CFS,2022:CFS,2020:CFS
83	074600	원익QnC	직접추가	메인	36150.0	130.0	856.0	60554080902.0		563442812278.0	193450864716.0						판정불가	일반	일반	-19129.973043822276	-26488.876905508216	64.57940776147463	73.1762580671825	Y	Y	-55.73940020682524	-25.232199628488928	-2.709047471928838			3.0819050561423236			2638.110728057829			-92.70232163746105	3년				0.359612724757953	-0.8575456078292584	-0.3851473366804228	-0.03638055579339734	-169.76250703743153	-0.4696058285959379	3년	-0.3851473366804228	불리(<1)	3년	-25.232199628488928		판정불가	N	주당순현금<=0 / 주당FCF<=0	제외	하드필터 미통과	26288000.0	주당순현금 음수(린치식); 주당순현금 음수(보수형); 단기위험부채 존재; 주당FCF 음수; 1년 점수 과열 가능; 배당감안점수<1; fs=2025:CFS,2024:CFS,2022:CFS,2020:CFS
84	036830	솔브레인홀딩스	직접추가	메인	55100.0	500.0	2086.0	217639195435.0		217106724708.0	12282000000.0						판정불가	일반	일반	25.399222698126735	-560.4606891433605	26.402013795446727	26.682867060950795	N	Y	-26.704146170063247	-12.436250420496087	-12.844437276389565										3년				0.9074410163339384	-0.9770733912039009	-0.43666401712699654	-0.45212446113160776	577.2028107060962	1.0475550103558915	3년	-0.43666401712699654	불리(<1)	3년	-12.436250420496087		판정불가	Y	통과	보류	배당감안점수 또는 린치PER배수 미산출	20964056.0	주당순현금 음수(보수형); 단기위험부채 존재; 1년 점수 과열 가능; 배당감안점수<1; fs=2025:CFS,2024:CFS,2022:CFS,2020:CFS
85	005290	동진쎄미켐	직접추가	메인	56100.0	650.0	1927.0	371911660277.0		312307904056.0	349218723122.0						판정불가	일반	일반	1159.2792534533162	-5632.944027437088	28.511012323065223	32.03577790733632	N	Y	-35.98006644518272	-14.674277627988008	3.052714908153198			14.605429816306396			28144.663256022424			-49.83125979318641	3년				1.1586452762923352	-1.2213323320238645	-0.47404954263099297	0.1477099492899651	2136.5332352390747	3.8084371394635914	3년	-0.47404954263099297	불리(<1)	3년	-14.674277627988008		판정불가	Y	통과	보류	배당감안점수 또는 린치PER배수 미산출	51414494.0	주당순현금 음수(보수형); 단기위험부채 존재; 1년 점수 과열 가능; 배당감안점수<1; fs=2025:CFS,2024:CFS,2022:CFS,2020:CFS
86	319660	피에스케이	직접추가	메인	106000.0	680.0	2712.0	119421667338.0	115144176211.0								판정불가	일반	일반	8097.771930533784	8097.771930533784	36.09964161853474	36.09964161853474	N	N		-19.083916873719463	11.552165792511992			31.604331585023985			85710.94725858505			-19.140615793787696	3년				0.6415094339622641		-0.5108750838758539	0.33777829030340356	1491.2849040799035	1.406872551018777	3년	-0.5108750838758539	불리(<1)	3년	-19.083916873719463		판정불가	Y	통과	보류	배당감안점수 또는 린치PER배수 미산출	28966714.0	배당감안점수<1; fs=2025:CFS,2024:CFS,2022:CFS,2020:CFS
87	253450	스튜디오드래곤	직접추가	메인	29500.0		343.0	62972674448.0	6628164657.0	6213298151.0	22800000000.0						판정불가	일반	일반	2108.8060006857295	1350.2850659404205	79.85770845281128	82.06913974944483	N	N	-69.21005385996409	-41.162978736310784	-19.957853937370917										3년					-0.8666671658987185	-0.5154540436210288	-0.24991768889992896	-360.95876723447725	-1.2235890414728043	3년	-0.5154540436210288	불리(<1)	3년	-41.162978736310784		판정불가	N	주당FCF<=0	제외	하드필터 미통과	30058498.0	단기위험부채 존재; 주당FCF 음수; 1년 점수 과열 가능; 배당감안점수<1; fs=2025:CFS,2024:CFS,2022:CFS,2020:CFS
88	357780	솔브레인	반도체소부장	메인	401000.0	2350.0	10285.0	247656558659.0		99650539681.0	1560306430.0						판정불가	일반	일반	19027.41700436816	18826.826506068086	37.13880243029965	37.15830563869051	N	N	-32.76019874476987	-21.134087314054618	4.778772474637316			18.057544949274632			185721.8498032896			-53.685324238581146	3년				0.5860349127182045	-0.8663220601265919	-0.5532771941125465	0.14445289121597116	3455.404304083812	0.8616968339361127	3년	-0.5532771941125465	불리(<1)	3년	-21.134087314054618		판정불가	Y	통과	보류	배당감안점수 또는 린치PER배수 미산출	7778566.0	단기위험부채 존재; 1년 점수 과열 가능; 배당감안점수<1; fs=2025:CFS,2024:CFS,2022:CFS,2020:CFS
89	166090	하나머티리얼즈	직접추가	메인	73500.0	300.0	1984.0	39497059469.0	55344267.0	56151879176.0	134988900000.0						판정불가	일반	일반	-839.3037239869562	-7664.6209984045645	37.46940711894504	40.9095871967765	Y	Y	21.94222495390288	-21.522919973241073	0.24370719678912245	52.38444990780576		8.987414393578245	103930.74861708663		17831.030156859237	41.40237907086617		-75.74009502468131	3년				0.40816326530612246	0.5964969808104688	-0.5635199041422527	0.017397405302568836	2438.2221598454903	3.317309061014272	3년	-0.5635199041422527	불리(<1)	3년	-21.522919973241073		판정불가	N	주당순현금<=0	제외	하드필터 미통과	19777674.0	주당순현금 음수(린치식); 주당순현금 음수(보수형); 단기위험부채 존재; 1년 점수 과열 가능; 배당감안점수<1; fs=2025:CFS,2024:CFS,2022:OFS,2020:OFS
90	086900	메디톡스	직접추가	메인	100600.0	1200.0	2371.0	48894962765.0	50000000.0	21494864245.0	56620000000.0						판정불가	일반	일반	3546.9221251168738	-3769.143810959679	40.93339429560655	44.01903998775187	N	Y	-0.25241901556584123	-25.637787081100825		7.9951619688683175			18956.529028186782			-81.15653178112646			3년				1.1928429423459244	0.02297449168247991	-0.597188299661204		3512.714172726347	3.4917635911792715	3년	-0.597188299661204	불리(<1)	3년	-25.637787081100825		판정불가	Y	통과	보류	배당감안점수 또는 린치PER배수 미산출	7739132.0	주당순현금 음수(보수형); 단기위험부채 존재; 1년 점수 과열 가능; 배당감안점수<1; fs=2025:CFS,2024:CFS,2022:CFS,2020:CFS
91	403870	HPSP	직접추가	메인	52200.0	500.0	901.0	93941091316.0	147470398393.0								판정불가	일반	일반	2887.332253370172	2887.332253370172	54.73104078427284	54.73104078427284	N	N	-14.678030303030297	-37.06790883569025											3년				0.9578544061302682	-0.25068362852771786	-0.6597728439313059		1169.4210399934132	2.240270191558263	3년	-0.6597728439313059	불리(<1)	3년	-37.06790883569025		판정불가	Y	통과	보류	배당감안점수 또는 린치PER배수 미산출	83610568.0	1년 점수 과열 가능; 배당감안점수<1; fs=2025:OFS,2024:OFS,2022:OFS,2020:NA
92	078340	컴투스	직접추가	메인	28100.0	1300.0	3192.0	108935942067.0	773963846697.0	700607322.0	202088628300.0						판정불가	일반	일반	69258.60808611878	53393.2826578938	-12.894300778859266	-7.923960732422868	N	N	-133.82072472981562	4.377483829565754	-13.665781011212907		17.25496765913151			55077.85676794778			96.00660771511664		3년	17.25496765913151	55077.85676794778	96.00660771511664	4.6263345195729535	10.01949562259802	-0.6982789143480224	0.7010420065941455	-4371.490479523275	-15.55690562107927	3년	-0.6982789143480224	불리(<1)	3년	4.377483829565754		판정불가	N	주당FCF<=0 / 순현금차감PER<=0	제외	하드필터 미통과	12737755.0	단기위험부채 존재; 주당FCF 음수; 1년 점수 과열 가능; 배당감안점수<1; fs=2025:CFS,2024:CFS,2022:CFS,2020:CFS
93	058470	리노공업	반도체소부장	메인	96100.0	800.0	2002.0	85202812409.0									판정불가	일반	일반	1117.9732864246178	1117.9732864246178	47.44356978700069	47.44356978700069	N	N	-73.17432667827951	-35.70959636196842	-11.30853089688001										3년				0.8324661810613945	-1.524798003649368	-0.7351287084316998	-0.22081105538329468	1564.4878741822959	1.627979057421744	3년	-0.7351287084316998	불리(<1)	3년	-35.70959636196842		판정불가	Y	통과	보류	배당감안점수 또는 린치PER배수 미산출	76211850.0	1년 점수 과열 가능; 배당감안점수<1; fs=2025:OFS,2024:OFS,2022:OFS,2020:OFS
94	030520	한글과컴퓨터	직접추가	메인	19520.0	400.0	1427.0	132320127435.0	31305706152.0	47868725738.0	2260000000.0						판정불가	일반	일반	4787.35870193663	4693.892038269719	10.324205534732565	10.38970424788387	N	N	147.31369150779895	-10.175925258509299	-2.2136541917331276	303.1273830155979		4.072691616533745	432562.7755632582		5811.730936793654	2115.9978256314457		-70.22678823363906	3년				2.0491803278688523	14.467250902084723	-0.7871545082379997	-0.015930897860465327	2217.696290291576	11.361149028133074	3년	-0.7871545082379997	불리(<1)	3년	-10.175925258509299		판정불가	Y	통과	보류	배당감안점수 또는 린치PER배수 미산출	24179744.0	단기위험부채 존재; 1년 점수 과열 가능; 배당감안점수<1; fs=2025:CFS,2024:CFS,2022:CFS,2020:CFS
95	272290	이녹스첨단소재	직접추가	메인	31950.0	350.0	3080.0	209218704252.0	106950000.0	281909031752.0	277877019555.0						판정불가	일반	일반	-3642.343596021168	-17586.632461024772	11.555955712993885	16.083322227605443	Y	Y	-15.19823788546255	-10.637270210739235	2.0780661777052734			12.656132355410547			38980.88765466448			22.00590815231449	3년				1.0954616588419406	-1.220390297166248	-0.8257048390353539	0.2746227067120721	-8357.984391793556	-26.15957556116919	3년	-0.8257048390353539	불리(<1)	3년	-10.637270210739235		판정불가	N	주당순현금<=0 / 주당FCF<=0	제외	하드필터 미통과	19927658.0	주당순현금 음수(린치식); 주당순현금 음수(보수형); 단기위험부채 존재; 주당FCF 음수; 1년 점수 과열 가능; 배당감안점수<1; fs=2025:CFS,2024:CFS,2022:CFS,2020:CFS
96	383310	에코프로에이치엔	직접추가	메인	26950.0	200.0	631.0	153375117206.0	9492190090.0	49142967004.0	61000000000.0						판정불가	일반	일반	5421.9169955831085	2513.683490940519	34.11740571222962	38.72633361182168	N	N	-54.506128334534964	-33.190549672222645											3년				0.7421150278293136	-1.5758529168421962	-0.9510815364475959		-1922.0391766705131	-7.131870785419343	3년	-0.9510815364475959	불리(<1)	3년	-33.190549672222645		판정불가	N	주당FCF<=0	제외	하드필터 미통과	20974932.0	단기위험부채 존재; 주당FCF 음수; 1년 점수 과열 가능; 배당감안점수<1; fs=2025:CFS,2024:CFS,2022:CFS,2020:NA
97	211050	인카금융서비스	직접추가	메인	10020.0	370.0	1480.0	42636817000.0	61085764000.0	7387057000.0	31528770000.0						판정불가	일반	일반	1955.508987081491	1315.5083878567928	5.448980414134128	5.881413251448113	N	N	17.460317460317466	-10.320167936402525		43.42063492063493			64262.5396825397			541.3427114025918			3년				3.6926147704590817	3.88199821307999	-1.216292345032515		1093.8184714951226	10.916352010929367	3년	-1.216292345032515	불리(<1)	3년	-10.320167936402525		판정불가	Y	통과	보류	배당감안점수 또는 린치PER배수 미산출	49263657.0	단기위험부채 존재; 1년 점수 과열 가능; 배당감안점수<1; fs=2025:CFS,2024:CFS,2022:CFS,2020:NA
98	096530	씨젠	직접추가	메인	29950.0	1000.0	1047.0	225571649515.0	360333985428.0	622000000.0	35000000000.0						판정불가	일반	일반	11206.749553546075	10536.585190566215	17.901862890595915	18.541943466507917	N	N	-337.4149659863946	-33.6594910792955	-44.18255789740394										3년				3.33889816360601	-18.661525331996767	-1.6937116042608782	-2.2815312564623453	2084.5609410899865	6.960136698130172	3년	-1.6937116042608782	불리(<1)	3년	-33.6594910792955		판정불가	Y	통과	보류	배당감안점수 또는 린치PER배수 미산출	52225994.0	단기위험부채 존재; 배당감안점수<1; fs=2025:CFS,2024:CFS,2022:CFS,2020:CFS
99	215000	골프존	직접추가	메인	46750.0	4000.0	4269.0	90091026465.0	73299594130.0	56440641971.0	1554856235.0						판정불가	일반	일반	17042.69416827413	16794.92470043814	6.958844186396315	7.016883415217114	N	N	-47.87545787545787	-38.43313022210878	-6.892422764340401										3년				8.55614973262032	-5.6502641946922685	-4.293382591881319	0.2390809340913683	10188.638934795548	21.79388007442898	3년	-4.293382591881319	불리(<1)	3년	-38.43313022210878		판정불가	Y	통과	보류	배당감안점수 또는 린치PER배수 미산출	6275415.0	단기위험부채 존재; 1년 점수 과열 가능; 배당감안점수<1; fs=2025:CFS,2024:CFS,2022:CFS,2020:CFS
100	194480	데브시스터즈	직접추가	메인	17700.0		953.0	12035223609.0	112681173019.0	79632914264.0							판정불가	일반	일반	3716.953155332402	3716.953155332402	14.67266195662917	14.67266195662917	N	N	-63.275529865125236												1년					-4.312477862037643			367.56073533594684	2.0766143239319033	1년	-4.312477862037643	불리(<1)	1년	-63.275529865125236		판정불가	Y	통과	보류	배당감안점수 또는 린치PER배수 미산출	12129150.0	배당감안점수<1; fs=2025:CFS,2024:CFS,2022:CFS,2020:CFS
101	069080	웹젠	직접추가	메인	10860.0	700.0	824.0	76341719302.0	213754694539.0	2319695757.0							판정불가	일반	일반	8317.033694399253	8317.033694399253	3.0861241572824594	3.0861241572824594	N	N	-57.34989648033127	-30.371590084613665	-21.712609701138675										3년				6.445672191528545	-16.494548402623998	-7.752739900831957	-4.946961538661393	252.97191620884598	2.3293914936357827	3년	-7.752739900831957	불리(<1)	3년	-30.371590084613665		판정불가	Y	통과	보류	배당감안점수 또는 린치PER배수 미산출	34600884.0	1년 점수 과열 가능; 배당감안점수<1; fs=2025:CFS,2024:CFS,2022:CFS,2020:CFS
102	007390	네이처셀	직접추가	메인	17500.0		-44.07	16767416009.0	706238683.0	1987274527.0	5000000000.0						판정불가	일반	일반	240.34091263923168	162.74340112314016			N	N	-331.94736842105266												1년								-255.0436391643704	-1.4573922237964023	판정불가		판정불가	1년	-331.94736842105266		판정불가	N	주당FCF<=0 / 순현금차감PER<=0	제외	하드필터 미통과	64435056.0	단기위험부채 존재; 주당FCF 음수; fs=2025:CFS,2024:CFS,2022:CFS,2020:OFS
103	025900	동화기업	직접추가	메인	9420.0		-1001.0	47003095054.0	8175540000.0	332495112984.0	672096955800.0						판정불가	일반	일반	-5485.193240301571	-18778.96397581476			Y	Y	273.5074626865672			555.5149253731344									1년	555.5149253731344							-787.0734383185331	-8.35534435582307	판정불가		판정불가	1년	273.5074626865672		판정불가	N	주당순현금<=0 / 주당FCF<=0 / 순현금차감PER<=0	제외	하드필터 미통과	50557285.0	주당순현금 음수(린치식); 주당순현금 음수(보수형); 단기위험부채 존재; 주당FCF 음수; fs=2025:CFS,2024:CFS,2022:CFS,2020:CFS
104	025980	아난티	직접추가	메인	5550.0		-444.0	100300596867.0	16021422775.0	495891642685.0	115500000000.0						판정불가	일반	일반	-4008.146597919973	-5227.793545292556			Y	Y	29.824561403508774			68.14912280701755									1년	68.14912280701755							167.32741575418066	3.0149083919672193	판정불가		판정불가	1년	29.824561403508774		판정불가	N	주당순현금<=0 / 순현금차감PER<=0	제외	하드필터 미통과	94699536.0	주당순현금 음수(린치식); 주당순현금 음수(보수형); 단기위험부채 존재; fs=2025:CFS,2024:CFS,2022:CFS,2020:CFS
105	028300	HLB	직접추가	메인	50300.0		-1680.0	40983350542.0	17820367452.0	17093527411.0							판정불가	일반	일반	314.23834862301965	314.23834862301965			N	N	138.63636363636363			285.77272727272725									1년	285.77272727272725							-829.6365716076274	-1.6493768819237125	판정불가		판정불가	1년	138.63636363636363		판정불가	N	주당FCF<=0 / 순현금차감PER<=0	제외	하드필터 미통과	132734247.0	주당FCF 음수; fs=2025:CFS,2024:CFS,2022:CFS,2020:CFS
106	032500	케이엠더블유	직접추가	메인	28900.0		-673.0	41508194512.0	3635876634.0	15614128878.0	55329519995.0						판정불가	일반	일반	721.4723583560454	-630.3324950099693			N	Y	-30.54695562435501												1년								-606.4922358257096	-2.098589051300033	판정불가		판정불가	1년	-30.54695562435501		판정불가	N	주당FCF<=0 / 순현금차감PER<=0	제외	하드필터 미통과	40930109.0	주당순현금 음수(보수형); 단기위험부채 존재; 주당FCF 음수; fs=2025:CFS,2024:CFS,2022:CFS,2020:CFS
107	036540	SFA반도체	직접추가	메인	8500.0		-116.0	22630474416.0	25249450000.0	32013660425.0							판정불가	일반	일반	96.47473403353756	96.47473403353756			N	N	-307.14285714285717												1년								-100.9581064191521	-1.187742428460613	판정불가		판정불가	1년	-307.14285714285717		판정불가	N	주당FCF<=0 / 순현금차감PER<=0	제외	하드필터 미통과	164460303.0	주당FCF 음수; fs=2025:CFS,2024:CFS,2022:CFS,2020:CFS
108	036810	에프에스티	직접추가	메인	34700.0	0.0	-613.0	31608229451.0	946624388.0	4071855583.0	117835000000.0						판정불가	일반	일반	1297.2557301423715	-4069.529310794309			N	Y	-939.7260273972602												1년				0.0				-1576.739070768964	-4.543916630458109	판정불가		판정불가	1년	-939.7260273972602		판정불가	N	주당FCF<=0 / 순현금차감PER<=0	제외	하드필터 미통과	21956348.0	주당순현금 음수(보수형); 단기위험부채 존재; 주당FCF 음수; fs=2025:CFS,2024:CFS,2022:CFS,2020:CFS
109	046890	서울반도체	직접추가	메인	15400.0	136.0	-912.0	58026419941.0	3744425572.0	52972809407.0	85690044564.0						판정불가	일반	일반	150.89573360271947	-1318.78022375286			N	Y	924.7191011235955			1857.938202247191									1년	1857.938202247191			0.8831168831168832				1489.4162315840385	9.671533971324926	판정불가		판정불가	1년	924.7191011235955		판정불가	N	순현금차감PER<=0	제외	하드필터 미통과	58305400.0	주당순현금 음수(보수형); 단기위험부채 존재; fs=2025:CFS,2024:CFS,2022:CFS,2020:CFS
110	048410	현대바이오	직접추가	메인	10980.0		-235.36	22337858879.0	19621590869.0		0.0						판정불가	일반	일반	436.89119463195703	436.89119463195703			N	N	35.26436781609197			79.02873563218394									1년	79.02873563218394							-379.6927400975584	-3.458039527300168	판정불가		판정불가	1년	35.26436781609197		판정불가	N	주당FCF<=0 / 순현금차감PER<=0	제외	하드필터 미통과	96040960.0	주당FCF 음수; fs=2025:CFS,2024:CFS,2022:CFS,2020:CFS
111	053030	바이넥스	직접추가	메인	9470.0		-101.0	18364018872.0	1250000000.0								판정불가	일반	일반	600.107271197926	600.107271197926			N	N	-91.03019538188278												1년										판정불가		판정불가	1년	-91.03019538188278		판정불가	N	주당FCF<=0 / 순현금차감PER<=0	제외	하드필터 미통과	32684188.0	fs=2025:CFS,2024:CFS,2022:CFS,2020:CFS
112	056080	유진로봇	직접추가	메인	25650.0		-186.0	5279987409.0	8000000000.0	4928887046.0	4187000000.0						판정불가	일반	일반	222.6238676736008	111.00670425413077			N	N	118.82352941176472			246.14705882352945									1년	246.14705882352945							-147.16306462503138	-0.5737351447369645	판정불가		판정불가	1년	118.82352941176472		판정불가	N	주당FCF<=0 / 순현금차감PER<=0	제외	하드필터 미통과	37512152.0	단기위험부채 존재; 주당FCF 음수; fs=2025:OFS,2024:OFS,2022:CFS,2020:CFS
113	079370	제우스	직접추가	메인	13650.0	50.0	-192.0	51037898024.0	65791769419.0	8302109795.0	32588150000.0						판정불가	일반	일반	3498.9712943776944	2448.316475841144			N	N	-114.13843888070691												1년				0.3663003663003663				480.0699799690428	3.5169961902493974	판정불가		판정불가	1년	-114.13843888070691		판정불가	N	순현금차감PER<=0	제외	하드필터 미통과	31016990.0	단기위험부채 존재; fs=2025:CFS,2024:CFS,2022:CFS,2020:CFS
114	082270	젬백스	직접추가	메인	18310.0		-275.0	17577870390.0	7201968045.0	70254205068.0	28370000000.0						판정불가	일반	일반	-1065.4627968128407	-1730.170890265316			Y	Y	-87.51135331516802												1년								-23.58019853099277	-0.12878317056795616	판정불가		판정불가	1년	-87.51135331516802		판정불가	N	주당순현금<=0 / 주당FCF<=0 / 순현금차감PER<=0	제외	하드필터 미통과	42680389.0	주당순현금 음수(린치식); 주당순현금 음수(보수형); 단기위험부채 존재; 주당FCF 음수; fs=2025:CFS,2024:CFS,2022:CFS,2020:CFS
115	085660	차바이오텍	직접추가	메인	14310.0		-1637.0	237558379314.0	99903314337.0	180527446040.0	452876679529.0						판정불가	일반	일반	1978.9350269900492	-3731.823062272725			N	Y	1036.8055555555554			2082.111111111111									1년	2082.111111111111							-2832.0564640718517	-19.790750971850816	판정불가		판정불가	1년	1036.8055555555554		판정불가	N	주당FCF<=0 / 순현금차감PER<=0	제외	하드필터 미통과	79302375.0	주당순현금 음수(보수형); 단기위험부채 존재; 주당FCF 음수; fs=2025:CFS,2024:CFS,2022:CFS,2020:CFS
116	086520	에코프로	직접추가	메인	126800.0	150.0		1186767418765.0	423610001201.0	485092134487.0							판정불가	일반	일반	8287.79773843495	8287.79773843495			N	N													판정불가				0.11829652996845426				-3483.5949425198028	-2.74731462343833	판정불가		판정불가	판정불가			판정불가	N	주당FCF<=0 / 순현금차감PER<=0	제외	하드필터 미통과	135776152.0	주당FCF 음수; EPS 미추출; fs=2025:CFS,2024:CFS,2022:CFS,2020:CFS
117	087010	펩트론	직접추가	메인	239000.0		-595.0	4377757821.0	133067915184.0	20034400151.0	3490000000.0						판정불가	일반	일반	5035.360915970296	4885.686960739536			N	N	-43.92082940622055												1년								-1011.3816438403163	-0.4231722359164503	판정불가		판정불가	1년	-43.92082940622055		판정불가	N	주당FCF<=0 / 순현금차감PER<=0	제외	하드필터 미통과	23317350.0	단기위험부채 존재; 주당FCF 음수; fs=2025:OFS,2024:OFS,2022:OFS,2020:OFS
118	101730	위메이드맥스	직접추가	메인	4450.0		-428.0	87314200557.0	1089498400.0	47187676.0							판정불가	일반	일반	1054.3323000604057	1054.3323000604057			N	N	57.933579335793354			124.36715867158671									1년	124.36715867158671							-361.51561182219035	-8.123946333082928	판정불가		판정불가	1년	57.933579335793354		판정불가	N	주당FCF<=0 / 순현금차감PER<=0	제외	하드필터 미통과	83803286.0	주당FCF 음수; fs=2025:CFS,2024:CFS,2022:CFS,2020:CFS
119	108860	셀바스AI	직접추가	메인	11080.0		-223.0	44225022689.0	3028278620.0	1233866983.0	11020289931.0						판정불가	일반	일반	1709.8195574254898	1300.3684738019506			N	N	3.240740740740744			14.981481481481488									1년	14.981481481481488							268.77394321114895	2.4257576102089256	판정불가		판정불가	1년	3.240740740740744		판정불가	N	순현금차감PER<=0	제외	하드필터 미통과	26914790.0	단기위험부채 존재; fs=2025:CFS,2024:CFS,2022:CFS,2020:CFS
120	112040	위메이드	직접추가	메인	20200.0	295.0		296472812229.0	313121139570.0	4174361195.0							판정불가	일반	일반	17833.479940885725	17833.479940885725			N	N													판정불가				1.4603960396039606				1630.3323190317517	8.070952074414613	판정불가		판정불가	판정불가			판정불가	N	순현금차감PER<=0	제외	하드필터 미통과	33948483.0	EPS 미추출; fs=2025:CFS,2024:CFS,2022:CFS,2020:CFS
121	141080	리가켐바이오	직접추가	메인	162000.0		-2042.0	98649999024.0	4839923273.0	59784887707.0	0.0						판정불가	일반	일반	1193.789431553459	1193.789431553459			N	N	-999.5594713656387												1년								-3566.5843945499764	-2.2015953052777633	판정불가		판정불가	1년	-999.5594713656387		판정불가	N	주당FCF<=0 / 순현금차감PER<=0	제외	하드필터 미통과	36610338.0	주당FCF 음수; fs=2025:CFS,2024:CFS,2022:CFS,2020:OFS
122	200130	콜마비앤에이치	직접추가	메인	11510.0	75.0	-800.0	83107448913.0	1401160966.0	97587149400.0	86424320000.0						판정불가	일반	일반	-444.6130010860239	-3382.6609551652905			Y	Y	-228.8244766505636												1년				0.6516072980017376				529.9576345959509	4.604323497792797	판정불가		판정불가	1년	-228.8244766505636		판정불가	N	주당순현금<=0 / 순현금차감PER<=0	제외	하드필터 미통과	29415558.0	주당순현금 음수(린치식); 주당순현금 음수(보수형); 단기위험부채 존재; fs=2025:CFS,2024:CFS,2022:CFS,2020:CFS
123	222800	심텍	직접추가	메인	100400.0	100.0		53984334079.0		139875618759.0	442095713229.0						판정불가	일반	일반	-2300.112025482793	-14139.144008773126			Y	Y													판정불가				0.099601593625498				-6828.888249112573	-6.801681523020492	판정불가		판정불가	판정불가			판정불가	N	주당순현금<=0 / 주당FCF<=0 / 순현금차감PER<=0	제외	하드필터 미통과	37342218.0	주당순현금 음수(린치식); 주당순현금 음수(보수형); 단기위험부채 존재; 주당FCF 음수; EPS 미추출; fs=2025:CFS,2024:CFS,2022:CFS,2020:CFS
124	225570	넥슨게임즈	직접추가	메인	11220.0		-974.0	56164399094.0	121000000000.0								판정불가	일반	일반	2690.0080630518833	2690.0080630518833			N	N	-297.9674796747967												1년								-712.3309354451447	-6.348760565464747	판정불가		판정불가	1년	-297.9674796747967		판정불가	N	주당FCF<=0 / 순현금차감PER<=0	제외	하드필터 미통과	65860174.0	주당FCF 음수; fs=2025:CFS,2024:CFS,2022:CFS,2020:OFS
125	240810	원익IPS	반도체소부장	메인	113000.0	200.0		107273747142.0	111279303585.0	3970410406.0							판정불가	일반	일반	4371.751958366145	4371.751958366145			N	N													판정불가				0.17699115044247787				2538.585459599065	2.2465358049549247	판정불가		판정불가	판정불가			판정불가	N	순현금차감PER<=0	제외	하드필터 미통과	49083901.0	EPS 미추출; fs=2025:CFS,2024:CFS,2022:CFS,2020:CFS
126	178320	서진시스템	직접추가	메인	72800.0		-1801.0	32068809373.0									판정불가	일반	일반	573.9561011445203	573.9561011445203			N	N	-206.19103773584902												1년										판정불가		판정불가	1년	-206.19103773584902		판정불가	N	주당FCF<=0 / 순현금차감PER<=0	제외	하드필터 미통과	55873279.0	fs=2025:CFS,2024:CFS,2022:CFS,2020:CFS
127	101360	에코앤드림	직접추가	메인	15050.0		-490.0	13450789287.0	11500000000.0	143311084220.0	85000000000.0						판정불가	일반	일반	-6654.6461432216165	-11433.655206134403			Y	Y	-155.36723163841808												1년								-4143.34335060486	-27.530520602025643	판정불가		판정불가	1년	-155.36723163841808		판정불가	N	주당순현금<=0 / 주당FCF<=0 / 순현금차감PER<=0	제외	하드필터 미통과	17786114.0	주당순현금 음수(린치식); 주당순현금 음수(보수형); 단기위험부채 존재; 주당FCF 음수; fs=2025:CFS,2024:CFS,2022:CFS,2020:OFS
128	161580	필옵틱스	직접추가	메인	49900.0	2502.0	-736.0	113873986608.0	3435227770.0	20183174677.0	69000000000.0						판정불가	일반	일반	4150.198252410283	1201.826422385372			N	N	-178.1316348195329												1년				5.014028056112224				-202.71466379566468	-0.4062418112137568	판정불가		판정불가	1년	-178.1316348195329		판정불가	N	주당FCF<=0 / 순현금차감PER<=0	제외	하드필터 미통과	23402747.0	단기위험부채 존재; 주당FCF 음수; fs=2025:CFS,2024:CFS,2022:CFS,2020:CFS
129	003380	하림지주	직접추가	메인	12300.0	120.0	2360.0	1459340000000.0	470089000000.0	220013000000.0							판정불가	일반	일반	15261.876901695854	15261.876901695854	-1.255032585464345	-1.255032585464345	N	N													판정불가				0.975609756097561				6075.150460529119	49.39146715877333	판정불가		판정불가	판정불가			판정불가	N	순현금차감PER<=0	제외	하드필터 미통과	112005621.0	fs=2025:CFS,2024:CFS,2022:CFS,2020:CFS
130	263750	펄어비스	직접추가	메인	45800.0		-137.0	133874628885.0	233908957944.0	13323877549.0							판정불가	일반	일반	5517.066823164758	5517.066823164758			N	N	-113.95112016293278												1년								302.9620397443619	0.661489169747515	판정불가		판정불가	1년	-113.95112016293278		판정불가	N	순현금차감PER<=0	제외	하드필터 미통과	64247855.0	fs=2025:CFS,2024:CFS,2022:CFS,2020:CFS
131	226950	올릭스	직접추가	메인	148300.0		-800.0	6358594526.0	126605341764.0	18752923680.0	644000000.0						판정불가	일반	일반	5656.843707811481	5624.94654426675			N	N	-66.85998342999171												1년								-792.9445396488925	-0.5346895075177968	판정불가		판정불가	1년	-66.85998342999171		판정불가	N	주당FCF<=0 / 순현금차감PER<=0	제외	하드필터 미통과	20189883.0	단기위험부채 존재; 주당FCF 음수; fs=2025:CFS,2024:CFS,2022:CFS,2020:CFS
132	278280	천보	직접추가	메인	50600.0		-5752.0	15491196283.0		35247636.0							판정불가	일반	일반	1322.0990451018959	1322.0990451018959			N	N	108.48133381660023			225.46266763320045									1년	225.46266763320045							-1160.9677872439943	-2.294402741588921	판정불가		판정불가	1년	108.48133381660023		판정불가	N	주당FCF<=0 / 순현금차감PER<=0	제외	하드필터 미통과	11690462.0	주당FCF 음수; fs=2025:CFS,2024:CFS,2022:CFS,2020:CFS
133	290650	엘앤씨바이오	직접추가	메인	60300.0	50.0		30887981159.0	8735922384.0	4020104109.0	18500000000.0						판정불가	일반	일반	1446.200754056343	694.7440450711548			N	N													판정불가				0.08291873963515754				-181.60032637592738	-0.30116140360850313	판정불가		판정불가	판정불가			판정불가	N	주당FCF<=0 / 순현금차감PER<=0	제외	하드필터 미통과	24618850.0	단기위험부채 존재; 주당FCF 음수; EPS 미추출; fs=2025:CFS,2024:CFS,2022:CFS,2020:CFS
134	298380	에이비엘바이오	직접추가	메인	112200.0			111981944913.0	2960414950.0								판정불가	일반	일반	2085.11593322215	2085.11593322215			N	N													판정불가								-760.1785326175441	-0.6775209738124278	판정불가		판정불가	판정불가			판정불가	N	주당FCF<=0 / 순현금차감PER<=0	제외	하드필터 미통과	55125165.0	주당FCF 음수; EPS 미추출; fs=2025:CFS,2024:CFS,2022:CFS,2020:OFS
135	323280	태성	직접추가	메인	65300.0		-85.0	49118598846.0	536777902.0	58264134.0							판정불가	일반	일반	1626.0959201304363	1626.0959201304363			N	N	-136.48068669527896												1년								-1634.008834673793	-2.5023106197148435	판정불가		판정불가	1년	-136.48068669527896		판정불가	N	주당FCF<=0 / 순현금차감PER<=0	제외	하드필터 미통과	30500730.0	주당FCF 음수; fs=2025:CFS,2024:CFS,2022:CFS,2020:NA
136	204270	제이앤티씨	직접추가	메인	21050.0		-1604.0	36367710528.0	0.0	10064372195.0	84614800000.0						판정불가	일반	일반	454.69379141358735	-1008.0035945464829			N	Y	174.18803418803418			356.87606837606836									1년	356.87606837606836							-648.8926231336886	-3.0826252880460268	판정불가		판정불가	1년	174.18803418803418		판정불가	N	주당FCF<=0 / 순현금차감PER<=0	제외	하드필터 미통과	57848466.0	주당순현금 음수(보수형); 단기위험부채 존재; 주당FCF 음수; fs=2025:CFS,2024:CFS,2022:CFS,2020:CFS
137	304100	솔트룩스	직접추가	메인	18730.0		-885.0	31694366404.0	6755700000.0	4483957880.0	1640000000.0						판정불가	일반	일반	2697.038239998793	2566.8160006606395			N	N	125.19083969465647			258.8816793893129									1년	258.8816793893129							-422.7671696235982	-2.257165881599563	판정불가		판정불가	1년	125.19083969465647		판정불가	N	주당FCF<=0 / 순현금차감PER<=0	제외	하드필터 미통과	12593855.0	단기위험부채 존재; 주당FCF 음수; fs=2025:CFS,2024:CFS,2022:CFS,2020:CFS
138	293490	카카오게임즈	직접추가	메인	10600.0			492159413083.0	415963677118.0	716847138862.0	305479052047.0						판정불가	일반	일반	2130.3322411771132	-1271.9348448015992			N	Y													판정불가								-617.2075731171997	-5.822712953935846	판정불가		판정불가	판정불가			판정불가	N	주당FCF<=0 / 순현금차감PER<=0	제외	하드필터 미통과	89786911.0	주당순현금 음수(보수형); 단기위험부채 존재; 주당FCF 음수; EPS 미추출; fs=2025:CFS,2024:CFS,2022:CFS,2020:CFS
139	348210	넥스틴	직접추가	메인	62000.0	510.0	-240.0	14641052596.0	5227616000.0	22007025911.0	30419684926.0						판정불가	일반	일반	-204.1000567433155	-3107.571509319696			Y	Y	-106.4034151547492												1년				0.8225806451612904						판정불가		판정불가	1년	-106.4034151547492		판정불가	N	주당순현금<=0 / 주당FCF<=0 / 순현금차감PER<=0	제외	하드필터 미통과	10477005.0	주당순현금 음수(린치식); 주당순현금 음수(보수형); 단기위험부채 존재; fs=2025:CFS,2024:CFS,2022:CFS,2020:CFS
140	348370	엔켐	직접추가	메인	36250.0		-3154.0	12134632154.0	0.0	32868533981.0	162465223096.0						판정불가	일반	일반	-948.9140857979099	-8384.34712365177			Y	Y	-88.85748604536141												1년								-895.310607494617	-2.4698223655023916	판정불가		판정불가	1년	-88.85748604536141		판정불가	N	주당순현금<=0 / 주당FCF<=0 / 순현금차감PER<=0	제외	하드필터 미통과	21850136.0	주당순현금 음수(린치식); 주당순현금 음수(보수형); 단기위험부채 존재; 주당FCF 음수; fs=2025:CFS,2024:CFS,2022:CFS,2020:NA
141	388720	유일로보틱스	직접추가	메인	100500.0		-2138.0	2811865063.0	12337000000.0	593697673.0	0.0						판정불가	일반	일반	1244.3722737724308	1244.3722737724308			N	N	142.95454545454547			294.40909090909093									1년	294.40909090909093							-1673.8565548938834	-1.6655289103421727	판정불가		판정불가	1년	142.95454545454547		판정불가	N	주당FCF<=0 / 순현금차감PER<=0	제외	하드필터 미통과	11696795.0	주당FCF 음수; fs=2025:OFS,2024:OFS,2022:CFS,2020:NA
142	399720	가온칩스	직접추가	메인	59300.0		-1239.0	52725781806.0	5180811694.0	26099135222.0							판정불가	일반	일반	2741.9229888228183	2741.9229888228183			N	N	-289.1603053435114												1년								-791.2634315826496	-1.3343396822641644	판정불가		판정불가	1년	-289.1603053435114		판정불가	N	주당FCF<=0 / 순현금차감PER<=0	제외	하드필터 미통과	11600420.0	주당FCF 음수; fs=2025:CFS,2024:CFS,2022:CFS,2020:NA
143	310210	보로노이	직접추가	메인	249500.0		-2374.0	35736727801.0	51779224010.0	38819475206.0							판정불가	일반	일반	2647.4798710371983	2647.4798710371983			N	N	27.63440860215054			63.76881720430108									1년	63.76881720430108							-4011.027894061175	-1.6076264104453608	판정불가		판정불가	1년	27.63440860215054		판정불가	N	주당FCF<=0 / 순현금차감PER<=0	제외	하드필터 미통과	18393521.0	주당FCF 음수; fs=2025:CFS,2024:CFS,2022:CFS,2020:NA
144	328130	루닛	직접추가	메인	18000.0		-1627.0	14110597196.0	7880560759.0	74459326891.0	18910194575.0						판정불가	일반	일반	-1793.3699440122289	-2439.7232525790805			Y	Y	-43.072078376487056												1년								-2215.168681814444	-12.306492676746911	판정불가		판정불가	1년	-43.072078376487056		판정불가	N	주당순현금<=0 / 주당FCF<=0 / 순현금차감PER<=0	제외	하드필터 미통과	29256746.0	주당순현금 음수(린치식); 주당순현금 음수(보수형); 단기위험부채 존재; 주당FCF 음수; fs=2025:CFS,2024:CFS,2022:CFS,2020:NA
145	365340	성일하이텍	직접추가	메인	66500.0		-6364.0	24711198330.0	2817327690.0	228283330907.0	204339994880.0						판정불가	일반	일반	-16407.640954567574	-33108.29860774997			Y	Y	-29.95817741580453												1년								-4817.302336424843	-7.244063663796756	판정불가		판정불가	1년	-29.95817741580453		판정불가	N	주당순현금<=0 / 주당FCF<=0 / 순현금차감PER<=0	제외	하드필터 미통과	12235446.0	주당순현금 음수(린치식); 주당순현금 음수(보수형); 단기위험부채 존재; 주당FCF 음수; fs=2025:CFS,2024:CFS,2022:CFS,2020:NA
146	358570	지아이이노베이션	직접추가	메인	11220.0		-604.0	39659957808.0	57298808526.0	0.0							판정불가	일반	일반	1517.9932052031195	1517.9932052031195			N	N	-54.58646616541354												1년								-623.7227005542921	-5.559025851642533	판정불가		판정불가	1년	-54.58646616541354		판정불가	N	주당FCF<=0 / 순현금차감PER<=0	제외	하드필터 미통과	63872991.0	주당FCF 음수; fs=2025:OFS,2024:OFS,2022:OFS,2020:NA
147	445680	큐리옥스바이오시스템즈	직접추가	메인	90200.0		-1645.0	14785429134.0	3000000000.0	309456371.0							판정불가	일반	일반	1020.8027591741111	1020.8027591741111			N	N	227.03777335984094			462.5755467196819									1년	462.5755467196819							-656.8578475619476	-0.7282237777848642	판정불가		판정불가	1년	227.03777335984094		판정불가	N	주당FCF<=0 / 순현금차감PER<=0	제외	하드필터 미통과	17119833.0	주당FCF 음수; fs=2025:CFS,2024:CFS,2022:NA,2020:NA
148	347850	디앤디파마텍	직접추가	메인	62100.0		-547.0	32883741893.0		4322566382.0							판정불가	일반	일반	656.044410518054	656.044410518054			N	N	-80.6234502302515												1년								-487.03695764576116	-0.7842785147274737	판정불가		판정불가	1년	-80.6234502302515		판정불가	N	주당FCF<=0 / 순현금차감PER<=0	제외	하드필터 미통과	43535430.0	주당FCF 음수; fs=2025:CFS,2024:CFS,2022:NA,2020:NA
149	466100	클로봇	직접추가	메인	40700.0		-87.0	13177362003.0	36087959658.0	1115132801.0							판정불가	일반	일반	1926.613358704511	1926.613358704511			N	N	-72.20447284345049												1년								-146.81091406381822	-0.3607147765695779	판정불가		판정불가	1년	-72.20447284345049		판정불가	N	주당FCF<=0 / 순현금차감PER<=0	제외	하드필터 미통과	24992139.0	주당FCF 음수; fs=2025:CFS,2024:CFS,2022:NA,2020:NA
150	091990	셀트리온헬스케어	직접추가	메인													판정불가	일반	일반					판정불가	판정불가													판정불가										판정불가		판정불가	판정불가			판정불가	N	주당순현금<=0 / 주당FCF<=0 / 순현금차감PER<=0	제외	하드필터 미통과		현재가 미수집; EPS 미추출; fs=2025:NA,2024:NA,2022:CFS,2020:CFS
